日期,开盘,收盘,最高,最低,成交量,振幅,涨跌幅,涨跌额,成交额
2019-12-20,0.671,0.668,0.672,0.666,1167304.0,0.9009009009008917,,,779759.072
2019-12-23,0.669,0.658,0.671,0.656,600428.0,2.286585365853666,-1.4970059880239583,-0.010000000000000009,395081.624
2019-12-24,0.661,0.664,0.665,0.656,201611.0,1.3719512195121908,0.911854103343468,0.006000000000000005,133869.704
2019-12-25,0.664,0.662,0.664,0.659,219647.0,0.7587253414264028,-0.3012048192771122,-0.0020000000000000018,145406.314
2019-12-26,0.663,0.669,0.671,0.662,788868.0,1.3595166163141936,1.0574018126888296,0.007000000000000006,527752.692
2019-12-27,0.668,0.669,0.675,0.668,719828.0,1.0479041916167775,0.0,0.0,481564.93200000003
2019-12-30,0.669,0.681,0.681,0.666,596910.0,2.2522522522522515,1.7937219730941756,0.01200000000000001,406495.71
2019-12-31,0.681,0.686,0.687,0.676,470645.0,1.6272189349112454,0.7342143906020615,0.0050000000000000044,322862.47000000003
2020-01-02,0.689,0.699,0.703,0.689,766440.0,2.0319303338171224,1.8950437317784008,0.0129999999999999,535741.5599999999
2020-01-03,0.699,0.699,0.701,0.694,429115.0,1.008645533141217,0.0,0.0,299951.385
2020-01-06,0.696,0.696,0.705,0.691,735132.0,2.026049204052094,-0.42918454935622075,-0.0030000000000000027,511651.872
2020-01-07,0.699,0.704,0.704,0.696,539392.0,1.1494252873563315,1.1494252873563315,0.008000000000000007,379731.968
2020-01-08,0.703,0.694,0.703,0.69,355464.0,1.8840579710144967,-1.4204545454545414,-0.010000000000000009,246692.01599999997
2020-01-09,0.703,0.703,0.705,0.698,430890.0,1.002865329512903,1.2968299711815678,0.009000000000000008,302915.67
2020-01-10,0.705,0.702,0.708,0.697,343948.0,1.5781922525107683,-0.14224751066855834,-0.0010000000000000009,241451.49599999998
2020-01-13,0.702,0.708,0.708,0.697,313417.0,1.5781922525107683,0.8547008547008517,0.006000000000000005,221899.23599999998
2020-01-14,0.71,0.71,0.718,0.709,705390.0,1.2693935119887145,0.28248587570620654,0.0020000000000000018,500826.89999999997
2020-01-15,0.709,0.706,0.71,0.702,210854.0,1.139601139601143,-0.5633802816901401,-0.0040000000000000036,148862.924
2020-01-16,0.707,0.701,0.708,0.698,360035.0,1.4326647564469885,-0.7082152974504208,-0.0050000000000000044,252384.53499999997
2020-01-17,0.703,0.701,0.706,0.699,247855.0,1.0014306151645114,0.0,0.0,173746.35499999998
2020-01-20,0.706,0.702,0.706,0.696,193229.0,1.4367816091954033,0.14265335235377208,0.0010000000000000009,135646.758
2020-01-21,0.701,0.685,0.701,0.684,401397.0,2.485380116959046,-2.4216524216524093,-0.016999999999999904,274956.945
2020-01-22,0.685,0.69,0.691,0.67,290386.0,3.1343283582089487,0.7299270072992581,0.004999999999999893,200366.34
2020-01-23,0.685,0.662,0.685,0.656,546335.0,4.4207317073170715,-4.057971014492745,-0.027999999999999914,361673.77
2020-02-03,0.568,0.576,0.609,0.566,668127.0,7.597173144876335,-12.990936555891253,-0.08600000000000008,384841.15199999994
2020-02-04,0.577,0.599,0.6,0.576,390005.0,4.166666666666674,3.993055555555558,0.02300000000000002,233612.995
2020-02-05,0.602,0.608,0.62,0.597,371742.0,3.8525963149078857,1.5025041736226985,0.009000000000000008,226019.136
2020-02-06,0.609,0.62,0.622,0.602,318640.0,3.322259136212624,1.9736842105263275,0.01200000000000001,197556.8
2020-02-07,0.615,0.622,0.623,0.61,237989.0,2.1311475409836023,0.3225806451612856,0.0020000000000000018,148029.158
2020-02-10,0.619,0.637,0.637,0.614,362595.0,3.7459283387622166,2.411575562700974,0.015000000000000013,230973.015
2020-02-11,0.637,0.64,0.644,0.632,256921.0,1.8987341772152,0.47095761381474865,0.0030000000000000027,164429.44
2020-02-12,0.641,0.646,0.647,0.636,192721.0,1.7295597484276781,0.9374999999999911,0.006000000000000005,124497.766
2020-02-13,0.646,0.642,0.65,0.641,237202.0,1.4040561622464809,-0.6191950464396245,-0.0040000000000000036,152283.684
2020-02-14,0.642,0.65,0.65,0.641,218700.0,1.4040561622464809,1.2461059190031154,0.008000000000000007,142155.0
2020-02-17,0.652,0.67,0.67,0.649,315456.0,3.2357473035439233,3.076923076923088,0.020000000000000018,211355.52000000002
2020-02-18,0.671,0.67,0.674,0.662,416260.0,1.812688821752273,0.0,0.0,278894.2
2020-02-19,0.671,0.668,0.674,0.666,220033.0,1.2012012012011963,-0.29850746268657025,-0.0020000000000000018,146982.044
2020-02-20,0.668,0.676,0.681,0.665,461548.0,2.4060150375939893,1.1976047904191711,0.008000000000000007,312006.44800000003
2020-02-21,0.678,0.682,0.688,0.678,477506.0,1.4749262536873031,0.8875739644970349,0.006000000000000005,325659.092
2020-02-24,0.683,0.677,0.683,0.669,336564.0,2.0926756352765308,-0.7331378299120228,-0.0050000000000000044,227853.828
2020-02-25,0.668,0.666,0.668,0.645,396144.0,3.56589147286821,-1.6248153618906969,-0.01100000000000001,263831.90400000004
2020-02-26,0.658,0.667,0.679,0.654,363163.0,3.822629969418956,0.15015015015014122,0.0010000000000000009,242229.72100000002
2020-02-27,0.668,0.669,0.675,0.666,233150.0,1.3513513513513598,0.2998500749625155,0.0020000000000000018,155977.35
2020-02-28,0.664,0.647,0.664,0.639,436077.0,3.912363067292657,-3.288490284005985,-0.02200000000000002,282141.819
2020-03-02,0.641,0.678,0.68,0.641,334010.0,6.0842433697347875,4.791344667697062,0.031000000000000028,226458.78000000003
2020-03-03,0.688,0.678,0.694,0.672,302733.0,3.273809523809512,0.0,0.0,205252.97400000002
2020-03-04,0.677,0.69,0.69,0.671,303417.0,2.8315946348733023,1.7699115044247593,0.0119999999999999,209357.72999999998
2020-03-05,0.696,0.702,0.703,0.692,406886.0,1.5895953757225412,1.7391304347826209,0.01200000000000001,285633.972
2020-03-06,0.698,0.692,0.698,0.688,239477.0,1.4534883720930258,-1.4245014245014231,-0.010000000000000009,165718.08399999997
2020-03-09,0.678,0.662,0.678,0.66,392247.0,2.7272727272727337,-4.33526011560692,-0.029999999999999916,259667.51400000002
2020-03-10,0.659,0.678,0.678,0.65,314313.0,4.307692307692301,2.4169184290030232,0.016000000000000014,213104.214
2020-03-11,0.678,0.67,0.683,0.669,219871.0,2.0926756352765308,-1.179941002949858,-0.008000000000000007,147313.57
2020-03-12,0.666,0.653,0.666,0.647,280457.0,2.9366306027820643,-2.5373134328358193,-0.017000000000000015,183138.421
2020-03-13,0.634,0.638,0.644,0.611,367072.0,5.400981996726673,-2.297090352220521,-0.015000000000000013,234191.93600000002
2020-03-16,0.641,0.612,0.641,0.606,360617.0,5.775577557755773,-4.075235109717868,-0.026000000000000023,220697.604
2020-03-17,0.612,0.607,0.622,0.587,310149.0,5.9625212947189254,-0.8169934640522847,-0.0050000000000000044,188260.443
2020-03-18,0.609,0.594,0.619,0.593,215798.0,4.384485666104565,-2.1416803953871466,-0.013000000000000012,128184.01199999999
2020-03-19,0.593,0.585,0.599,0.568,452244.0,5.457746478873249,-1.5151515151515138,-0.009000000000000008,264562.74
2020-03-20,0.593,0.599,0.599,0.582,173857.0,2.9209621993127266,2.3931623931623847,0.014000000000000012,104140.343
2020-03-23,0.585,0.571,0.585,0.569,273813.0,2.811950790861162,-4.6744574290484175,-0.028000000000000025,156347.223
2020-03-24,0.583,0.592,0.593,0.577,158872.0,2.772963604852685,3.677758318739066,0.02100000000000002,94052.224
2020-03-25,0.6,0.611,0.612,0.6,150571.0,2.0000000000000018,3.2094594594594517,0.019000000000000017,91998.881
2020-03-26,0.609,0.602,0.609,0.6,99952.0,1.5000000000000124,-1.4729950900163713,-0.009000000000000008,60171.104
2020-03-27,0.606,0.609,0.616,0.606,148504.0,1.650165016501659,1.1627906976744207,0.007000000000000006,90438.936
2020-03-30,0.602,0.596,0.602,0.588,152081.0,2.3809523809523725,-2.1346469622331665,-0.013000000000000012,90640.276
2020-03-31,0.601,0.593,0.603,0.592,139419.0,1.858108108108114,-0.5033557046979831,-0.0030000000000000027,82675.46699999999
2020-04-01,0.592,0.586,0.6,0.586,291791.0,2.3890784982935287,-1.180438448566612,-0.007000000000000006,170989.52599999998
2020-04-02,0.586,0.599,0.6,0.583,192638.0,2.9159519725557415,2.2184300341296925,0.013000000000000012,115390.162
2020-04-03,0.601,0.597,0.601,0.593,120398.0,1.3490725126475533,-0.33388981636059967,-0.0020000000000000018,71877.606
2020-04-07,0.607,0.612,0.614,0.606,163936.0,1.320132013201314,2.5125628140703515,0.015000000000000013,100328.832
2020-04-08,0.609,0.611,0.613,0.604,101067.0,1.490066225165565,-0.16339869281045694,-0.0010000000000000009,61751.937
2020-04-09,0.612,0.615,0.617,0.612,180174.0,0.8169934640522847,0.654664484451728,0.0040000000000000036,110807.01
2020-04-10,0.615,0.607,0.618,0.603,175654.0,2.487562189054726,-1.3008130081300862,-0.008000000000000007,106621.978
2020-04-13,0.599,0.604,0.606,0.598,98175.0,1.3377926421404673,-0.49423393739703725,-0.0030000000000000027,59297.7
2020-04-14,0.605,0.616,0.616,0.605,122761.0,1.81818181818183,1.9867549668874274,0.01200000000000001,75620.776
2020-04-15,0.616,0.611,0.617,0.61,142384.0,1.1475409836065653,-0.8116883116883078,-0.0050000000000000044,86996.624
2020-04-16,0.607,0.608,0.61,0.603,132368.0,1.1608623548922115,-0.49099836333879043,-0.0030000000000000027,80479.74399999999
2020-04-17,0.61,0.61,0.615,0.609,134804.0,0.9852216748768461,0.328947368421062,0.0020000000000000018,82230.44
2020-04-20,0.613,0.616,0.616,0.608,123922.0,1.3157894736842035,0.9836065573770592,0.006000000000000005,76335.952
2020-04-21,0.614,0.611,0.614,0.604,107485.0,1.655629139072845,-0.8116883116883078,-0.0050000000000000044,65673.33499999999
2020-04-22,0.608,0.616,0.616,0.604,144723.0,1.9867549668874274,0.8183306055646433,0.0050000000000000044,89149.368
2020-04-23,0.617,0.613,0.618,0.612,105337.0,0.9803921568627416,-0.48701298701299134,-0.0030000000000000027,64571.581
2020-04-24,0.613,0.606,0.616,0.604,218877.0,1.9867549668874274,-1.1419249592169667,-0.007000000000000006,132639.462
2020-04-27,0.606,0.613,0.617,0.606,127586.0,1.8151815181518094,1.1551155115511635,0.007000000000000006,78210.218
2020-04-28,0.617,0.61,0.617,0.59,130168.0,4.5762711864406835,-0.4893964110929905,-0.0030000000000000027,79402.48
2020-04-29,0.609,0.617,0.617,0.608,108135.0,1.4802631578947345,1.1475409836065653,0.007000000000000006,66719.295
2020-04-30,0.617,0.626,0.626,0.617,240247.0,1.4586709886547755,1.4586709886547755,0.009000000000000008,150394.622
2020-05-06,0.621,0.627,0.628,0.615,148342.0,2.1138211382113914,0.15974440894568342,0.0010000000000000009,93010.434
2020-05-07,0.625,0.628,0.628,0.622,117979.0,0.9646302250803762,0.15948963317384823,0.0010000000000000009,74090.812
2020-05-08,0.628,0.635,0.637,0.628,120390.0,1.4331210191082855,1.1146496815286566,0.007000000000000006,76447.65
2020-05-11,0.635,0.637,0.64,0.633,130411.0,1.1058451816745585,0.31496062992126816,0.0020000000000000018,83071.807
2020-05-12,0.637,0.633,0.637,0.626,95915.0,1.757188498402562,-0.6279434850863463,-0.0040000000000000036,60714.195
2020-05-13,0.633,0.634,0.635,0.625,94553.0,1.6000000000000014,0.15797788309637184,0.0010000000000000009,59946.602
2020-05-14,0.635,0.626,0.635,0.625,178271.0,1.6000000000000014,-1.2618296529968487,-0.008000000000000007,111597.646
2020-05-15,0.627,0.621,0.631,0.621,119889.0,1.6103059581320522,-0.7987220447284393,-0.0050000000000000044,74451.069
2020-05-18,0.622,0.623,0.628,0.618,81092.0,1.6181229773462702,0.32206119162641045,0.0020000000000000018,50520.316
2020-05-19,0.628,0.63,0.633,0.627,114399.0,0.9569377990430672,1.1235955056179803,0.007000000000000006,72071.37
2020-05-20,0.628,0.623,0.63,0.621,121257.0,1.449275362318847,-1.1111111111111072,-0.007000000000000006,75543.111
2020-05-21,0.624,0.618,0.627,0.617,96275.0,1.620745542949753,-0.8025682182985605,-0.0050000000000000044,59497.95
2020-05-22,0.618,0.603,0.622,0.601,177556.0,3.4941763727121433,-2.4271844660194164,-0.015000000000000013,107066.268
2020-05-25,0.603,0.609,0.609,0.601,114885.0,1.331114808652245,0.995024875621886,0.006000000000000005,69964.965
2020-05-26,0.608,0.614,0.614,0.608,114563.0,0.9868421052631637,0.8210180623973828,0.0050000000000000044,70341.682
2020-05-27,0.611,0.617,0.62,0.611,145003.0,1.4729950900163713,0.48859934853420217,0.0030000000000000027,89466.851
2020-05-28,0.617,0.618,0.623,0.611,112373.0,1.9639934533551617,0.16207455429497752,0.0010000000000000009,69446.514
2020-05-29,0.617,0.616,0.618,0.613,95205.0,0.815660685154973,-0.3236245954692518,-0.0020000000000000018,58646.28
2020-06-01,0.616,0.634,0.634,0.616,170580.0,2.922077922077926,2.922077922077926,0.018000000000000016,108147.72
2020-06-02,0.632,0.635,0.636,0.629,126136.0,1.11287758346581,0.1577287066246047,0.0010000000000000009,80096.36
2020-06-03,0.635,0.635,0.642,0.635,154959.0,1.1023622047244164,0.0,0.0,98398.965
2020-06-04,0.638,0.637,0.641,0.634,163543.0,1.1041009463722329,0.31496062992126816,0.0020000000000000018,104176.891
2020-06-05,0.636,0.634,0.639,0.63,203303.0,1.4285714285714235,-0.47095761381475976,-0.0030000000000000027,128894.102
2020-06-08,0.636,0.636,0.64,0.634,186395.0,0.9463722397476282,0.3154574132492094,0.0020000000000000018,118547.22
2020-06-09,0.637,0.64,0.64,0.637,142950.0,0.47095761381474865,0.6289308176100628,0.0040000000000000036,91488.0
2020-06-10,0.64,0.639,0.64,0.635,121593.0,0.7874015748031482,-0.15625000000000222,-0.0010000000000000009,77697.927
2020-06-11,0.639,0.631,0.639,0.628,100935.0,1.7515923566878921,-1.2519561815336422,-0.008000000000000007,63689.985
2020-06-12,0.628,0.631,0.631,0.617,111602.0,2.269043760129663,0.0,0.0,70420.862
2020-06-15,0.63,0.623,0.631,0.623,86766.0,1.284109149277679,-1.267828843106178,-0.008000000000000007,54055.218
2020-06-16,0.626,0.638,0.639,0.626,132564.0,2.076677316293929,2.4077046548956593,0.015000000000000013,84575.832
2020-06-17,0.638,0.639,0.641,0.636,130810.0,0.7861635220125729,0.15673981191222097,0.0010000000000000009,83587.59
2020-06-18,0.639,0.65,0.65,0.638,180955.0,1.8808777429467183,1.7214397496087663,0.01100000000000001,117620.75
2020-06-19,0.646,0.65,0.653,0.646,102989.0,1.0835913312693402,0.0,0.0,66942.85
2020-06-22,0.65,0.647,0.653,0.645,111856.0,1.240310077519391,-0.4615384615384577,-0.0030000000000000027,72370.83200000001
2020-06-23,0.647,0.647,0.649,0.641,94920.0,1.2480499219968744,0.0,0.0,61413.240000000005
2020-06-24,0.646,0.65,0.651,0.646,92921.0,0.7739938080495445,0.46367851622874934,0.0030000000000000027,60398.65
2020-06-29,0.649,0.646,0.649,0.642,80183.0,1.0903426791277315,-0.6153846153846176,-0.0040000000000000036,51798.218
2020-06-30,0.646,0.653,0.654,0.646,112761.0,1.238390092879249,1.0835913312693402,0.007000000000000006,73632.933
2020-07-01,0.652,0.67,0.671,0.652,331094.0,2.914110429447847,2.6033690658499253,0.017000000000000015,221832.98
2020-07-02,0.67,0.695,0.695,0.669,389218.0,3.886397608370684,3.731343283582067,0.02499999999999991,270506.51
2020-07-03,0.695,0.704,0.705,0.695,323237.0,1.4388489208633004,1.2949640287769792,0.009000000000000008,227558.848
2020-07-06,0.708,0.768,0.775,0.708,506840.0,9.463276836158197,9.090909090909104,0.06400000000000006,389253.12
2020-07-07,0.796,0.754,0.796,0.75,334580.0,6.133333333333346,-1.822916666666663,-0.014000000000000012,252273.32
2020-07-08,0.754,0.769,0.773,0.747,252156.0,3.4805890227576963,1.9893899204244114,0.015000000000000013,193907.964
2020-07-09,0.769,0.783,0.783,0.761,371486.0,2.890932982917227,1.820546163849146,0.014000000000000012,290873.538
2020-07-10,0.782,0.761,0.782,0.756,167950.0,3.4391534391534417,-2.8097062579821253,-0.02200000000000002,127809.95
2020-07-13,0.761,0.792,0.793,0.76,217412.0,4.342105263157903,4.073587385019706,0.031000000000000028,172190.304
2020-07-14,0.792,0.784,0.798,0.765,213642.0,4.313725490196085,-1.0101010101010055,-0.008000000000000007,167495.328
2020-07-15,0.785,0.767,0.792,0.761,106694.0,4.073587385019706,-2.168367346938782,-0.017000000000000015,81834.298
2020-07-16,0.768,0.734,0.777,0.732,284809.0,6.14754098360657,-4.30247718383312,-0.03300000000000003,209049.80599999998
2020-07-17,0.736,0.74,0.751,0.729,149365.0,3.0178326474622708,0.8174386920980936,0.006000000000000005,110530.1
2020-07-20,0.744,0.79,0.791,0.744,188953.0,6.317204301075274,6.756756756756754,0.050000000000000044,149272.87
2020-07-21,0.8,0.785,0.8,0.782,259346.0,2.3017902813299296,-0.6329113924050667,-0.0050000000000000044,203586.61000000002
2020-07-22,0.785,0.787,0.801,0.784,222986.0,2.168367346938771,0.2547770700636942,0.0020000000000000018,175489.98200000002
2020-07-23,0.782,0.776,0.789,0.755,222921.0,4.503311258278142,-1.3977128335451061,-0.01100000000000001,172986.696
2020-07-24,0.775,0.741,0.776,0.731,259357.0,6.1559507523939905,-4.510309278350522,-0.03500000000000003,192183.537
2020-07-27,0.743,0.733,0.746,0.726,121017.0,2.754820936639124,-1.0796221322537103,-0.008000000000000007,88705.461
2020-07-28,0.734,0.743,0.748,0.734,111733.0,1.9073569482288777,1.3642564802182733,0.010000000000000009,83017.619
2020-07-29,0.743,0.761,0.761,0.733,92803.0,3.8199181446112007,2.4226110363391617,0.018000000000000016,70623.083
2020-07-30,0.76,0.762,0.768,0.76,103351.0,1.0526315789473717,0.13140604467805073,0.0010000000000000009,78753.462
2020-07-31,0.761,0.77,0.778,0.757,105468.0,2.774108322324964,1.049868766404205,0.008000000000000007,81210.36
2020-08-03,0.77,0.793,0.794,0.77,146238.0,3.116883116883118,2.9870129870129825,0.02300000000000002,115966.73400000001
2020-08-04,0.793,0.796,0.803,0.788,143271.0,1.9035532994923887,0.3783102143757988,0.0030000000000000027,114043.716
2020-08-05,0.796,0.796,0.798,0.781,80168.0,2.176696542893719,0.0,0.0,63813.728
2020-08-06,0.796,0.796,0.801,0.782,110689.0,2.4296675191815886,0.0,0.0,88108.444
2020-08-07,0.796,0.788,0.796,0.775,92721.0,2.709677419354839,-1.005025125628145,-0.008000000000000007,73064.148
2020-08-10,0.787,0.804,0.807,0.785,136559.0,2.8025477707006363,2.0304568527918843,0.016000000000000014,109793.436
2020-08-11,0.804,0.795,0.815,0.79,107452.0,3.164556962025311,-1.1194029850746245,-0.009000000000000008,85424.34000000001
2020-08-12,0.794,0.788,0.794,0.768,161889.0,3.385416666666674,-0.8805031446540879,-0.007000000000000006,127568.532
2020-08-13,0.786,0.793,0.799,0.784,244496.0,1.913265306122458,0.6345177664974555,0.0050000000000000044,193885.328
2020-08-14,0.793,0.802,0.802,0.786,81871.0,2.035623409669207,1.1349306431273742,0.009000000000000008,65660.542
2020-08-17,0.802,0.822,0.828,0.802,109700.0,3.2418952618453734,2.4937655860348906,0.019999999999999907,90173.4
2020-08-18,0.822,0.827,0.828,0.82,108034.0,0.9756097560975618,0.6082725060827299,0.0050000000000000044,89344.118
2020-08-19,0.834,0.819,0.834,0.817,407722.0,2.080783353733162,-0.96735187424426,-0.008000000000000007,333924.31799999997
2020-08-20,0.819,0.81,0.819,0.806,183633.0,1.6129032258064502,-1.098901098901084,-0.008999999999999897,148742.73
2020-08-21,0.81,0.809,0.816,0.802,187652.0,1.74563591022443,-0.12345679012345512,-0.0010000000000000009,151810.46800000002
2020-08-24,0.81,0.815,0.82,0.808,49178.0,1.4851485148514643,0.7416563658837916,0.005999999999999894,40080.07
2020-08-25,0.816,0.818,0.827,0.814,73053.0,1.5970515970515908,0.36809815950920033,0.0030000000000000027,59757.354
2020-08-26,0.817,0.8,0.818,0.796,86324.0,2.7638190954773822,-2.2004889975550057,-0.017999999999999905,69059.2
2020-08-27,0.8,0.804,0.806,0.796,145263.0,1.2562814070351758,0.49999999999998934,0.0040000000000000036,116791.452
2020-08-28,0.8,0.826,0.827,0.8,151484.0,3.3749999999999947,2.736318407960181,0.02199999999999991,125125.784
2020-08-31,0.837,0.82,0.837,0.818,105892.0,2.3227383863080764,-0.7263922518159771,-0.006000000000000005,86831.43999999999
2020-09-01,0.82,0.822,0.822,0.812,96440.0,1.231527093596041,0.24390243902439046,0.0020000000000000018,79273.68
2020-09-02,0.822,0.821,0.826,0.812,84114.0,1.724137931034475,-0.12165450121655041,-0.0010000000000000009,69057.594
2020-09-03,0.822,0.821,0.83,0.817,61157.0,1.5911872705018482,0.0,0.0,50209.897
2020-09-04,0.798,0.819,0.819,0.798,84573.0,2.631578947368407,-0.24360535931789995,-0.0020000000000000018,69265.287
2020-09-07,0.813,0.803,0.826,0.801,94366.0,3.1210986267165897,-1.9536019536019467,-0.015999999999999903,75775.898
2020-09-08,0.805,0.813,0.813,0.798,80734.0,1.8796992481202812,1.245330012453283,0.009999999999999898,65636.742
2020-09-09,0.807,0.794,0.808,0.79,193588.0,2.27848101265824,-2.337023370233693,-0.018999999999999906,153708.872
2020-09-10,0.798,0.785,0.804,0.783,69921.0,2.6819923371647514,-1.133501259445846,-0.009000000000000008,54887.985
2020-09-11,0.786,0.791,0.791,0.777,59301.0,1.8018018018018056,0.7643312101910826,0.006000000000000005,46907.091
2020-09-14,0.792,0.796,0.796,0.787,164292.0,1.1435832274459878,0.6321112515802696,0.0050000000000000044,130776.432
2020-09-15,0.796,0.8,0.8,0.789,162436.0,1.3941698352344822,0.5025125628140614,0.0040000000000000036,129948.8
2020-09-16,0.799,0.799,0.804,0.795,142749.0,1.132075471698113,-0.12499999999999734,-0.0010000000000000009,114056.451
2020-09-17,0.8,0.804,0.811,0.796,158618.0,1.8844221105527748,0.6257822277847325,0.0050000000000000044,127528.872
2020-09-18,0.805,0.825,0.825,0.804,150229.0,2.6119402985074425,2.6119402985074425,0.020999999999999908,123938.92499999999
2020-09-21,0.825,0.816,0.827,0.814,102777.0,1.5970515970515908,-1.0909090909090868,-0.009000000000000008,83866.03199999999
2020-09-22,0.817,0.801,0.817,0.799,120412.0,2.252816020025028,-1.8382352941176405,-0.014999999999999902,96450.012
2020-09-23,0.801,0.804,0.806,0.801,95993.0,0.6242197253433224,0.3745318352059934,0.0030000000000000027,77178.372
2020-09-24,0.8,0.783,0.801,0.781,150049.0,2.5608194622279257,-2.6119402985074647,-0.02100000000000002,117488.367
2020-09-25,0.783,0.775,0.787,0.771,176408.0,2.075226977950706,-1.0217113665389577,-0.008000000000000007,136716.2
2020-09-28,0.777,0.775,0.782,0.774,129977.0,1.033591731266159,0.0,0.0,100732.175
2020-09-29,0.778,0.786,0.787,0.777,215572.0,1.287001287001277,1.4193548387096744,0.01100000000000001,169439.592
2020-09-30,0.787,0.776,0.789,0.771,139446.0,2.3346303501945442,-1.2722646310432628,-0.010000000000000009,108210.096
2020-10-09,0.788,0.799,0.802,0.783,143332.0,2.426564495530026,2.9639175257732076,0.02300000000000002,114522.26800000001
2020-10-12,0.793,0.828,0.829,0.793,143084.0,4.5397225725094525,3.6295369211514217,0.028999999999999915,118473.552
2020-10-13,0.83,0.831,0.832,0.822,142277.0,1.2165450121654597,0.36231884057971175,0.0030000000000000027,118232.18699999999
2020-10-14,0.83,0.829,0.832,0.826,162076.0,0.7263922518159882,-0.24067388688326918,-0.0020000000000000018,134361.004
2020-10-15,0.829,0.826,0.829,0.823,156698.0,0.7290400972053579,-0.3618817852834799,-0.0030000000000000027,129432.548
2020-10-16,0.826,0.829,0.833,0.824,174787.0,1.0922330097087318,0.363196125907983,0.0030000000000000027,144898.42299999998
2020-10-19,0.826,0.821,0.839,0.817,166917.0,2.692778457772338,-0.965018094089265,-0.008000000000000007,137038.857
2020-10-20,0.82,0.821,0.822,0.812,144845.0,1.231527093596041,0.0,0.0,118917.745
2020-10-21,0.821,0.819,0.822,0.812,113271.0,1.231527093596041,-0.24360535931789995,-0.0020000000000000018,92768.949
2020-10-22,0.817,0.811,0.817,0.807,139701.0,1.2391573729863659,-0.9768009768009622,-0.007999999999999896,113297.51100000001
2020-10-23,0.811,0.811,0.817,0.805,143193.0,1.4906832298136496,0.0,0.0,116129.523
2020-10-26,0.819,0.803,0.819,0.792,214176.0,3.409090909090895,-0.9864364981504337,-0.008000000000000007,171983.328
2020-10-27,0.803,0.801,0.803,0.794,189246.0,1.133501259445846,-0.24906600249066102,-0.0020000000000000018,151586.046
2020-10-28,0.802,0.801,0.802,0.79,170441.0,1.51898734177216,0.0,0.0,136523.241
2020-10-29,0.8,0.808,0.81,0.789,164389.0,2.6615969581749166,0.8739076154806513,0.007000000000000006,132826.312
2020-10-30,0.808,0.789,0.81,0.787,188316.0,2.9224904701397714,-2.3514851485148536,-0.019000000000000017,148581.324
2020-11-02,0.789,0.801,0.801,0.787,93358.0,1.7789072426937835,1.520912547528508,0.01200000000000001,74779.758
2020-11-03,0.802,0.814,0.814,0.802,127052.0,1.4962593516209433,1.622971285892616,0.0129999999999999,103420.328
2020-11-04,0.814,0.82,0.823,0.812,87223.0,1.3546798029556495,0.7371007371007376,0.006000000000000005,71522.86
2020-11-05,0.829,0.839,0.839,0.825,151650.0,1.696969696969708,2.3170731707317094,0.019000000000000017,127234.34999999999
2020-11-06,0.839,0.84,0.84,0.832,119944.0,0.9615384615384581,0.11918951132301459,0.0010000000000000009,100752.95999999999
2020-11-09,0.841,0.859,0.86,0.841,152071.0,2.2592152199762294,2.261904761904754,0.019000000000000017,130628.989
2020-11-10,0.869,0.856,0.87,0.852,172416.0,2.1126760563380254,-0.34924330616996624,-0.0030000000000000027,147588.096
2020-11-11,0.864,0.861,0.868,0.852,156456.0,1.8779342723004744,0.5841121495327117,0.0050000000000000044,134708.616
2020-11-12,0.864,0.867,0.867,0.857,210124.0,1.1668611435239118,0.6968641114982521,0.006000000000000005,182177.508
2020-11-13,0.867,0.86,0.867,0.848,97366.0,2.2405660377358583,-0.8073817762399127,-0.007000000000000006,83734.76
2020-11-16,0.864,0.882,0.883,0.86,161087.0,2.674418604651163,2.55813953488373,0.02200000000000002,142078.734
2020-11-17,0.884,0.891,0.891,0.881,113144.0,1.1350737797956922,1.0204081632652962,0.009000000000000008,100811.304
2020-11-18,0.891,0.894,0.896,0.884,127256.0,1.3574660633484115,0.33670033670034627,0.0030000000000000027,113766.864
2020-11-19,0.897,0.89,0.897,0.883,178536.0,1.5855039637599155,-0.4474272930648726,-0.0040000000000000036,158897.04
2020-11-20,0.889,0.896,0.896,0.884,111358.0,1.3574660633484115,0.6741573033707926,0.006000000000000005,99776.768
2020-11-23,0.897,0.913,0.918,0.896,172093.0,2.4553571428571397,1.8973214285714413,0.017000000000000015,157120.909
2020-11-24,0.911,0.908,0.911,0.903,176752.0,0.8859357696566983,-0.5476451259583848,-0.0050000000000000044,160490.816
2020-11-25,0.908,0.893,0.914,0.892,111656.0,2.4663677130044803,-1.6519823788546217,-0.015000000000000013,99708.808
2020-11-26,0.894,0.888,0.894,0.879,126768.0,1.7064846416382284,-0.5599104143337086,-0.0050000000000000044,112569.984
2020-11-27,0.888,0.896,0.897,0.882,99714.0,1.7006802721088343,0.9009009009008917,0.008000000000000007,89343.744
2020-11-30,0.896,0.887,0.906,0.884,140970.0,2.488687782805421,-1.0044642857142905,-0.009000000000000008,125040.39
2020-12-01,0.886,0.898,0.899,0.88,108524.0,2.1590909090909216,1.2401352874858995,0.01100000000000001,97454.552
2020-12-02,0.899,0.899,0.903,0.894,63094.0,1.0067114093959662,0.11135857461024301,0.0010000000000000009,56721.506
2020-12-03,0.898,0.891,0.898,0.886,94758.0,1.3544018058690765,-0.8898776418242549,-0.008000000000000007,84429.378
2020-12-04,0.893,0.893,0.893,0.881,94852.0,1.3620885357548351,0.22446689113355678,0.0020000000000000018,84702.836
2020-12-07,0.895,0.882,0.896,0.88,101382.0,1.81818181818183,-1.2318029115341522,-0.01100000000000001,89418.924
2020-12-08,0.889,0.877,0.889,0.872,71533.0,1.9495412844036775,-0.5668934240362855,-0.0050000000000000044,62734.441
2020-12-09,0.877,0.863,0.88,0.86,74297.0,2.3255813953488413,-1.5963511972634015,-0.014000000000000012,64118.311
2020-12-10,0.864,0.866,0.87,0.859,94715.0,1.2805587892898762,0.34762456546928444,0.0030000000000000027,82023.19
2020-12-11,0.866,0.855,0.868,0.847,153323.0,2.4793388429751984,-1.2702078521939941,-0.01100000000000001,131091.165
2020-12-14,0.855,0.845,0.856,0.839,183048.0,2.0262216924910703,-1.1695906432748537,-0.010000000000000009,154675.56
2020-12-15,0.844,0.841,0.844,0.83,141694.0,1.6867469879518149,-0.4733727810650845,-0.0040000000000000036,119164.654
2020-12-16,0.841,0.837,0.842,0.832,53797.0,1.2019230769230838,-0.47562425683710385,-0.0040000000000000036,45028.089
2020-12-17,0.837,0.849,0.849,0.825,143366.0,2.9090909090909056,1.4336917562723928,0.01200000000000001,121717.734
2020-12-18,0.847,0.85,0.856,0.845,97919.0,1.3017751479289963,0.11778563015312216,0.0010000000000000009,83231.15
2020-12-21,0.85,0.852,0.857,0.844,126099.0,1.540284360189581,0.23529411764706687,0.0020000000000000018,107436.348
2020-12-22,0.852,0.83,0.852,0.827,130588.0,3.022974607013307,-2.5821596244131495,-0.02200000000000002,108388.04
2020-12-23,0.83,0.829,0.835,0.826,107827.0,1.0895883777239712,-0.12048192771084709,-0.0010000000000000009,89388.583
2020-12-24,0.829,0.821,0.83,0.816,142117.0,1.7156862745097978,-0.965018094089265,-0.008000000000000007,116678.05699999999
2020-12-25,0.823,0.827,0.831,0.814,128817.0,2.0884520884520974,0.730816077953711,0.006000000000000005,106531.659
2020-12-28,0.828,0.819,0.828,0.815,185660.0,1.595092024539868,-0.96735187424426,-0.008000000000000007,152055.53999999998
2020-12-29,0.82,0.811,0.822,0.809,93467.0,1.606922126081578,-0.9768009768009622,-0.007999999999999896,75801.73700000001
2020-12-30,0.811,0.813,0.817,0.807,65878.0,1.2391573729863659,0.2466091245376001,0.0019999999999998908,53558.814
2020-12-31,0.814,0.822,0.822,0.814,97332.0,0.9828009828009909,1.1070110701107083,0.009000000000000008,80006.904
2021-01-04,0.822,0.827,0.827,0.816,145994.0,1.3480392156862697,0.6082725060827299,0.0050000000000000044,120737.038
2021-01-05,0.826,0.827,0.827,0.813,176946.0,1.7220172201722006,0.0,0.0,146334.342
2021-01-06,0.826,0.831,0.833,0.821,104617.0,1.461632155907422,0.48367593712213,0.0040000000000000036,86936.727
2021-01-07,0.83,0.823,0.832,0.815,116697.0,2.0858895705521574,-0.9626955475330989,-0.008000000000000007,96041.631
2021-01-08,0.823,0.827,0.83,0.814,99591.0,1.9656019656019597,0.4860267314702238,0.0040000000000000036,82361.757
2021-01-11,0.827,0.815,0.828,0.812,141888.0,1.9704433497536922,-1.45102781136639,-0.01200000000000001,115638.71999999999
2021-01-12,0.815,0.823,0.823,0.811,140256.0,1.479654747225645,0.9815950920245342,0.008000000000000007,115430.688
2021-01-13,0.822,0.822,0.824,0.814,118775.0,1.228501228501222,-0.12150668286755595,-0.0010000000000000009,97633.04999999999
2021-01-14,0.822,0.817,0.823,0.813,92987.0,1.2300123001230068,-0.6082725060827299,-0.0050000000000000044,75970.379
2021-01-15,0.816,0.824,0.826,0.815,123164.0,1.3496932515337345,0.8567931456548328,0.007000000000000006,101487.136
2021-01-18,0.824,0.833,0.833,0.824,163210.0,1.0922330097087318,1.0922330097087318,0.009000000000000008,135953.93
2021-01-19,0.834,0.838,0.846,0.828,133847.0,2.1739130434782705,0.6002400960384069,0.0050000000000000044,112163.786
2021-01-20,0.839,0.837,0.841,0.832,130067.0,1.081730769230771,-0.11933174224343368,-0.0010000000000000009,108866.079
2021-01-21,0.836,0.844,0.846,0.834,167609.0,1.4388489208633004,0.8363201911589124,0.007000000000000006,141461.99599999998
2021-01-22,0.851,0.833,0.851,0.827,161165.0,2.90205562273278,-1.3033175355450233,-0.01100000000000001,134250.445
2021-01-25,0.831,0.818,0.831,0.814,207941.0,2.0884520884520974,-1.8007202881152429,-0.015000000000000013,170095.73799999998
2021-01-26,0.819,0.808,0.819,0.805,145879.0,1.7391304347825987,-1.2224938875305513,-0.009999999999999898,117870.232
2021-01-27,0.807,0.808,0.815,0.806,107479.0,1.1166253101736912,0.0,0.0,86843.032
2021-01-28,0.807,0.795,0.807,0.792,233784.0,1.8939393939394034,-1.6089108910891103,-0.013000000000000012,185858.28
2021-01-29,0.799,0.788,0.8,0.778,949653.0,2.8277634961439535,-0.8805031446540879,-0.007000000000000006,748326.564
2021-02-01,0.787,0.797,0.797,0.781,202508.0,2.0486555697823317,1.1421319796954377,0.009000000000000008,161398.87600000002
2021-02-02,0.802,0.803,0.804,0.796,120112.0,1.005025125628145,0.7528230865746499,0.006000000000000005,96449.936
2021-02-03,0.804,0.796,0.804,0.792,116622.0,1.5151515151515138,-0.8717310087173136,-0.007000000000000006,92831.11200000001
2021-02-04,0.794,0.786,0.795,0.776,306529.0,2.448453608247414,-1.2562814070351758,-0.010000000000000009,240931.79400000002
2021-02-05,0.787,0.787,0.794,0.784,307531.0,1.2755102040816313,0.12722646310432406,0.0010000000000000009,242026.897
2021-02-08,0.788,0.798,0.801,0.787,182138.0,1.7789072426937835,1.3977128335451061,0.01100000000000001,145346.124
2021-02-09,0.799,0.814,0.815,0.797,106874.0,2.2584692597239497,2.0050125313282985,0.015999999999999903,86995.43599999999
2021-02-10,0.814,0.82,0.823,0.813,110933.0,1.2300123001230068,0.7371007371007376,0.006000000000000005,90965.06
2021-02-18,0.839,0.844,0.848,0.831,933149.0,2.0457280385078214,2.9268292682926855,0.02400000000000002,787577.7559999999
2021-02-19,0.844,0.867,0.868,0.842,247226.0,3.087885985748229,2.7251184834123254,0.02300000000000002,214344.942
2021-02-22,0.872,0.878,0.898,0.869,366668.0,3.3371691599539677,1.2687427912341454,0.01100000000000001,321934.504
2021-02-23,0.88,0.871,0.88,0.866,200846.0,1.616628175519641,-0.7972665148063829,-0.007000000000000006,174936.866
2021-02-24,0.871,0.857,0.875,0.851,149147.0,2.820211515863691,-1.6073478760045945,-0.014000000000000012,127818.97899999999
2021-02-25,0.861,0.876,0.881,0.861,155516.0,2.3228803716608626,2.2170361726954413,0.019000000000000017,136232.016
2021-02-26,0.868,0.85,0.869,0.849,130420.0,2.355712603062421,-2.9680365296803735,-0.026000000000000023,110857.0
2021-03-01,0.849,0.874,0.874,0.849,128339.0,2.9446407538280317,2.8235294117647136,0.02400000000000002,112168.286
2021-03-02,0.875,0.865,0.881,0.856,445043.0,2.9205607476635587,-1.0297482837528626,-0.009000000000000008,384962.195
2021-03-03,0.865,0.888,0.889,0.864,828856.0,2.893518518518512,2.6589595375722475,0.02300000000000002,736024.128
2021-03-04,0.887,0.881,0.891,0.876,203433.0,1.7123287671232834,-0.7882882882882858,-0.007000000000000006,179224.473
2021-03-05,0.861,0.876,0.879,0.861,145944.0,2.0905923344947785,-0.5675368898978461,-0.0050000000000000044,127846.944
2021-03-08,0.876,0.864,0.888,0.862,154028.0,3.0162412993039567,-1.3698630136986356,-0.01200000000000001,133080.192
2021-03-09,0.861,0.853,0.873,0.837,158040.0,4.3010752688172005,-1.273148148148151,-0.01100000000000001,134808.12
2021-03-10,0.855,0.849,0.861,0.845,176105.0,1.8934911242603603,-0.4689331770222793,-0.0040000000000000036,149513.145
2021-03-11,0.852,0.872,0.873,0.847,206093.0,3.0696576151121535,2.7090694935217874,0.02300000000000002,179713.096
2021-03-12,0.873,0.883,0.885,0.87,268707.0,1.724137931034475,1.2614678899082632,0.01100000000000001,237268.281
2021-03-15,0.883,0.885,0.893,0.875,315386.0,2.0571428571428685,0.22650056625141968,0.0020000000000000018,279116.61
2021-03-16,0.886,0.892,0.893,0.876,153385.0,1.9406392694063967,0.7909604519773961,0.007000000000000006,136819.42
2021-03-17,0.893,0.887,0.893,0.878,200029.0,1.7084282460136713,-0.5605381165919243,-0.0050000000000000044,177425.723
2021-03-18,0.889,0.891,0.897,0.887,215524.0,1.1273957158962844,0.4509582863585049,0.0040000000000000036,192031.884
2021-03-19,0.888,0.88,0.89,0.874,159366.0,1.8306636155606348,-1.2345679012345734,-0.01100000000000001,140242.08
2021-03-22,0.879,0.896,0.896,0.879,152461.0,1.9340159271899804,1.81818181818183,0.016000000000000014,136605.056
2021-03-23,0.896,0.881,0.897,0.876,288148.0,2.397260273972601,-1.6741071428571397,-0.015000000000000013,253858.388
2021-03-24,0.881,0.866,0.881,0.86,312958.0,2.4418604651162745,-1.7026106696935273,-0.015000000000000013,271021.628
2021-03-25,0.867,0.86,0.867,0.857,85708.0,1.1668611435239118,-0.6928406466512715,-0.006000000000000005,73708.88
2021-03-26,0.861,0.872,0.874,0.86,121692.0,1.6279069767441978,1.3953488372093092,0.01200000000000001,106115.424
2021-03-29,0.872,0.887,0.89,0.872,254460.0,2.064220183486243,1.7201834862385246,0.015000000000000013,225706.02
2021-03-30,0.881,0.887,0.887,0.875,80167.0,1.371428571428579,0.0,0.0,71108.129
2021-03-31,0.886,0.883,0.886,0.875,73088.0,1.2571428571428678,-0.450958286358516,-0.0040000000000000036,64536.704
2021-04-01,0.884,0.893,0.894,0.879,83433.0,1.7064846416382284,1.1325028312570762,0.010000000000000009,74505.669
2021-04-02,0.894,0.885,0.894,0.882,95633.0,1.3605442176870763,-0.895856662933936,-0.008000000000000007,84635.205
2021-04-06,0.884,0.888,0.892,0.869,111616.0,2.6467203682393636,0.3389830508474523,0.0030000000000000027,99115.008
2021-04-07,0.889,0.897,0.898,0.884,192900.0,1.5837104072398134,1.0135135135135087,0.009000000000000008,173031.30000000002
2021-04-08,0.899,0.896,0.904,0.891,167893.0,1.4590347923681302,-0.11148272017836858,-0.0010000000000000009,150432.128
2021-04-09,0.896,0.896,0.9,0.891,119127.0,1.0101010101010166,0.0,0.0,106737.792
2021-04-12,0.897,0.894,0.904,0.889,139125.0,1.6872890888638858,-0.22321428571429047,-0.0020000000000000018,124377.75
2021-04-13,0.896,0.884,0.896,0.88,130186.0,1.81818181818183,-1.1185682326621982,-0.010000000000000009,115084.424
2021-04-14,0.884,0.889,0.893,0.881,88503.0,1.3620885357548351,0.5656108597285048,0.0050000000000000044,78679.167
2021-04-15,0.889,0.893,0.893,0.885,101678.0,0.9039548022598876,0.4499437570303799,0.0040000000000000036,90798.454
2021-04-16,0.893,0.906,0.907,0.893,122489.0,1.5677491601343796,1.4557670772676445,0.013000000000000012,110975.034
2021-04-19,0.906,0.914,0.915,0.901,136666.0,1.5538290788013276,0.8830022075055233,0.008000000000000007,124912.724
2021-04-20,0.914,0.915,0.92,0.91,163046.0,1.098901098901095,0.1094091903719896,0.0010000000000000009,149187.09
2021-04-21,0.915,0.911,0.915,0.903,130273.0,1.3289036544850585,-0.43715846994535346,-0.0040000000000000036,118678.70300000001
2021-04-22,0.911,0.915,0.925,0.911,162016.0,1.5367727771679496,0.4390779363337094,0.0040000000000000036,148244.64
2021-04-23,0.917,0.914,0.917,0.906,156640.0,1.2141280353200834,-0.10928961748634114,-0.0010000000000000009,143168.96
2021-04-26,0.914,0.906,0.921,0.905,143423.0,1.7679558011049812,-0.8752735229759279,-0.008000000000000007,129941.238
2021-04-27,0.906,0.906,0.909,0.895,149568.0,1.5642458100558754,0.0,0.0,135508.608
2021-04-28,0.906,0.914,0.915,0.898,96226.0,1.8930957683741756,0.8830022075055233,0.008000000000000007,87950.564
2021-04-29,0.914,0.922,0.924,0.91,132814.0,1.538461538461533,0.875273522975939,0.008000000000000007,122454.508
2021-04-30,0.923,0.919,0.923,0.912,192349.0,1.206140350877205,-0.32537960954447387,-0.0030000000000000027,176768.731
2021-05-06,0.918,0.934,0.936,0.918,150703.0,1.9607843137254832,1.6322089227421177,0.015000000000000013,140756.602
2021-05-07,0.939,0.937,0.947,0.929,167796.0,1.9375672766415386,0.3211991434689532,0.0030000000000000027,157224.852
2021-05-10,0.938,0.946,0.947,0.935,211759.0,1.2834224598930355,0.9605122732123661,0.008999999999999897,200324.014
2021-05-11,0.946,0.936,0.946,0.915,192280.0,3.3879781420764976,-1.0570824524312794,-0.009999999999999898,179974.08000000002
2021-05-12,0.936,0.946,0.947,0.933,133132.0,1.5005359056806,1.0683760683760646,0.009999999999999898,125942.87199999999
2021-05-13,0.946,0.933,0.946,0.93,133574.0,1.7204301075268713,-1.37420718816067,-0.0129999999999999,124624.542
2021-05-14,0.933,0.942,0.945,0.933,154026.0,1.2861736334405016,0.9646302250803762,0.008999999999999897,145092.492
2021-05-17,0.942,0.938,0.945,0.935,173844.0,1.0695187165775222,-0.424628450106157,-0.0040000000000000036,163065.672
2021-05-18,0.938,0.945,0.947,0.936,201087.0,1.175213675213671,0.746268656716409,0.007000000000000006,190027.215
2021-05-19,0.946,0.947,0.949,0.941,91964.0,0.8501594048884176,0.2116402116402183,0.0020000000000000018,87089.908
2021-05-20,0.947,0.93,0.947,0.926,201020.0,2.2678185745140356,-1.7951425554382117,-0.016999999999999904,186948.6
2021-05-21,0.93,0.935,0.941,0.929,129864.0,1.2917115177610183,0.5376344086021501,0.0050000000000000044,121422.84000000001
2021-05-24,0.934,0.942,0.945,0.934,104194.0,1.1777301927194728,0.7486631016042633,0.006999999999999895,98150.74799999999
2021-05-25,0.943,0.957,0.96,0.941,124090.0,2.0191285866099973,1.5923566878981,0.015000000000000013,118754.12999999999
2021-05-26,0.961,0.967,0.97,0.958,147801.0,1.2526096033403045,1.0449320794148287,0.010000000000000009,142923.567
2021-05-27,0.967,0.975,0.976,0.961,116363.0,1.5608740894901052,0.8273009307135482,0.008000000000000007,113453.925
2021-05-28,0.974,0.977,0.985,0.972,264317.0,1.337448559670773,0.20512820512821328,0.0020000000000000018,258237.709
2021-05-31,0.977,0.988,0.988,0.97,238156.0,1.855670103092777,1.1258955987717423,0.01100000000000001,235298.128
2021-06-01,0.988,0.998,0.999,0.977,121700.0,2.2517911975435068,1.0121457489878471,0.010000000000000009,121456.6
2021-06-02,0.999,0.99,1.0,0.984,193122.0,1.6260162601626105,-0.8016032064128265,-0.008000000000000007,191190.78
2021-06-03,0.991,0.992,1.0,0.987,201449.0,1.317122593718345,0.20202020202020332,0.0020000000000000018,199837.408
2021-06-04,0.991,0.987,0.993,0.978,124855.0,1.5337423312883347,-0.5040322580645129,-0.0050000000000000044,123231.885
2021-06-07,0.984,0.984,0.988,0.979,107125.0,0.9193054136874323,-0.3039513677811523,-0.0030000000000000027,105411.0
2021-06-08,0.984,0.976,0.989,0.975,130385.0,1.4358974358974264,-0.8130081300813052,-0.008000000000000007,127255.76
2021-06-09,0.976,0.981,0.987,0.976,181037.0,1.127049180327866,0.5122950819672178,0.0050000000000000044,177597.297
2021-06-10,0.982,0.989,0.991,0.977,191532.0,1.4329580348004134,0.815494393476035,0.008000000000000007,189425.148
2021-06-11,0.987,0.981,0.992,0.981,162909.0,1.1213047910295648,-0.8088978766430777,-0.008000000000000007,159813.729
2021-06-15,0.982,0.974,0.988,0.969,211003.0,1.9607843137254832,-0.7135575942915362,-0.007000000000000006,205516.922
2021-06-16,0.972,0.958,0.973,0.954,286160.0,1.991614255765195,-1.642710472279263,-0.016000000000000014,274141.27999999997
2021-06-17,0.958,0.956,0.964,0.953,318899.0,1.1542497376705096,-0.20876826722338038,-0.0020000000000000018,304867.44399999996
2021-06-18,0.96,0.958,0.961,0.949,222603.0,1.2644889357218192,0.20920502092049986,0.0020000000000000018,213253.674
2021-06-21,0.958,0.964,0.965,0.952,127838.0,1.36554621848739,0.6263048016701411,0.006000000000000005,123235.832
2021-06-22,0.964,0.98,0.981,0.963,176419.0,1.869158878504673,1.6597510373443924,0.016000000000000014,172890.62
2021-06-23,0.982,0.997,1.0,0.979,186075.0,2.1450459652706755,1.73469387755103,0.017000000000000015,185516.775
2021-06-24,0.997,0.997,1.003,0.99,108246.0,1.3131313131313105,0.0,0.0,107921.262
2021-06-25,0.996,1.002,1.005,0.993,127003.0,1.2084592145015005,0.5015045135406293,0.0050000000000000044,127257.006
2021-06-28,1.002,0.993,1.003,0.989,163821.0,1.415571284125372,-0.8982035928143728,-0.009000000000000008,162674.253
2021-06-29,0.993,0.993,0.997,0.985,131165.0,1.2182741116751217,0.0,0.0,130246.845
2021-06-30,0.992,0.996,0.999,0.989,124433.0,1.0111223458038499,0.30211480362538623,0.0030000000000000027,123935.268
2021-07-01,0.996,0.992,1.002,0.985,187007.0,1.7258883248731038,-0.40160642570281624,-0.0040000000000000036,185510.944
2021-07-02,0.992,0.983,0.992,0.979,164443.0,1.3278855975485282,-0.9072580645161255,-0.009000000000000008,161647.469
2021-07-05,0.983,0.984,0.989,0.978,175027.0,1.1247443762781195,0.10172939979653517,0.0010000000000000009,172226.568
2021-07-06,0.984,0.983,0.986,0.971,124848.0,1.5447991761071034,-0.10162601626015899,-0.0010000000000000009,122725.584
2021-07-07,0.983,0.987,0.988,0.975,154488.0,1.333333333333342,0.4069175991861629,0.0040000000000000036,152479.656
2021-07-08,0.987,0.965,0.987,0.961,192203.0,2.7055150884495394,-2.228976697061802,-0.02200000000000002,185475.895
2021-07-09,0.964,0.979,0.98,0.96,174043.0,2.083333333333326,1.4507772020725396,0.014000000000000012,170388.097
2021-07-12,0.983,0.988,0.995,0.983,234504.0,1.2207527975584886,0.9193054136874323,0.009000000000000008,231689.952
2021-07-13,0.988,0.998,0.999,0.986,195168.0,1.3184584178498993,1.0121457489878471,0.010000000000000009,194777.664
2021-07-14,0.998,0.992,1.002,0.99,199623.0,1.21212121212122,-0.6012024048096198,-0.006000000000000005,198026.016
2021-07-15,0.992,1.0,1.0,0.981,148034.0,1.9367991845055998,0.8064516129032251,0.008000000000000007,148034.0
2021-07-16,1.001,1.001,1.008,0.995,194337.0,1.306532663316573,0.09999999999998899,0.0009999999999998899,194531.33699999997
2021-07-19,1.002,1.0,1.008,0.995,171146.0,1.306532663316573,-0.09990009990008542,-0.0009999999999998899,171146.0
2021-07-20,0.996,0.994,0.996,0.984,153394.0,1.2195121951219523,-0.6000000000000005,-0.006000000000000005,152473.636
2021-07-21,0.994,0.997,1.006,0.992,304654.0,1.4112903225806495,0.3018108651911433,0.0030000000000000027,303740.038
2021-07-22,0.998,1.01,1.011,0.997,307820.0,1.4042126379137265,1.3039117352056095,0.013000000000000012,310898.2
2021-07-23,1.01,0.997,1.014,0.993,222181.0,2.114803625377637,-1.2871287128712883,-0.013000000000000012,221514.457
2021-07-26,0.997,0.969,0.998,0.961,270001.0,3.8501560874089513,-2.8084252758274864,-0.028000000000000025,261630.96899999998
2021-07-27,0.969,0.936,0.979,0.934,234099.0,4.817987152034253,-3.4055727554179516,-0.03299999999999992,219116.66400000002
2021-07-28,0.914,0.923,0.936,0.907,214956.0,3.197353914002199,-1.388888888888895,-0.013000000000000012,198404.388
2021-07-29,0.929,0.937,0.94,0.927,182957.0,1.4023732470334282,1.5167930660888507,0.014000000000000012,171430.709
2021-07-30,0.942,0.948,0.951,0.931,185678.0,2.1482277121374738,1.1739594450373314,0.010999999999999899,176022.74399999998
2021-08-02,0.948,0.955,0.955,0.929,178598.0,2.7987082884822323,0.7383966244725704,0.007000000000000006,170561.09
2021-08-03,0.943,0.94,0.954,0.937,196932.0,1.8143009605122717,-1.5706806282722474,-0.015000000000000013,185116.08
2021-08-04,0.94,0.955,0.956,0.94,221176.0,1.7021276595744705,1.5957446808510634,0.015000000000000013,211223.08
2021-08-05,0.955,0.951,0.964,0.946,134087.0,1.9027484143763207,-0.41884816753926524,-0.0040000000000000036,127516.737
2021-08-06,0.951,0.955,0.957,0.944,157261.0,1.3771186440677985,0.4206098843322792,0.0040000000000000036,150184.255
2021-08-09,0.955,0.972,0.975,0.95,233374.0,2.6315789473684292,1.7801047120418856,0.017000000000000015,226839.528
2021-08-10,0.973,0.975,0.977,0.968,213106.0,0.9297520661156966,0.30864197530864335,0.0030000000000000027,207778.35
2021-08-11,0.975,0.994,0.996,0.975,236682.0,2.1538461538461506,1.9487179487179596,0.019000000000000017,235261.908
2021-08-12,0.994,1.014,1.014,0.99,313913.0,2.4242424242424176,2.012072434607637,0.020000000000000018,318307.782
2021-08-13,1.014,1.013,1.019,1.008,191816.0,1.0912698412698374,-0.09861932938857176,-0.001000000000000112,194309.60799999998
2021-08-16,1.013,1.014,1.024,1.01,191920.0,1.3861386138613874,0.09871668311944859,0.001000000000000112,194606.88
2021-08-17,1.015,0.99,1.022,0.987,209415.0,3.546099290780136,-2.3668639053254448,-0.02400000000000002,207320.85
2021-08-18,0.99,1.0,1.003,0.99,215324.0,1.3131313131313105,1.0101010101010166,0.010000000000000009,215324.0
2021-08-19,1.002,0.993,1.002,0.984,156709.0,1.8292682926829285,-0.7000000000000006,-0.007000000000000006,155612.037
2021-08-20,0.992,0.995,0.996,0.978,235618.0,1.8404907975460238,0.20140986908359082,0.0020000000000000018,234439.91
2021-08-23,0.995,1.008,1.01,0.994,334448.0,1.6096579476861272,1.306532663316573,0.013000000000000012,337123.584
2021-08-24,1.009,1.019,1.024,1.009,178385.0,1.4866204162537366,1.0912698412698374,0.010999999999999899,181774.31499999997
2021-08-25,1.018,1.038,1.039,1.017,227289.0,2.163225172074723,1.864573110893053,0.019000000000000128,235925.98200000002
2021-08-26,1.039,1.044,1.05,1.038,168456.0,1.1560693641618602,0.5780346820809301,0.006000000000000005,175868.064
2021-08-27,1.039,1.051,1.051,1.036,138791.0,1.4478764478764283,0.6704980842911823,0.006999999999999895,145869.341
2021-08-30,1.051,1.059,1.059,1.048,201003.0,1.049618320610679,0.7611798287345373,0.008000000000000007,212862.177
2021-08-31,1.059,1.087,1.089,1.054,195048.0,3.320683111954459,2.6440037771482627,0.028000000000000025,212017.176
2021-09-01,1.092,1.084,1.101,1.067,156456.0,3.1865042174320513,-0.2759889604415755,-0.0029999999999998916,169598.304
2021-09-02,1.084,1.107,1.107,1.078,133534.0,2.6901669758812474,2.121771217712176,0.02299999999999991,147822.138
2021-09-03,1.107,1.097,1.117,1.092,185799.0,2.2893772893772812,-0.9033423667569984,-0.010000000000000009,203821.503
2021-09-06,1.099,1.112,1.117,1.096,308436.0,1.9160583941605802,1.3673655423883435,0.015000000000000124,342980.83200000005
2021-09-07,1.112,1.138,1.142,1.112,201283.0,2.6978417266186883,2.338129496402863,0.0259999999999998,229060.05399999997
2021-09-08,1.138,1.151,1.161,1.138,223134.0,2.0210896309314608,1.1423550087873657,0.013000000000000123,256827.234
2021-09-09,1.151,1.182,1.182,1.149,206871.0,2.872062663185382,2.6933101650738367,0.030999999999999917,244521.522
2021-09-10,1.182,1.163,1.186,1.16,273403.0,2.2413793103448265,-1.6074450084602288,-0.018999999999999906,317967.689
2021-09-13,1.163,1.187,1.192,1.162,253373.0,2.5817555938037806,2.0636285468615734,0.02400000000000002,300753.751
2021-09-14,1.198,1.163,1.198,1.158,271761.0,3.4542314335060498,-2.0219039595619215,-0.02400000000000002,316058.043
2021-09-15,1.163,1.166,1.175,1.156,250787.0,1.6435986159169635,0.2579535683576939,0.0029999999999998916,292417.642
2021-09-16,1.166,1.144,1.186,1.143,249903.0,3.762029746281703,-1.8867924528301883,-0.02200000000000002,285889.03199999995
2021-09-17,1.131,1.117,1.155,1.093,249083.0,5.672461116193972,-2.3601398601398538,-0.026999999999999913,278225.711
2021-09-22,1.108,1.135,1.137,1.101,310012.0,3.2697547683923744,1.6114592658907911,0.018000000000000016,351863.62
2021-09-23,1.152,1.143,1.167,1.137,255886.0,2.638522427440626,0.7048458149779835,0.008000000000000007,292477.69800000003
2021-09-24,1.146,1.099,1.146,1.097,234648.0,4.466727438468543,-3.849518810148733,-0.04400000000000004,257878.152
2021-09-27,1.098,1.06,1.102,1.048,284776.0,5.152671755725202,-3.5486806187443043,-0.038999999999999924,301862.56
2021-09-28,1.057,1.076,1.082,1.049,276751.0,3.145853193517656,1.5094339622641506,0.016000000000000014,297784.076
2021-09-29,1.072,1.039,1.077,1.035,249699.0,4.057971014492767,-3.438661710037183,-0.037000000000000144,259437.26099999997
2021-09-30,1.039,1.057,1.059,1.039,200556.0,1.9249278152069227,1.7324350336862304,0.018000000000000016,211987.69199999998
2021-10-08,1.064,1.059,1.079,1.049,160272.0,2.8598665395614953,0.18921475875117721,0.0020000000000000018,169728.04799999998
2021-10-11,1.059,1.064,1.072,1.052,212019.0,1.9011406844106515,0.47214353163362865,0.0050000000000001155,225588.21600000001
2021-10-12,1.068,1.042,1.072,1.026,228631.0,4.483430799220267,-2.0676691729323293,-0.02200000000000002,238233.502
2021-10-13,1.042,1.036,1.043,1.017,190696.0,2.556538839724687,-0.5758157389635365,-0.006000000000000005,197561.056
2021-10-14,1.036,1.029,1.037,1.019,178759.0,1.7664376840039298,-0.675675675675691,-0.007000000000000117,183943.011
2021-10-15,1.029,1.034,1.036,1.019,192327.0,1.6683022571148287,0.4859086491739717,0.0050000000000001155,198866.11800000002
2021-10-18,1.037,1.055,1.055,1.029,962260.0,2.526724975704564,2.030947775628622,0.020999999999999908,1015184.2999999999
2021-10-19,1.055,1.063,1.07,1.045,1176769.0,2.392344497607679,0.7582938388625671,0.008000000000000007,1250905.447
2021-10-20,1.057,1.048,1.059,1.04,655051.0,1.8269230769230704,-1.411100658513631,-0.014999999999999902,686493.448
2021-10-21,1.064,1.061,1.07,1.047,231775.0,2.1967526265520565,1.2404580152671763,0.0129999999999999,245913.275
2021-10-22,1.061,1.039,1.068,1.037,259851.0,2.9893924783028103,-2.0735155513666337,-0.02200000000000002,269985.18899999995
2021-10-25,1.039,1.037,1.042,1.025,185735.0,1.6585365853658551,-0.19249278152069227,-0.0020000000000000018,192607.19499999998
2021-10-26,1.038,1.03,1.041,1.026,338320.0,1.4619883040935644,-0.6750241080038522,-0.006999999999999895,348469.60000000003
2021-10-27,1.03,1.013,1.031,1.007,293606.0,2.383316782522349,-1.650485436893212,-0.017000000000000126,297422.87799999997
2021-10-28,1.01,0.985,1.01,0.981,274780.0,2.9561671763506547,-2.764067127344516,-0.027999999999999914,270658.3
2021-10-29,0.986,0.99,0.993,0.979,299064.0,1.430030643513791,0.50761421319796,0.0050000000000000044,296073.36
2021-11-01,0.99,0.998,1.001,0.981,242253.0,2.0387359836901098,0.8080808080808133,0.008000000000000007,241768.494
2021-11-02,0.997,0.975,0.999,0.96,244108.0,4.062500000000013,-2.3046092184368705,-0.02300000000000002,238005.3
2021-11-03,0.975,0.987,0.989,0.973,168003.0,1.6443987667009274,1.2307692307692353,0.01200000000000001,165818.961
2021-11-04,0.988,0.991,0.991,0.981,159556.0,1.0193679918450549,0.4052684903748771,0.0040000000000000036,158119.99599999998
2021-11-05,0.991,0.977,0.991,0.972,218865.0,1.9547325102880597,-1.4127144298688221,-0.014000000000000012,213831.10499999998
2021-11-08,0.976,0.978,0.982,0.969,179703.0,1.3415892672858698,0.10235414534287557,0.0010000000000000009,175749.53399999999
2021-11-09,0.98,0.983,0.985,0.977,140265.0,0.8188331627430934,0.5112474437627856,0.0050000000000000044,137880.495
2021-11-10,0.983,0.983,0.984,0.965,658569.0,1.9689119170984481,0.0,0.0,647373.3269999999
2021-11-11,0.983,1.002,1.002,0.979,202515.0,2.3493360572012234,1.9328585961342792,0.019000000000000017,202920.03
2021-11-12,1.002,0.994,1.002,0.988,164064.0,1.4170040485830038,-0.7984031936127733,-0.008000000000000007,163079.616
2021-11-15,0.99,0.993,0.995,0.985,162925.0,1.0152284263959421,-0.1006036217303774,-0.0010000000000000009,161784.525
2021-11-16,0.993,0.986,1.0,0.985,276056.0,1.522842639593902,-0.7049345417925457,-0.007000000000000006,272191.216
2021-11-17,0.987,0.996,0.996,0.987,264959.0,0.911854103343468,1.0141987829614507,0.010000000000000009,263899.164
2021-11-18,0.996,0.997,1.003,0.994,195928.0,0.9054325955734299,0.10040160642570406,0.0010000000000000009,195340.216
2021-11-19,0.998,1.015,1.016,0.991,254876.0,2.5227043390514625,1.8054162487462388,0.017999999999999905,258699.13999999998
2021-11-22,1.019,1.017,1.019,1.011,133900.0,0.7912957467853587,0.19704433497536034,0.0020000000000000018,136176.3
2021-11-23,1.016,1.022,1.028,1.015,511590.0,1.28078817733992,0.4916420845624492,0.0050000000000001155,522844.98
2021-11-24,1.022,1.029,1.03,1.021,175637.0,0.8814887365328206,0.6849315068492956,0.006999999999999895,180730.473
2021-11-25,1.029,1.026,1.031,1.019,222447.0,1.177625122669279,-0.2915451895043608,-0.0029999999999998916,228230.622
2021-11-26,1.026,1.016,1.026,1.014,165035.0,1.183431952662728,-0.974658869395717,-0.010000000000000009,167675.56
2021-11-29,1.0,1.007,1.008,0.997,178167.0,1.1033099297893756,-0.8858267716535528,-0.009000000000000119,179414.169
2021-11-30,1.006,1.011,1.019,1.006,142973.0,1.2922465208747402,0.3972194637537285,0.0040000000000000036,144545.70299999998
2021-12-01,1.012,1.024,1.025,1.01,287269.0,1.4851485148514865,1.2858555885262302,0.013000000000000123,294163.456
2021-12-02,1.025,1.03,1.032,1.02,165867.0,1.17647058823529,0.5859375,0.006000000000000005,170843.01
2021-12-03,1.03,1.036,1.04,1.018,287511.0,2.16110019646365,0.5825242718446644,0.006000000000000005,297861.396
2021-12-06,1.038,1.025,1.044,1.022,271408.0,2.1526418786692814,-1.0617760617760763,-0.01100000000000012,278193.19999999995
2021-12-07,1.034,1.03,1.038,1.016,200236.0,2.1653543307086576,0.4878048780487809,0.0050000000000001155,206243.08000000002
2021-12-08,1.03,1.033,1.033,1.022,197385.0,1.0763209393346296,0.2912621359223211,0.0029999999999998916,203898.705
2021-12-09,1.033,1.031,1.036,1.028,554699.0,0.7782101167315147,-0.19361084220715918,-0.0020000000000000018,571894.669
2021-12-10,1.03,1.026,1.033,1.024,217566.0,0.87890625,-0.4849660523763233,-0.004999999999999893,223222.71600000001
2021-12-13,1.026,1.022,1.03,1.021,231511.0,0.8814887365328206,-0.3898635477582846,-0.0040000000000000036,236604.242
2021-12-14,1.023,1.01,1.023,1.007,220562.0,1.5888778550148919,-1.1741682974559686,-0.01200000000000001,222767.62
2021-12-15,1.011,1.013,1.018,1.005,297282.0,1.2935323383084674,0.2970297029702973,0.0029999999999998916,301146.66599999997
2021-12-16,1.015,1.03,1.031,1.015,244567.0,1.5763546798029493,1.6781836130306038,0.017000000000000126,251904.01
2021-12-17,1.032,1.026,1.035,1.023,205821.0,1.1730205278592365,-0.3883495145631022,-0.0040000000000000036,211172.346
2021-12-20,1.026,1.011,1.03,1.011,205332.0,1.8793273986152492,-1.4619883040935755,-0.015000000000000124,207590.65199999997
2021-12-21,1.011,1.039,1.04,1.011,383335.0,2.8684470820969477,2.7695351137487556,0.028000000000000025,398285.06499999994
2021-12-22,1.039,1.033,1.041,1.029,281537.0,1.1661807580174877,-0.5774783445620768,-0.006000000000000005,290827.72099999996
2021-12-23,1.034,1.035,1.039,1.028,205379.0,1.0700389105058328,0.1936108422071703,0.0020000000000000018,212567.26499999998
2021-12-24,1.036,1.031,1.037,1.027,219616.0,0.9737098344693385,-0.38647342995169476,-0.0040000000000000036,226424.096
2021-12-27,1.032,1.036,1.042,1.032,219732.0,0.9689922480620172,0.4849660523763344,0.0050000000000001155,227642.352
2021-12-28,1.037,1.031,1.039,1.026,180537.0,1.2670565302144166,-0.4826254826254983,-0.0050000000000001155,186133.647
2021-12-29,1.031,1.027,1.032,1.026,253392.0,0.5847953216374213,-0.38797284190106307,-0.0040000000000000036,260233.58399999997
2021-12-30,1.025,1.032,1.033,1.025,142255.0,0.7804878048780495,0.48685491723468033,0.0050000000000001155,146807.16
2021-12-31,1.032,1.042,1.045,1.03,277065.0,1.4563106796116498,0.9689922480620172,0.010000000000000009,288701.73
2022-01-04,1.044,1.057,1.061,1.044,669084.0,1.6283524904214364,1.4395393474088136,0.014999999999999902,707221.788
2022-01-05,1.058,1.057,1.06,1.046,261807.0,1.3384321223709472,0.0,0.0,276729.999
2022-01-06,1.055,1.062,1.064,1.051,304848.0,1.2369172216936342,0.47303689687796524,0.0050000000000001155,323748.576
2022-01-07,1.062,1.063,1.078,1.061,391838.0,1.6022620169651391,0.09416195856872811,0.0009999999999998899,416523.794
2022-01-10,1.062,1.078,1.079,1.061,461130.0,1.6965127238454336,1.411100658513642,0.015000000000000124,497098.14
2022-01-11,1.08,1.081,1.089,1.073,453920.0,1.491146318732528,0.2782931354359919,0.0029999999999998916,490687.51999999996
2022-01-12,1.08,1.077,1.08,1.066,225760.0,1.31332082551594,-0.37002775208140326,-0.0040000000000000036,243143.52
2022-01-13,1.076,1.072,1.087,1.072,204513.0,1.399253731343264,-0.46425255338903293,-0.004999999999999893,219237.93600000002
2022-01-14,1.072,1.05,1.072,1.047,308740.0,2.387774594078329,-2.0522388059701524,-0.02200000000000002,324177.0
2022-01-17,1.049,1.056,1.058,1.045,263863.0,1.244019138756003,0.5714285714285783,0.006000000000000005,278639.32800000004
2022-01-18,1.055,1.065,1.07,1.05,243402.0,1.904761904761898,0.8522727272727071,0.008999999999999897,259223.12999999998
2022-01-19,1.078,1.074,1.08,1.066,240525.0,1.31332082551594,0.8450704225352323,0.009000000000000119,258323.85
2022-01-20,1.071,1.07,1.084,1.065,235344.0,1.7840375586854584,-0.3724394785847296,-0.0040000000000000036,251818.08000000002
2022-01-21,1.072,1.062,1.072,1.057,370799.0,1.4191106906338735,-0.747663551401867,-0.008000000000000007,393788.538
2022-01-24,1.062,1.056,1.062,1.043,228893.0,1.82166826462129,-0.5649717514124353,-0.006000000000000005,241711.008
2022-01-25,1.055,1.013,1.055,1.011,461399.0,4.352126607319495,-4.071969696969713,-0.04300000000000015,467397.187
2022-01-26,1.01,1.018,1.022,1.005,259886.0,1.691542288557235,0.49358341559724295,0.0050000000000001155,264563.94800000003
2022-01-27,1.017,1.005,1.021,1.004,300183.0,1.6932270916334646,-1.2770137524558023,-0.013000000000000123,301683.915
2022-01-28,1.01,1.007,1.011,0.987,270062.0,2.4316109422492405,0.19900497512437276,0.0020000000000000018,271952.43399999995
2022-02-07,1.007,1.029,1.031,1.006,256397.0,2.4850894632206577,2.1847070506454846,0.02200000000000002,263832.513
2022-02-08,1.033,1.055,1.059,1.03,351821.0,2.8155339805825186,2.526724975704564,0.026000000000000023,371171.15499999997
2022-02-09,1.055,1.059,1.067,1.052,348303.0,1.425855513307983,0.37914691943128354,0.0040000000000000036,368852.877
2022-02-10,1.06,1.074,1.075,1.05,261837.0,2.3809523809523725,1.4164305949008638,0.015000000000000124,281212.938
2022-02-11,1.074,1.076,1.1,1.07,457679.0,2.8037383177570208,0.18621973929235924,0.0020000000000000018,492462.60400000005
2022-02-14,1.076,1.051,1.076,1.046,315258.0,2.8680688336520044,-2.323420074349458,-0.025000000000000133,331336.158
2022-02-15,1.049,1.047,1.054,1.037,296309.0,1.6393442622950838,-0.38058991436726863,-0.0040000000000000036,310235.523
2022-02-16,1.048,1.057,1.059,1.048,252070.0,1.049618320610679,0.9551098376313183,0.010000000000000009,266437.99
2022-02-17,1.06,1.053,1.06,1.049,208048.0,1.048617731172552,-0.37842951750236553,-0.0040000000000000036,219074.544
2022-02-18,1.049,1.078,1.079,1.048,317249.0,2.958015267175562,2.3741690408357163,0.025000000000000133,341994.422
2022-02-21,1.078,1.086,1.088,1.07,263684.0,1.6822429906542036,0.7421150278293043,0.008000000000000007,286360.824
2022-02-22,1.082,1.073,1.082,1.065,255934.0,1.5962441314554043,-1.197053406998172,-0.013000000000000123,274617.182
2022-02-23,1.072,1.071,1.077,1.063,211316.0,1.3170272812794037,-0.18639328984156878,-0.0020000000000000018,226319.436
2022-02-24,1.07,1.051,1.072,1.035,327405.0,3.5748792270531515,-1.867413632119519,-0.020000000000000018,344102.65499999997
2022-02-25,1.051,1.046,1.062,1.037,331549.0,2.4108003857280735,-0.4757373929590747,-0.004999999999999893,346800.254
2022-02-28,1.04,1.047,1.048,1.03,281622.0,1.7475728155339931,0.09560229445506607,0.0009999999999998899,294858.234
2022-03-01,1.048,1.058,1.06,1.043,262715.0,1.6299137104506256,1.0506208213944657,0.01100000000000012,277952.47000000003
2022-03-02,1.057,1.067,1.069,1.053,263128.0,1.5194681861348647,0.8506616257088817,0.008999999999999897,280757.576
2022-03-03,1.067,1.08,1.081,1.067,263096.0,1.3120899718837897,1.2183692596063889,0.013000000000000123,284143.68
2022-03-04,1.073,1.073,1.083,1.061,296391.0,2.0735155513666337,-0.6481481481481643,-0.007000000000000117,318027.543
2022-03-07,1.072,1.056,1.12,1.053,303374.0,6.362773029439706,-1.5843429636532957,-0.016999999999999904,320362.944
2022-03-08,1.051,1.015,1.056,1.014,321763.0,4.142011834319526,-3.882575757575768,-0.04100000000000015,326589.44499999995
2022-03-09,1.017,1.0,1.029,0.965,718213.0,6.632124352331603,-1.477832512315258,-0.014999999999999902,718213.0
2022-03-10,1.011,1.014,1.025,1.0,286023.0,2.499999999999991,1.4000000000000012,0.014000000000000012,290027.322
2022-03-11,1.009,1.023,1.025,0.986,408256.0,3.9553752535496978,0.8875739644970349,0.008999999999999897,417645.888
2022-03-14,1.015,0.996,1.03,0.995,322773.0,3.5175879396984966,-2.639296187683271,-0.026999999999999913,321481.908
2022-03-15,0.993,0.924,0.993,0.92,858479.0,7.934782608695645,-7.228915662650593,-0.07199999999999995,793234.596
2022-03-16,0.933,0.947,0.951,0.895,745924.0,6.256983240223457,2.4891774891774743,0.02299999999999991,706390.0279999999
2022-03-17,0.972,0.967,0.983,0.959,378124.0,2.502606882168923,2.11193241816261,0.020000000000000018,365645.908
2022-03-18,0.97,0.999,1.001,0.965,277771.0,3.730569948186524,3.3092037228541926,0.03200000000000003,277493.229
2022-03-21,1.0,1.003,1.009,0.991,204016.0,1.816347124117046,0.4004004004003914,0.0039999999999998925,204628.04799999998
2022-03-22,1.004,1.025,1.03,0.999,677007.0,3.103103103103111,2.193419740777669,0.02200000000000002,693932.1749999999
2022-03-23,1.024,1.029,1.033,1.014,291334.0,1.8737672583826415,0.39024390243902474,0.0040000000000000036,299782.686
2022-03-24,1.024,1.024,1.031,1.019,260216.0,1.177625122669279,-0.4859086491739495,-0.004999999999999893,266461.184
2022-03-25,1.021,1.025,1.04,1.02,219800.0,1.9607843137254832,0.09765625,0.0009999999999998899,225294.99999999997
2022-03-28,1.023,1.038,1.043,1.012,237695.0,3.063241106719361,1.2682926829268304,0.013000000000000123,246727.41
2022-03-29,1.037,1.034,1.041,1.029,322212.0,1.1661807580174877,-0.3853564547206201,-0.0040000000000000036,333167.208
2022-03-30,1.033,1.05,1.052,1.033,237720.0,1.8393030009680622,1.547388781431347,0.016000000000000014,249606.0
2022-03-31,1.048,1.071,1.078,1.048,372297.0,2.8625954198473247,2.0000000000000018,0.020999999999999908,398730.087
2022-04-01,1.067,1.078,1.08,1.058,268219.0,2.07939508506616,0.65359477124185,0.007000000000000117,289140.082
2022-04-06,1.083,1.103,1.104,1.075,551638.0,2.6976744186046675,2.3191094619666064,0.02499999999999991,608456.714
2022-04-07,1.1,1.079,1.1,1.075,328208.0,2.3255813953488413,-2.1758839528558505,-0.02400000000000002,354136.432
2022-04-08,1.073,1.093,1.095,1.061,383413.0,3.204524033930256,1.297497683039861,0.014000000000000012,419070.409
2022-04-11,1.09,1.065,1.09,1.058,285053.0,3.0245746691871522,-2.5617566331198605,-0.028000000000000025,303581.445
2022-04-12,1.065,1.056,1.066,1.041,350742.0,2.401536983669561,-0.845070422535199,-0.008999999999999897,370383.552
2022-04-13,1.057,1.056,1.072,1.044,323357.0,2.6819923371647514,0.0,0.0,341464.992
2022-04-14,1.068,1.085,1.09,1.057,308755.0,3.122043519394535,2.7462121212121104,0.028999999999999915,334999.175
2022-04-15,1.084,1.079,1.101,1.073,277855.0,2.6095060577819185,-0.552995391705069,-0.006000000000000005,299805.545
2022-04-18,1.075,1.061,1.078,1.059,309756.0,1.794145420207749,-1.6682113067655213,-0.018000000000000016,328651.116
2022-04-19,1.058,1.076,1.079,1.051,315095.0,2.6641294005708804,1.413760603204528,0.015000000000000124,339042.22000000003
2022-04-20,1.076,1.038,1.076,1.036,388933.0,3.8610038610038533,-3.5315985130111582,-0.038000000000000034,403712.454
2022-04-21,1.038,1.013,1.045,1.007,446808.0,3.7735849056603765,-2.4084778420038644,-0.025000000000000133,452616.50399999996
2022-04-22,1.009,1.026,1.035,0.998,310172.0,3.7074148296593057,1.2833168805528317,0.013000000000000123,318236.472
2022-04-25,1.012,0.964,1.012,0.963,715496.0,5.088265835929384,-6.042884990253416,-0.062000000000000055,689738.144
2022-04-26,0.97,0.943,0.979,0.936,457825.0,4.594017094017078,-2.178423236514526,-0.02100000000000002,431728.975
2022-04-27,0.938,0.956,0.956,0.917,454503.0,4.252998909487449,1.378579003181346,0.013000000000000012,434504.86799999996
2022-04-28,0.956,0.966,0.97,0.945,323730.0,2.645502645502651,1.0460251046025215,0.010000000000000009,312723.18
2022-04-29,0.967,0.999,1.0,0.966,305463.0,3.5196687370600444,3.4161490683229934,0.03300000000000003,305157.537
2022-05-05,0.998,1.007,1.012,0.993,283183.0,1.9133937562940684,0.8008008008007828,0.007999999999999896,285165.28099999996
2022-05-06,0.996,0.978,0.996,0.972,292224.0,2.4691358024691468,-2.8798411122144874,-0.028999999999999915,285795.072
2022-05-09,0.968,0.976,0.98,0.965,324085.0,1.5544041450777257,-0.2044989775051076,-0.0020000000000000018,316306.96
2022-05-10,0.968,0.979,0.98,0.95,337611.0,3.157894736842115,0.30737704918033515,0.0030000000000000027,330521.169
2022-05-11,0.97,0.978,0.991,0.97,272027.0,2.1649484536082397,-0.10214504596527396,-0.0010000000000000009,266042.406
2022-05-12,0.98,0.976,0.985,0.966,257055.0,1.9668737060041463,-0.2044989775051076,-0.0020000000000000018,250885.68
2022-05-13,0.977,1.004,1.007,0.977,283350.0,3.070624360286578,2.868852459016402,0.028000000000000025,284483.4
2022-05-16,1.011,1.023,1.024,1.007,556799.0,1.6881827209533462,1.8924302788844605,0.018999999999999906,569605.377
2022-05-17,1.023,1.011,1.023,0.999,266171.0,2.4024024024023927,-1.1730205278592365,-0.01200000000000001,269098.881
2022-05-18,1.011,1.004,1.012,0.999,244384.0,1.3013013013013053,-0.6923837784371778,-0.006999999999999895,245361.536
2022-05-19,0.99,1.005,1.009,0.985,295562.0,2.4365482233502433,0.09960159362549792,0.0009999999999998899,297039.80999999994
2022-05-20,1.008,1.02,1.021,1.008,351069.0,1.289682539682535,1.4925373134328401,0.015000000000000124,358090.38
2022-05-23,1.02,1.022,1.025,1.016,324658.0,0.8858267716535417,0.19607843137254832,0.0020000000000000018,331800.476
2022-05-24,1.02,0.997,1.024,0.993,381178.0,3.121852970795569,-2.446183953033265,-0.025000000000000022,380034.466
2022-05-25,0.996,1.01,1.01,0.988,389230.0,2.2267206477732726,1.3039117352056095,0.013000000000000012,393122.3
2022-05-26,1.011,1.024,1.029,1.006,537169.0,2.286282306163012,1.3861386138613874,0.014000000000000012,550061.056
2022-05-27,1.024,1.025,1.03,1.017,320928.0,1.2782694198623545,0.09765625,0.0009999999999998899,328951.19999999995
2022-05-30,1.024,1.025,1.028,1.016,279624.0,1.1811023622047223,0.0,0.0,286614.6
2022-05-31,1.024,1.027,1.03,1.019,336415.0,1.079489695780178,0.19512195121951237,0.0020000000000000018,345498.20499999996
2022-06-01,1.026,1.034,1.034,1.022,564695.0,1.1741682974559797,0.6815968841285436,0.007000000000000117,583894.63
2022-06-02,1.032,1.025,1.032,1.019,287567.0,1.2757605495584023,-0.8704061895551396,-0.009000000000000119,294756.175
2022-06-06,1.025,1.03,1.031,1.016,331082.0,1.476377952755903,0.4878048780487809,0.0050000000000001155,341014.46
2022-06-07,1.03,1.033,1.037,1.023,649701.0,1.3685239491691092,0.2912621359223211,0.0029999999999998916,671141.1329999999
2022-06-08,1.032,1.043,1.044,1.021,341332.0,2.252693437806075,0.9680542110358292,0.010000000000000009,356009.27599999995
2022-06-09,1.043,1.038,1.052,1.032,350003.0,1.9379844961240345,-0.4793863854266389,-0.004999999999999893,363303.114
2022-06-10,1.028,1.051,1.055,1.028,300823.0,2.6264591439688623,1.2524084778420042,0.0129999999999999,316164.973
2022-06-13,1.049,1.033,1.049,1.024,362306.0,2.44140625,-1.7126546146527089,-0.018000000000000016,374262.098
2022-06-14,1.03,1.051,1.053,1.021,344538.0,3.1341821743388953,1.742497579864466,0.018000000000000016,362109.43799999997
2022-06-15,1.056,1.058,1.073,1.048,400735.0,2.385496183206093,0.6660323501427312,0.007000000000000117,423977.63
2022-06-16,1.054,1.035,1.062,1.032,440639.0,2.9069767441860517,-2.1739130434782705,-0.02300000000000013,456061.365
2022-06-17,1.026,1.035,1.037,1.021,303055.0,1.5670910871694366,0.0,0.0,313661.925
2022-06-20,1.032,1.029,1.035,1.023,323386.0,1.1730205278592365,-0.5797101449275366,-0.006000000000000005,332764.19399999996
2022-06-21,1.028,1.03,1.04,1.024,316294.0,1.5625,0.09718172983479434,0.001000000000000112,325782.82
2022-06-22,1.031,1.018,1.033,1.015,294026.0,1.7733990147783318,-1.1650485436893177,-0.01200000000000001,299318.468
2022-06-23,1.018,1.031,1.032,1.014,265893.0,1.775147928994092,1.2770137524557912,0.0129999999999999,274135.68299999996
2022-06-24,1.034,1.032,1.037,1.027,388731.0,0.9737098344693385,0.09699321047527132,0.001000000000000112,401170.392
2022-06-27,1.032,1.044,1.045,1.032,516120.0,1.2596899224806002,1.1627906976744207,0.01200000000000001,538829.28
2022-06-28,1.043,1.055,1.055,1.042,364846.0,1.24760076775432,1.0536398467432928,0.010999999999999899,384912.52999999997
2022-06-29,1.055,1.05,1.064,1.05,478067.0,1.333333333333342,-0.4739336492890933,-0.004999999999999893,501970.35000000003
2022-06-30,1.054,1.057,1.062,1.05,362811.0,1.1428571428571344,0.6666666666666599,0.006999999999999895,383491.22699999996
2022-07-01,1.056,1.061,1.064,1.047,312461.0,1.623686723973261,0.37842951750237663,0.0040000000000000036,331521.121
2022-07-04,1.06,1.065,1.065,1.056,296756.0,0.8522727272727071,0.37700282752120007,0.0040000000000000036,316045.13999999996
2022-07-05,1.065,1.068,1.073,1.057,316948.0,1.5137180700094621,0.28169014084507005,0.0030000000000001137,338500.46400000004
2022-07-06,1.067,1.045,1.067,1.035,443132.0,3.091787439613536,-2.1535580524344677,-0.02300000000000013,463072.93999999994
2022-07-07,1.044,1.052,1.056,1.041,373576.0,1.4409221902017322,0.6698564593301537,0.007000000000000117,393001.952
2022-07-08,1.052,1.055,1.062,1.051,279493.0,1.0466222645099998,0.2851711026615966,0.0029999999999998916,294865.115
2022-07-11,1.055,1.041,1.057,1.034,373822.0,2.224371373307532,-1.3270142180094813,-0.014000000000000012,389148.702
2022-07-12,1.037,1.042,1.053,1.036,563540.0,1.640926640926632,0.09606147934679843,0.001000000000000112,587208.68
2022-07-13,1.042,1.044,1.046,1.034,597671.0,1.1605415860735047,0.19193857965451588,0.0020000000000000018,623968.524
2022-07-14,1.041,1.031,1.042,1.027,382557.0,1.4605647517039966,-1.2452107279693592,-0.013000000000000123,394416.267
2022-07-15,1.03,1.01,1.032,1.007,378289.0,2.482621648460781,-2.0368574199805978,-0.020999999999999908,382071.89
2022-07-18,1.011,1.034,1.034,1.011,345948.0,2.2749752720079286,2.3762376237623783,0.02400000000000002,357710.232
2022-07-19,1.035,1.04,1.044,1.032,355255.0,1.1627906976744207,0.5802707930367523,0.006000000000000005,369465.2
2022-07-20,1.043,1.042,1.045,1.039,319913.0,0.5774783445620768,0.19230769230769162,0.0020000000000000018,333349.346
2022-07-21,1.042,1.028,1.045,1.028,350724.0,1.6536964980544688,-1.3435700575815779,-0.014000000000000012,360544.272
2022-07-22,1.029,1.023,1.031,1.016,359966.0,1.476377952755903,-0.4863813229572078,-0.0050000000000001155,368245.218
2022-07-25,1.023,1.024,1.03,1.02,323774.0,0.9803921568627416,0.09775171065493637,0.001000000000000112,331544.576
2022-07-26,1.023,1.042,1.043,1.019,384717.0,2.3552502453385804,1.7578125,0.018000000000000016,400875.114
2022-07-27,1.043,1.041,1.043,1.031,322947.0,1.1639185257032114,-0.09596928982726904,-0.001000000000000112,336187.827
2022-07-28,1.042,1.045,1.047,1.04,389243.0,0.6730769230769207,0.3842459173871271,0.0040000000000000036,406758.935
2022-07-29,1.044,1.036,1.05,1.034,340383.0,1.547388781431347,-0.8612440191387516,-0.008999999999999897,352636.788
2022-08-01,1.035,1.039,1.042,1.027,323126.0,1.4605647517039966,0.28957528957527234,0.0029999999999998916,335727.914
2022-08-02,1.036,1.007,1.036,0.996,461536.0,4.016064257028118,-3.0798845043310874,-0.03200000000000003,464766.752
2022-08-03,1.01,0.994,1.02,0.991,322185.0,2.9263370332996974,-1.2909632571995955,-0.0129999999999999,320251.89
2022-08-04,0.998,0.997,0.999,0.984,430921.0,1.5243902439024515,0.3018108651911433,0.0030000000000000027,429628.237
2022-08-05,0.997,1.003,1.006,0.99,431260.0,1.6161616161616266,0.6018054162487463,0.005999999999999894,432553.77999999997
2022-08-08,1.003,1.024,1.025,1.003,357308.0,2.193419740777669,2.0937188434696052,0.02100000000000013,365883.392
2022-08-09,1.022,1.029,1.029,1.018,344224.0,1.080550098231825,0.48828125,0.004999999999999893,354206.496
2022-08-10,1.027,1.023,1.028,1.018,348751.0,0.982318271119853,-0.5830903790087438,-0.006000000000000005,356772.273
2022-08-11,1.021,1.037,1.038,1.021,435788.0,1.66503428011755,1.3685239491691092,0.014000000000000012,451912.15599999996
2022-08-12,1.036,1.047,1.048,1.035,382475.0,1.2560386473430052,0.9643201542912205,0.010000000000000009,400451.32499999995
2022-08-15,1.044,1.048,1.054,1.039,420376.0,1.4436958614052031,0.09551098376314737,0.001000000000000112,440554.048
2022-08-16,1.048,1.054,1.058,1.048,416294.0,0.9541984732824416,0.5725190839694694,0.006000000000000005,438773.87600000005
2022-08-17,1.054,1.059,1.062,1.052,488137.0,0.9505703422053147,0.4743833017077703,0.004999999999999893,516937.083
2022-08-18,1.059,1.05,1.059,1.045,369354.0,1.3397129186602852,-0.8498583569405027,-0.008999999999999897,387821.7
2022-08-19,1.048,1.06,1.065,1.048,379846.0,1.6221374045801484,0.952380952380949,0.010000000000000009,402636.76
2022-08-22,1.06,1.069,1.071,1.057,523687.0,1.324503311258285,0.8490566037735681,0.008999999999999897,559821.4029999999
2022-08-23,1.069,1.077,1.081,1.065,412834.0,1.5023474178403662,0.748362956033688,0.008000000000000007,444622.218
2022-08-24,1.077,1.055,1.079,1.052,392680.0,2.5665399239543696,-2.042711234911798,-0.02200000000000002,414277.39999999997
2022-08-25,1.055,1.078,1.079,1.055,396931.0,2.274881516587679,2.1800947867298692,0.02300000000000013,427891.618
2022-08-26,1.077,1.071,1.082,1.068,359925.0,1.3108614232209659,-0.6493506493506551,-0.007000000000000117,385479.675
2022-08-29,1.066,1.082,1.084,1.055,403458.0,2.7488151658767945,1.0270774976657515,0.01100000000000012,436541.55600000004
2022-08-30,1.082,1.074,1.086,1.066,377183.0,1.8761726078799335,-0.7393715341959317,-0.008000000000000007,405094.542
2022-08-31,1.069,1.059,1.074,1.057,372999.0,1.608325449385073,-1.3966480446927498,-0.015000000000000124,395005.941
2022-09-01,1.057,1.07,1.083,1.057,386877.0,2.4597918637653704,1.0387157695939786,0.01100000000000012,413958.39
2022-09-02,1.07,1.068,1.073,1.063,449594.0,0.940733772342428,-0.18691588785046953,-0.0020000000000000018,480166.39200000005
2022-09-05,1.068,1.085,1.108,1.068,630965.0,3.7453183520599342,1.5917602996254665,0.016999999999999904,684597.025
2022-09-06,1.086,1.108,1.11,1.086,404318.0,2.20994475138121,2.1198156682027847,0.02300000000000013,447984.34400000004
2022-09-07,1.107,1.104,1.108,1.098,401369.0,0.9107468123861651,-0.3610108303249149,-0.0040000000000000036,443111.37600000005
2022-09-08,1.099,1.102,1.107,1.095,398364.0,1.0958904109588996,-0.18115942028985588,-0.0020000000000000018,438997.128
2022-09-09,1.101,1.114,1.118,1.1,390776.0,1.6363636363636358,1.0889292196007316,0.01200000000000001,435324.46400000004
2022-09-13,1.114,1.108,1.119,1.105,399449.0,1.2669683257918507,-0.538599640933568,-0.006000000000000005,442589.492
2022-09-14,1.104,1.097,1.105,1.092,373175.0,1.1904761904761862,-0.9927797833935159,-0.01100000000000012,409372.975
2022-09-15,1.097,1.094,1.113,1.079,528132.0,3.151065801668218,-0.27347310847766204,-0.0029999999999998916,577776.408
2022-09-16,1.092,1.058,1.095,1.055,406804.0,3.791469194312791,-3.290676416819016,-0.03600000000000003,430398.63200000004
2022-09-19,1.056,1.053,1.06,1.042,382463.0,1.7274472168905985,-0.4725897920605071,-0.0050000000000001155,402733.539
2022-09-20,1.055,1.053,1.064,1.05,374709.0,1.333333333333342,0.0,0.0,394568.577
2022-09-21,1.054,1.063,1.068,1.043,336519.0,2.3969319271332834,0.9496676163342821,0.010000000000000009,357719.697
2022-09-22,1.061,1.062,1.066,1.056,335552.0,0.9469696969697017,-0.09407337723422726,-0.0009999999999998899,356356.22400000005
2022-09-23,1.06,1.05,1.073,1.049,344442.0,2.2878932316491962,-1.1299435028248594,-0.01200000000000001,361664.10000000003
2022-09-26,1.048,1.031,1.05,1.028,387600.0,2.1400778210116655,-1.8095238095238164,-0.019000000000000128,399615.6
2022-09-27,1.032,1.044,1.044,1.017,316472.0,2.6548672566371723,1.2609117361784827,0.013000000000000123,330396.76800000004
2022-09-28,1.042,1.032,1.042,1.029,299350.0,1.2633624878523042,-1.1494252873563204,-0.01200000000000001,308929.2
2022-09-29,1.034,1.027,1.042,1.017,344932.0,2.4582104228122015,-0.4844961240310197,-0.0050000000000001155,354245.164
2022-09-30,1.024,1.031,1.042,1.021,301603.0,2.0568070519099146,0.3894839337877265,0.0040000000000000036,310952.69299999997
2022-10-10,1.032,1.024,1.05,1.022,307143.0,2.7397260273972712,-0.6789524733268548,-0.006999999999999895,314514.43200000003
2022-10-11,1.026,1.022,1.028,1.01,433541.0,1.7821782178217838,-0.1953125,-0.0020000000000000018,443078.902
2022-10-12,1.022,1.041,1.041,1.008,333177.0,3.273809523809512,1.8590998043052753,0.018999999999999906,346837.257
2022-10-13,1.041,1.029,1.041,1.018,372266.0,2.259332023575622,-1.1527377521613813,-0.01200000000000001,383061.714
2022-10-14,1.036,1.047,1.052,1.032,341672.0,1.9379844961240345,1.7492711370262315,0.018000000000000016,357730.584
2022-10-17,1.047,1.046,1.047,1.026,454352.0,2.0467836257309857,-0.09551098376312517,-0.0009999999999998899,475252.19200000004
2022-10-18,1.047,1.048,1.054,1.042,280720.0,1.151631477927073,0.19120458891013214,0.0020000000000000018,294194.56
2022-10-19,1.048,1.038,1.05,1.036,366875.0,1.3513513513513598,-0.9541984732824416,-0.010000000000000009,380816.25
2022-10-20,1.034,1.027,1.038,1.022,325380.0,1.5655577299412915,-1.0597302504817052,-0.01100000000000012,334165.25999999995
2022-10-21,1.03,1.032,1.04,1.027,291893.0,1.2658227848101333,0.48685491723468033,0.0050000000000001155,301233.576
2022-10-24,1.033,1.008,1.037,1.001,367457.0,3.596403596403608,-2.3255813953488413,-0.02400000000000002,370396.656
2022-10-25,1.034,1.004,1.034,0.99,382281.0,4.444444444444451,-0.3968253968253954,-0.0040000000000000036,383810.124
2022-10-26,1.004,1.0,1.008,0.994,302620.0,1.4084507042253502,-0.3984063745019917,-0.0040000000000000036,302620.0
2022-10-27,1.001,1.002,1.008,0.997,314002.0,1.1033099297893756,0.20000000000000018,0.0020000000000000018,314630.004
2022-10-28,1.002,0.976,1.002,0.967,400776.0,3.619441571871773,-2.594810379241519,-0.026000000000000023,391157.376
2022-10-31,0.976,0.958,0.976,0.949,839169.0,2.8451001053740876,-1.8442622950819665,-0.018000000000000016,803923.902
2022-11-01,0.96,0.969,0.97,0.95,348537.0,2.1052631578947434,1.148225469728592,0.01100000000000001,337732.353
2022-11-02,0.969,0.982,0.987,0.964,304794.0,2.385892116182564,1.3415892672858698,0.013000000000000012,299307.708
2022-11-03,0.979,0.976,0.979,0.971,297665.0,0.8238928939237944,-0.6109979633401208,-0.006000000000000005,290521.04
2022-11-04,0.975,0.997,1.002,0.975,325100.0,2.7692307692307683,2.1516393442623016,0.02100000000000002,324124.7
2022-11-07,0.998,1.005,1.012,0.995,340665.0,1.70854271356784,0.8024072216649802,0.007999999999999896,342368.32499999995
2022-11-08,1.005,1.007,1.01,1.002,362712.0,0.7984031936127733,0.19900497512437276,0.0020000000000000018,365250.98399999994
2022-11-09,1.007,1.009,1.019,1.007,307518.0,1.1916583912611634,0.19860973187686426,0.0020000000000000018,310285.66199999995
2022-11-10,1.008,1.008,1.013,0.996,307299.0,1.7068273092369468,-0.09910802775023875,-0.0009999999999998899,309757.392
2022-11-11,1.017,1.031,1.043,1.017,640011.0,2.556538839724687,2.2817460317460236,0.02299999999999991,659851.3409999999
2022-11-14,1.037,1.036,1.055,1.034,424712.0,2.030947775628622,0.4849660523763344,0.0050000000000001155,440001.63200000004
2022-11-15,1.036,1.049,1.05,1.033,414681.0,1.645692158760892,1.2548262548262468,0.0129999999999999,435000.36899999995
2022-11-16,1.049,1.047,1.053,1.044,405055.0,0.8620689655172376,-0.19065776930410339,-0.0020000000000000018,424092.58499999996
2022-11-17,1.046,1.039,1.046,1.033,477941.0,1.2584704743465736,-0.764087870105068,-0.008000000000000007,496580.69899999996
2022-11-18,1.039,1.035,1.043,1.033,449427.0,0.9680542110358292,-0.38498556304138454,-0.0040000000000000036,465156.94499999995
2022-11-21,1.032,1.033,1.034,1.019,323996.0,1.4720314033366266,-0.19323671497584183,-0.0020000000000000018,334687.86799999996
2022-11-22,1.033,1.036,1.044,1.03,365369.0,1.3592233009708687,0.29041626331076653,0.0030000000000001137,378522.284
2022-11-23,1.035,1.037,1.042,1.032,374122.0,0.9689922480620172,0.09652509652509078,0.0009999999999998899,387964.51399999997
2022-11-24,1.038,1.045,1.049,1.038,359654.0,1.0597302504816941,0.7714561234329897,0.008000000000000007,375838.43
2022-11-25,1.046,1.063,1.065,1.039,673975.0,2.5024061597690217,1.7224880382775032,0.018000000000000016,716435.4249999999
2022-11-28,1.058,1.057,1.058,1.041,440345.0,1.6330451488953068,-0.5644402634054524,-0.006000000000000005,465444.665
2022-11-29,1.059,1.094,1.096,1.059,516458.0,3.4938621340887765,3.5004730368968895,0.037000000000000144,565005.052
2022-11-30,1.093,1.091,1.106,1.087,389721.0,1.7479300827967004,-0.2742230347349328,-0.0030000000000001137,425185.611
2022-12-01,1.092,1.087,1.101,1.085,361726.0,1.4746543778801913,-0.36663611365719273,-0.0040000000000000036,393196.162
2022-12-02,1.087,1.083,1.087,1.074,380332.0,1.2104283054003684,-0.36798528058877844,-0.0040000000000000036,411899.556
2022-12-05,1.083,1.099,1.101,1.083,434699.0,1.6620498614958512,1.4773776546629813,0.016000000000000014,477734.201
2022-12-06,1.095,1.093,1.097,1.087,373104.0,0.9199632014719406,-0.5459508644222066,-0.006000000000000005,407802.67199999996
2022-12-07,1.091,1.085,1.092,1.079,375967.0,1.2048192771084487,-0.7319304666056681,-0.008000000000000007,407924.195
2022-12-08,1.086,1.088,1.092,1.08,370999.0,1.1111111111111072,0.27649769585254,0.0030000000000001137,403646.912
2022-12-09,1.089,1.09,1.093,1.082,500999.0,1.016635859519388,0.18382352941177516,0.0020000000000000018,546088.91
2022-12-12,1.086,1.066,1.088,1.064,402565.0,2.2556390977443552,-2.2018348623853212,-0.02400000000000002,429134.29000000004
2022-12-13,1.067,1.07,1.074,1.065,511467.0,0.8450704225352323,0.37523452157599557,0.0040000000000000036,547269.6900000001
2022-12-14,1.07,1.065,1.071,1.064,327284.0,0.6578947368421018,-0.4672897196261738,-0.0050000000000001155,348557.45999999996
2022-12-15,1.065,1.054,1.068,1.053,253352.0,1.4245014245014342,-1.0328638497652531,-0.010999999999999899,267033.00800000003
2022-12-16,1.054,1.064,1.07,1.052,302610.0,1.7110266159695797,0.9487666034155628,0.010000000000000009,321977.04000000004
2022-12-19,1.065,1.041,1.068,1.037,446102.0,2.9893924783028103,-2.1616541353383534,-0.02300000000000013,464392.182
2022-12-20,1.039,1.029,1.042,1.024,452474.0,1.7578125,-1.1527377521613813,-0.01200000000000001,465595.746
2022-12-21,1.029,1.03,1.039,1.026,286384.0,1.2670565302144166,0.09718172983479434,0.001000000000000112,294975.52
2022-12-22,1.035,1.022,1.04,1.017,605027.0,2.2615535889872307,-0.7766990291262155,-0.008000000000000007,618337.594
2022-12-23,1.017,1.019,1.028,1.014,334502.0,1.3806706114398493,-0.29354207436400603,-0.0030000000000001137,340857.53799999994
2022-12-26,1.019,1.018,1.022,1.015,278862.0,0.6896551724137945,-0.09813542688910104,-0.0009999999999998899,283881.516
2022-12-27,1.02,1.028,1.031,1.02,207680.0,1.0784313725490158,0.982318271119853,0.010000000000000009,213495.04
2022-12-28,1.029,1.029,1.034,1.021,244252.0,1.2732615083251853,0.09727626459143934,0.0009999999999998899,251335.308
2022-12-29,1.028,1.022,1.028,1.018,243784.0,0.982318271119853,-0.6802721088435271,-0.006999999999999895,249147.248
2022-12-30,1.022,1.029,1.03,1.022,325607.0,0.7827788649706457,0.6849315068492956,0.006999999999999895,335049.60299999994
2023-01-03,1.028,1.037,1.037,1.026,295741.0,1.0721247563352687,0.7774538386783325,0.008000000000000007,306683.41699999996
2023-01-04,1.037,1.046,1.05,1.033,277471.0,1.645692158760892,0.8678881388621162,0.009000000000000119,290234.666
2023-01-05,1.046,1.049,1.052,1.045,568984.0,0.6698564593301537,0.2868068833651982,0.0029999999999998916,596864.216
2023-01-06,1.05,1.046,1.052,1.043,299640.0,0.86289549376799,-0.2859866539561384,-0.0029999999999998916,313423.44
2023-01-09,1.048,1.047,1.051,1.043,317857.0,0.7670182166826578,0.09560229445506607,0.0009999999999998899,332796.279
2023-01-10,1.043,1.039,1.046,1.038,410747.0,0.7707129094412402,-0.764087870105068,-0.008000000000000007,426766.133
2023-01-11,1.038,1.045,1.05,1.038,283857.0,1.1560693641618602,0.5774783445620768,0.006000000000000005,296630.565
2023-01-12,1.045,1.042,1.045,1.036,286009.0,0.8687258687258614,-0.2870813397129135,-0.0029999999999998916,298021.378
2023-01-13,1.041,1.05,1.051,1.041,177407.0,0.9606147934678289,0.7677543186180413,0.008000000000000007,186277.35
2023-01-16,1.051,1.056,1.062,1.051,318596.0,1.0466222645099998,0.5714285714285783,0.006000000000000005,336437.376
2023-01-17,1.056,1.055,1.062,1.051,175102.0,1.0466222645099998,-0.09469696969698349,-0.001000000000000112,184732.61
2023-01-18,1.052,1.055,1.059,1.052,188423.0,0.665399239543718,0.0,0.0,198786.26499999998
2023-01-19,1.056,1.062,1.062,1.051,177443.0,1.0466222645099998,0.6635071090047573,0.007000000000000117,188444.46600000001
2023-01-20,1.061,1.073,1.074,1.061,268518.0,1.225259189443939,1.0357815442561202,0.010999999999999899,288119.814
2023-01-30,1.076,1.069,1.083,1.069,255546.0,1.3096351730589317,-0.37278657968312645,-0.0040000000000000036,273178.674
2023-01-31,1.069,1.072,1.074,1.066,294332.0,0.7504690431519689,0.280636108512633,0.0030000000000001137,315523.90400000004
2023-02-01,1.072,1.079,1.08,1.067,441815.0,1.2183692596063889,0.6529850746268551,0.006999999999999895,476718.385
2023-02-02,1.081,1.083,1.083,1.071,368416.0,1.1204481792717047,0.3707136237256714,0.0040000000000000036,398994.528
2023-02-03,1.08,1.073,1.08,1.062,350052.0,1.6949152542372836,-0.9233610341643606,-0.010000000000000009,375605.796
2023-02-06,1.064,1.059,1.067,1.057,265132.0,0.9460737937559083,-1.3047530288909592,-0.014000000000000012,280774.788
2023-02-07,1.059,1.068,1.068,1.059,217969.0,0.8498583569405138,0.8498583569405138,0.009000000000000119,232790.89200000002
2023-02-08,1.067,1.063,1.069,1.061,215425.0,0.7540056550424223,-0.46816479400749733,-0.0050000000000001155,228996.775
2023-02-09,1.061,1.069,1.071,1.061,217146.0,0.9425070688030113,0.5644402634054524,0.006000000000000005,232129.074
2023-02-10,1.072,1.071,1.074,1.066,235250.0,0.7504690431519689,0.187090739008422,0.0020000000000000018,251952.75
2023-02-13,1.073,1.077,1.078,1.065,355874.0,1.2206572769953183,0.5602240896358524,0.006000000000000005,383276.298
2023-02-14,1.077,1.082,1.083,1.077,207484.0,0.557103064066844,0.46425255338904403,0.0050000000000001155,224497.68800000002
2023-02-15,1.083,1.074,1.083,1.071,288549.0,1.1204481792717047,-0.7393715341959317,-0.008000000000000007,309901.62600000005
2023-02-16,1.074,1.065,1.083,1.058,285228.0,2.3629489603024467,-0.8379888268156499,-0.009000000000000119,303767.82
2023-02-17,1.066,1.065,1.075,1.064,254059.0,1.0338345864661536,0.0,0.0,270572.83499999996
2023-02-20,1.065,1.091,1.092,1.065,337193.0,2.5352112676056526,2.4413145539906145,0.026000000000000023,367877.56299999997
2023-02-21,1.093,1.106,1.108,1.093,325459.0,1.3723696248856498,1.3748854262144894,0.015000000000000124,359957.65400000004
2023-02-22,1.106,1.108,1.111,1.099,342027.0,1.0919017288444133,0.1808318264014508,0.0020000000000000018,378965.916
2023-02-23,1.106,1.109,1.118,1.104,291940.0,1.26811594202898,0.09025270758120651,0.0009999999999998899,323761.46
2023-02-24,1.109,1.105,1.112,1.096,263039.0,1.4598540145985384,-0.36068530207393756,-0.0040000000000000036,290658.095
2023-02-27,1.099,1.103,1.114,1.099,453324.0,1.364877161055511,-0.18099547511312153,-0.0020000000000000018,500016.372
2023-02-28,1.104,1.109,1.11,1.098,231588.0,1.0928961748633892,0.5439709882139709,0.006000000000000005,256831.092
2023-03-01,1.11,1.118,1.12,1.109,426458.0,0.9918845807033394,0.8115419296663706,0.009000000000000119,476780.04400000005
2023-03-02,1.118,1.125,1.128,1.114,325298.0,1.2567324955116588,0.6261180679785205,0.006999999999999895,365960.25
2023-03-03,1.126,1.131,1.132,1.121,292131.0,0.9812667261373642,0.5333333333333412,0.006000000000000005,330400.161
2023-03-06,1.131,1.124,1.134,1.122,205361.0,1.0695187165775222,-0.61892130857647,-0.006999999999999895,230825.76400000002
2023-03-07,1.124,1.117,1.137,1.117,310968.0,1.7905102954342,-0.6227758007117501,-0.007000000000000117,347351.256
2023-03-08,1.115,1.115,1.118,1.106,242941.0,1.0849909584086825,-0.17905102954342,-0.0020000000000000018,270879.215
2023-03-09,1.115,1.11,1.12,1.108,244008.0,1.0830324909747224,-0.4484304932735328,-0.004999999999999893,270848.88
2023-03-10,1.109,1.088,1.11,1.087,238740.0,2.1159153633854677,-1.981981981981984,-0.02200000000000002,259749.12000000002
2023-03-13,1.088,1.102,1.103,1.086,253755.0,1.5653775322283625,1.2867647058823595,0.014000000000000012,279638.01
2023-03-14,1.102,1.093,1.106,1.088,177772.0,1.6544117647058876,-0.8166969147005543,-0.009000000000000119,194304.796
2023-03-15,1.096,1.109,1.111,1.094,252151.0,1.5539305301645268,1.4638609332113361,0.016000000000000014,279635.459
2023-03-16,1.106,1.098,1.109,1.096,266973.0,1.1861313868613,-0.9918845807033283,-0.010999999999999899,293136.35400000005
2023-03-17,1.098,1.104,1.115,1.098,297911.0,1.5482695810564495,0.5464480874316946,0.006000000000000005,328893.744
2023-03-20,1.104,1.099,1.116,1.097,398130.0,1.7319963536919003,-0.45289855072464524,-0.0050000000000001155,437544.87
2023-03-21,1.099,1.099,1.105,1.095,151733.0,0.9132420091324311,0.0,0.0,166754.567
2023-03-22,1.099,1.104,1.11,1.098,124520.0,1.0928961748633892,0.45495905368517775,0.0050000000000001155,137470.08000000002
2023-03-23,1.103,1.104,1.105,1.096,306725.0,0.8211678832116709,0.0,0.0,338624.4
2023-03-24,1.104,1.094,1.104,1.093,202192.0,1.0064043915828158,-0.9057971014492794,-0.010000000000000009,221198.048
2023-03-27,1.092,1.083,1.093,1.075,391144.0,1.6744186046511622,-1.0054844606947055,-0.01100000000000012,423608.952
2023-03-28,1.083,1.085,1.088,1.08,302153.0,0.7407407407407307,0.1846722068328699,0.0020000000000000018,327836.005
2023-03-29,1.085,1.081,1.088,1.079,219267.0,0.8341056533827773,-0.36866359447004227,-0.0040000000000000036,237027.62699999998
2023-03-30,1.081,1.087,1.088,1.073,270598.0,1.3979496738117492,0.5550416281220993,0.006000000000000005,294140.026
2023-03-31,1.087,1.092,1.096,1.086,232154.0,0.9208103130755152,0.4599816007359703,0.0050000000000001155,253512.168
2023-04-03,1.094,1.099,1.101,1.093,185835.0,0.7319304666056681,0.6410256410256387,0.006999999999999895,204232.665
2023-04-04,1.099,1.104,1.105,1.093,253348.0,1.097895699908502,0.45495905368517775,0.0050000000000001155,279696.19200000004
2023-04-06,1.104,1.099,1.105,1.095,157285.0,0.9132420091324311,-0.45289855072464524,-0.0050000000000001155,172856.215
2023-04-07,1.098,1.1,1.103,1.096,292135.0,0.6386861313868453,0.09099181073703999,0.001000000000000112,321348.5
2023-04-10,1.1,1.098,1.101,1.096,301978.0,0.45620437956204185,-0.181818181818183,-0.0020000000000000018,331571.84400000004
2023-04-11,1.099,1.109,1.109,1.096,239208.0,1.1861313868613,1.001821493624755,0.010999999999999899,265281.672
2023-04-12,1.11,1.12,1.121,1.109,282645.0,1.0820559062218127,0.9918845807033394,0.01100000000000012,316562.4
2023-04-13,1.12,1.121,1.125,1.116,304818.0,0.8064516129032251,0.08928571428570287,0.0009999999999998899,341700.978
2023-04-14,1.121,1.119,1.125,1.113,166390.0,1.0781671159029615,-0.1784121320249743,-0.0020000000000000018,186190.41
2023-04-17,1.119,1.138,1.14,1.114,338498.0,2.333931777378795,1.6979445933869464,0.018999999999999906,385210.724
2023-04-18,1.138,1.142,1.143,1.134,275518.0,0.793650793650813,0.35149384885764245,0.0040000000000000036,314641.556
2023-04-19,1.142,1.14,1.146,1.139,178105.0,0.6145741878841093,-0.17513134851138146,-0.0020000000000000018,203039.69999999998
2023-04-20,1.139,1.143,1.145,1.13,231328.0,1.3274336283185972,0.263157894736854,0.0030000000000001137,264407.904
2023-04-21,1.143,1.132,1.151,1.128,469529.0,2.039007092198597,-0.9623797025371972,-0.01100000000000012,531506.828
2023-04-24,1.13,1.125,1.14,1.123,674814.0,1.513802315227064,-0.6183745583038802,-0.006999999999999895,759165.75
2023-04-25,1.127,1.133,1.137,1.117,677684.0,1.7905102954342,0.7111111111111068,0.008000000000000007,767815.972
2023-04-26,1.132,1.135,1.143,1.118,456407.0,2.2361359570661765,0.1765225066195919,0.0020000000000000018,518021.945
2023-04-27,1.136,1.139,1.145,1.129,363064.0,1.417183348095663,0.35242290748898064,0.0040000000000000036,413529.896
2023-04-28,1.139,1.157,1.158,1.137,256197.0,1.846965699208436,1.5803336259877065,0.018000000000000016,296419.929
2023-05-04,1.152,1.181,1.185,1.147,416052.0,3.3129904097646046,2.074330164217808,0.02400000000000002,491357.412
2023-05-05,1.182,1.188,1.194,1.171,198848.0,1.9641332194705319,0.5927180355630668,0.006999999999999895,236231.424
2023-05-08,1.187,1.216,1.221,1.184,704276.0,3.125000000000022,2.3569023569023573,0.028000000000000025,856399.6159999999
2023-05-09,1.216,1.198,1.229,1.198,475378.0,2.5876460767946696,-1.4802631578947345,-0.018000000000000016,569502.8439999999
2023-05-10,1.196,1.175,1.201,1.169,409800.0,2.73738237810095,-1.919866444073448,-0.02299999999999991,481515.0
2023-05-11,1.174,1.175,1.184,1.168,175908.0,1.3698630136986356,0.0,0.0,206691.9
2023-05-12,1.174,1.167,1.185,1.166,139162.0,1.6295025728988,-0.6808510638297904,-0.008000000000000007,162402.054
2023-05-15,1.164,1.168,1.171,1.142,444178.0,2.539404553415081,0.08568980291343564,0.0009999999999998899,518799.904
2023-05-16,1.17,1.16,1.195,1.157,745069.0,3.2843560933448535,-0.6849315068493178,-0.008000000000000007,864280.0399999999
2023-05-17,1.157,1.153,1.161,1.148,188819.0,1.1324041811846763,-0.6034482758620618,-0.006999999999999895,217708.307
2023-05-18,1.153,1.16,1.17,1.153,183032.0,1.4744145706851564,0.6071118820468291,0.006999999999999895,212317.12
2023-05-19,1.158,1.146,1.158,1.143,228312.0,1.3123359580052396,-1.2068965517241348,-0.014000000000000012,261645.55199999997
2023-05-22,1.145,1.145,1.152,1.14,276054.0,1.0526315789473717,-0.08726003490400203,-0.0009999999999998899,316081.83
2023-05-23,1.146,1.131,1.148,1.128,438936.0,1.773049645390068,-1.2227074235807822,-0.014000000000000012,496436.616
2023-05-24,1.129,1.113,1.129,1.108,315006.0,1.8953068592057587,-1.5915119363395291,-0.018000000000000016,350601.678
2023-05-25,1.112,1.103,1.112,1.093,475367.0,1.7383348581884839,-0.8984725965858087,-0.010000000000000009,524329.801
2023-05-26,1.104,1.116,1.118,1.099,333726.0,1.7288444040036488,1.1786038077969296,0.013000000000000123,372438.216
2023-05-29,1.12,1.127,1.134,1.113,346877.0,1.8867924528301883,0.9856630824372603,0.010999999999999899,390930.379
2023-05-30,1.126,1.128,1.135,1.11,278616.0,2.2522522522522515,0.08873114463174847,0.0009999999999998899,314278.848
2023-05-31,1.125,1.115,1.125,1.11,386522.0,1.3513513513513375,-1.1524822695035408,-0.0129999999999999,430972.02999999997
2023-06-01,1.112,1.11,1.122,1.105,216756.0,1.5384615384615552,-0.4484304932735328,-0.004999999999999893,240599.16000000003
2023-06-02,1.111,1.118,1.121,1.111,315372.0,0.900090009000909,0.7207207207207134,0.008000000000000007,352585.896
2023-06-05,1.118,1.125,1.127,1.113,358200.0,1.2578616352201255,0.6261180679785205,0.006999999999999895,402975.0
2023-06-06,1.123,1.115,1.136,1.112,370050.0,2.1582733812949506,-0.8888888888888946,-0.010000000000000009,412605.75
2023-06-07,1.117,1.128,1.129,1.116,398102.0,1.1648745519713177,1.1659192825111964,0.0129999999999999,449059.056
2023-06-08,1.128,1.14,1.142,1.119,415133.0,2.0554066130473503,1.0638297872340496,0.01200000000000001,473251.61999999994
2023-06-09,1.14,1.139,1.144,1.134,400351.0,0.8818342151675429,-0.0877192982456032,-0.0009999999999998899,455999.789
2023-06-12,1.139,1.13,1.139,1.129,259879.0,0.8857395925597977,-0.7901668129938644,-0.009000000000000119,293663.26999999996
2023-06-13,1.129,1.129,1.134,1.124,294934.0,0.8896797153024716,-0.08849557522122575,-0.0009999999999998899,332980.486
2023-06-14,1.128,1.122,1.135,1.12,272912.0,1.3392857142856984,-0.6200177147918429,-0.006999999999999895,306207.264
2023-06-15,1.123,1.122,1.124,1.114,557681.0,0.8976660682226134,0.0,0.0,625718.082
2023-06-16,1.123,1.119,1.126,1.114,654396.0,1.077199281867136,-0.2673796791443972,-0.0030000000000001137,732269.124
2023-06-19,1.119,1.104,1.119,1.103,541001.0,1.450589301903893,-1.3404825737265313,-0.014999999999999902,597265.104
2023-06-20,1.104,1.095,1.104,1.093,401415.0,1.0064043915828158,-0.815217391304357,-0.009000000000000119,439549.425
2023-06-21,1.094,1.089,1.098,1.087,479190.0,1.0119595216191435,-0.5479452054794498,-0.006000000000000005,521837.91
2023-06-26,1.088,1.071,1.088,1.065,525329.0,2.1596244131455444,-1.6528925619834767,-0.018000000000000016,562627.3589999999
2023-06-27,1.071,1.094,1.095,1.068,664166.0,2.528089887640439,2.147525676937456,0.02300000000000013,726597.604
2023-06-28,1.094,1.1,1.101,1.087,245343.0,1.2879484820607079,0.5484460694698434,0.006000000000000005,269877.30000000005
2023-06-29,1.1,1.098,1.124,1.094,634766.0,2.7422303473491727,-0.181818181818183,-0.0020000000000000018,696973.0680000001
2023-06-30,1.099,1.102,1.107,1.099,319760.0,0.7279344858962755,0.36429872495447047,0.0040000000000000036,352375.52
2023-07-03,1.102,1.115,1.118,1.102,366200.0,1.4519056261343088,1.1796733212341204,0.0129999999999999,408313.0
2023-07-04,1.116,1.111,1.116,1.106,273067.0,0.9041591320072317,-0.35874439461883734,-0.0040000000000000036,303377.437
2023-07-05,1.111,1.107,1.116,1.105,549714.0,0.9954751131221906,-0.36003600360036137,-0.0040000000000000036,608533.398
2023-07-06,1.107,1.103,1.111,1.099,274919.0,1.0919017288444133,-0.36133694670280603,-0.0040000000000000036,303235.657
2023-07-07,1.102,1.107,1.112,1.1,638930.0,1.090909090909098,0.3626473254759732,0.0040000000000000036,707295.51
2023-07-10,1.112,1.113,1.115,1.106,873861.0,0.8137432188064952,0.5420054200542035,0.006000000000000005,972607.293
2023-07-11,1.113,1.116,1.117,1.107,238940.0,0.9033423667569984,0.26954177897575704,0.0030000000000001137,266657.04000000004
2023-07-12,1.116,1.109,1.119,1.107,306861.0,1.084010840108407,-0.6272401433691899,-0.007000000000000117,340308.849
2023-07-13,1.109,1.121,1.128,1.109,1538482.0,1.7132551848512145,1.0820559062218127,0.01200000000000001,1724638.322
2023-07-14,1.125,1.125,1.13,1.121,330181.0,0.802854594112401,0.3568242640499486,0.0040000000000000036,371453.625
2023-07-17,1.124,1.119,1.124,1.112,282486.0,1.0791366906474753,-0.5333333333333301,-0.006000000000000005,316101.834
2023-07-18,1.118,1.119,1.122,1.112,269587.0,0.8992805755395628,0.0,0.0,301667.853
2023-07-19,1.115,1.127,1.127,1.115,329969.0,1.076233183856501,0.71492403932083,0.008000000000000007,371875.063
2023-07-20,1.126,1.123,1.132,1.12,316161.0,1.0714285714285454,-0.3549245785270605,-0.0040000000000000036,355048.803
2023-07-21,1.123,1.123,1.126,1.117,382330.0,0.8057296329453845,0.0,0.0,429356.59
2023-07-24,1.122,1.124,1.127,1.116,484971.0,0.9856630824372603,0.08904719501336977,0.001000000000000112,545107.4040000001
2023-07-25,1.129,1.147,1.147,1.129,407058.0,1.5943312666076181,2.0462633451957313,0.02299999999999991,466895.526
2023-07-26,1.146,1.147,1.149,1.143,385361.0,0.5249343832020914,0.0,0.0,442009.067
2023-07-27,1.147,1.152,1.16,1.147,408918.0,1.1333914559720881,0.43591979075849885,0.004999999999999893,471073.53599999996
2023-07-28,1.149,1.174,1.176,1.146,402377.0,2.617801047120416,1.909722222222232,0.02200000000000002,472390.598
2023-07-31,1.177,1.184,1.194,1.177,636304.0,1.4443500424808686,0.8517887563884274,0.010000000000000009,753383.936
2023-08-01,1.182,1.184,1.19,1.179,358191.0,0.9329940627650357,0.0,0.0,424098.144
2023-08-02,1.183,1.172,1.184,1.168,302507.0,1.3698630136986356,-1.0135135135135198,-0.01200000000000001,354538.20399999997
2023-08-03,1.17,1.182,1.182,1.164,362672.0,1.546391752577314,0.8532423208191142,0.010000000000000009,428678.304
2023-08-04,1.184,1.175,1.194,1.174,838143.0,1.7035775127768327,-0.5922165820642866,-0.006999999999999895,984818.025
2023-08-07,1.173,1.165,1.173,1.16,510152.0,1.1206896551724244,-0.8510638297872353,-0.010000000000000009,594327.0800000001
2023-08-08,1.161,1.161,1.168,1.157,289321.0,0.9507346585998278,-0.34334763948498104,-0.0040000000000000036,335901.681
2023-08-09,1.161,1.157,1.162,1.154,310396.0,0.6932409012131657,-0.3445305770887197,-0.0040000000000000036,359128.172
2023-08-10,1.157,1.163,1.165,1.155,327505.0,0.8658008658008587,0.5185825410544576,0.006000000000000005,380888.315
2023-08-11,1.165,1.145,1.165,1.142,381218.0,2.0140105078809256,-1.5477214101461745,-0.018000000000000016,436494.61
2023-08-14,1.141,1.141,1.145,1.125,486365.0,1.7777777777777892,-0.3493449781659441,-0.0040000000000000036,554942.465
2023-08-15,1.141,1.152,1.154,1.139,1376470.0,1.316944688323085,0.9640666082383786,0.010999999999999899,1585693.44
2023-08-16,1.148,1.151,1.158,1.14,415990.0,1.5789473684210575,-0.08680555555554692,-0.0009999999999998899,478804.49
2023-08-17,1.147,1.15,1.152,1.138,477054.0,1.2302284710017597,-0.08688097306690512,-0.001000000000000112,548612.1
2023-08-18,1.15,1.144,1.163,1.143,551366.0,1.7497812773403343,-0.521739130434784,-0.006000000000000005,630762.7039999999
2023-08-21,1.144,1.133,1.15,1.131,636893.0,1.6799292661361598,-0.9615384615384581,-0.010999999999999899,721599.769
2023-08-22,1.139,1.145,1.145,1.128,391887.0,1.507092198581561,1.0591350397175736,0.01200000000000001,448710.615
2023-08-23,1.142,1.14,1.151,1.137,445981.0,1.2313104661389573,-0.4366812227074357,-0.0050000000000001155,508418.33999999997
2023-08-24,1.14,1.131,1.144,1.128,434407.0,1.4184397163120588,-0.7894736842105177,-0.008999999999999897,491314.317
2023-08-25,1.13,1.134,1.143,1.126,357933.0,1.5097690941385578,0.2652519893899141,0.0029999999999998916,405896.02199999994
2023-08-28,1.206,1.151,1.206,1.149,430215.0,4.960835509138373,1.4991181657848518,0.017000000000000126,495177.465
2023-08-29,1.154,1.156,1.159,1.143,683463.0,1.3998250218722585,0.4344048653344812,0.004999999999999893,790083.2279999999
2023-08-30,1.155,1.148,1.158,1.142,640395.0,1.4010507880910739,-0.692041522491349,-0.008000000000000007,735173.46
2023-08-31,1.145,1.132,1.151,1.13,335817.0,1.8584070796460184,-1.3937282229965153,-0.016000000000000014,380144.844
2023-09-01,1.134,1.147,1.149,1.134,287259.0,1.3227513227513255,1.3250883392226243,0.015000000000000124,329486.07300000003
2023-09-04,1.149,1.166,1.169,1.149,390903.0,1.7406440382941701,1.6564952048822912,0.018999999999999906,455792.898
2023-09-05,1.167,1.156,1.167,1.153,309243.0,1.2142237640936804,-0.8576329331046351,-0.010000000000000009,357484.908
2023-09-06,1.152,1.156,1.158,1.149,373701.0,0.7832898172323688,0.0,0.0,431998.35599999997
2023-09-07,1.154,1.147,1.16,1.146,335095.0,1.221640488656206,-0.7785467128027634,-0.008999999999999897,384353.965
2023-09-08,1.147,1.141,1.147,1.136,291551.0,0.9683098591549477,-0.5231037489102031,-0.006000000000000005,332659.691
2023-09-11,1.141,1.15,1.153,1.141,274684.0,1.0517090271691565,0.7887817703768452,0.008999999999999897,315886.6
2023-09-12,1.15,1.149,1.152,1.147,202683.0,0.43591979075849885,-0.08695652173912327,-0.0009999999999998899,232882.767
2023-09-13,1.149,1.153,1.158,1.147,292359.0,0.9590235396687019,0.3481288076588429,0.0040000000000000036,337089.927
2023-09-14,1.153,1.164,1.166,1.15,458433.0,1.3913043478260834,0.95403295750216,0.010999999999999899,533616.012
2023-09-15,1.167,1.165,1.174,1.16,502416.0,1.206896551724146,0.0859106529209619,0.001000000000000112,585314.64
2023-09-18,1.164,1.163,1.165,1.153,418718.0,1.0407632263659927,-0.17167381974249052,-0.0020000000000000018,486969.034
2023-09-19,1.163,1.173,1.176,1.162,1115632.0,1.2048192771084265,0.8598452278589797,0.010000000000000009,1308636.3360000001
2023-09-20,1.171,1.178,1.18,1.166,794654.0,1.2006861063464935,0.4262574595055302,0.004999999999999893,936102.4119999999
2023-09-21,1.175,1.168,1.179,1.165,491390.0,1.2017167381974225,-0.8488964346349714,-0.010000000000000009,573943.52
2023-09-22,1.164,1.172,1.174,1.16,806852.0,1.206896551724146,0.3424657534246478,0.0040000000000000036,945630.544
2023-09-25,1.173,1.17,1.177,1.167,381429.0,0.8568980291345341,-0.17064846416382506,-0.0020000000000000018,446271.93
2023-09-26,1.169,1.164,1.17,1.161,350688.0,0.7751937984496138,-0.512820512820511,-0.006000000000000005,408200.832
2023-09-27,1.16,1.16,1.166,1.157,519359.0,0.7778738115816752,-0.3436426116838476,-0.0040000000000000036,602456.44
2023-09-28,1.164,1.159,1.165,1.158,337041.0,0.6044905008635748,-0.08620689655171043,-0.0009999999999998899,390630.51900000003
2023-10-09,1.158,1.154,1.158,1.144,448582.0,1.2237762237762295,-0.43140638481450333,-0.0050000000000001155,517663.62799999997
2023-10-10,1.154,1.142,1.159,1.141,376508.0,1.5775635407537347,-1.0398613518197597,-0.01200000000000001,429972.13599999994
2023-10-11,1.143,1.138,1.145,1.133,486543.0,1.0591350397175736,-0.3502626970227629,-0.0040000000000000036,553685.934
2023-10-12,1.14,1.15,1.152,1.14,272386.0,1.0526315789473717,1.0544815465729274,0.01200000000000001,313243.89999999997
2023-10-13,1.146,1.148,1.152,1.143,447093.0,0.7874015748031482,-0.17391304347825765,-0.0020000000000000018,513262.76399999997
2023-10-16,1.15,1.151,1.152,1.143,695919.0,0.7874015748031482,0.2613240418118501,0.0030000000000001137,801002.769
2023-10-17,1.152,1.154,1.154,1.147,342200.0,0.6102877070618851,0.26064291920069316,0.0029999999999998916,394898.8
2023-10-18,1.154,1.142,1.154,1.141,331227.0,1.1393514460999121,-1.0398613518197597,-0.01200000000000001,378261.234
2023-10-19,1.14,1.121,1.14,1.121,345014.0,1.6949152542372836,-1.838879159369522,-0.020999999999999908,386760.694
2023-10-20,1.119,1.113,1.122,1.11,413196.0,1.0810810810810922,-0.7136485280999083,-0.008000000000000007,459887.148
2023-10-23,1.113,1.1,1.113,1.091,405956.0,2.016498625114571,-1.1680143755615324,-0.0129999999999999,446551.60000000003
2023-10-24,1.103,1.106,1.109,1.096,464810.0,1.1861313868613,0.5454545454545379,0.006000000000000005,514079.86000000004
2023-10-25,1.111,1.117,1.121,1.111,464178.0,0.900090009000909,0.994575045207946,0.010999999999999899,518486.826
2023-10-26,1.114,1.124,1.124,1.111,331102.0,1.1701170117011772,0.6266786034019756,0.007000000000000117,372158.64800000004
2023-10-27,1.124,1.129,1.133,1.12,373636.0,1.1607142857142705,0.4448398576512469,0.004999999999999893,421835.044
2023-10-30,1.128,1.114,1.128,1.113,665989.0,1.3477088948786964,-1.3286093888396744,-0.014999999999999902,741911.746
2023-10-31,1.113,1.117,1.119,1.108,799374.0,0.9927797833934937,0.2692998204667729,0.0029999999999998916,892900.758
2023-11-01,1.117,1.115,1.117,1.108,672854.0,0.8122743682310363,-0.17905102954342,-0.0020000000000000018,750232.21
2023-11-02,1.113,1.117,1.122,1.113,304674.0,0.8086253369272267,0.17937219730941312,0.0020000000000000018,340320.858
2023-11-03,1.117,1.113,1.12,1.111,440236.0,0.810081008100827,-0.35810205908684,-0.0040000000000000036,489982.668
2023-11-06,1.115,1.11,1.116,1.106,421442.0,0.9041591320072317,-0.26954177897573484,-0.0029999999999998916,467800.62000000005
2023-11-07,1.11,1.109,1.112,1.102,759043.0,0.9074410163339319,-0.09009009009010027,-0.001000000000000112,841778.687
2023-11-08,1.108,1.106,1.111,1.102,759649.0,0.8166969147005432,-0.27051397655544207,-0.0029999999999998916,840171.7940000001
2023-11-09,1.105,1.115,1.117,1.104,402592.0,1.1775362318840576,0.8137432188064952,0.008999999999999897,448890.08
2023-11-10,1.113,1.11,1.113,1.105,316572.0,0.7239819004524861,-0.4484304932735328,-0.004999999999999893,351394.92000000004
2023-11-13,1.111,1.112,1.113,1.101,597153.0,1.089918256130784,0.18018018018017834,0.0020000000000000018,664034.136
2023-11-14,1.112,1.111,1.114,1.106,304315.0,0.723327305605781,-0.08992805755396738,-0.001000000000000112,338093.96499999997
2023-11-15,1.115,1.117,1.117,1.113,278078.0,0.3593890386343279,0.5400540054005365,0.006000000000000005,310613.126
2023-11-16,1.115,1.116,1.118,1.111,207951.0,0.6300630063006407,-0.08952551477170445,-0.0009999999999998899,232073.31600000002
2023-11-17,1.112,1.112,1.114,1.107,219189.0,0.6323396567299078,-0.35842293906810374,-0.0040000000000000036,243738.16800000003
2023-11-20,1.111,1.115,1.116,1.108,490424.0,0.7220216606498298,0.2697841726618577,0.0029999999999998916,546822.76
2023-11-21,1.115,1.121,1.127,1.114,348731.0,1.1669658886894085,0.5381165919282616,0.006000000000000005,390927.451
2023-11-22,1.117,1.118,1.125,1.116,271263.0,0.8064516129032251,-0.2676181980374559,-0.0029999999999998916,303272.03400000004
2023-11-23,1.117,1.123,1.126,1.114,1158527.0,1.077199281867136,0.4472271914132353,0.004999999999999893,1301025.821
2023-11-24,1.123,1.126,1.129,1.122,319870.0,0.6238859180035528,0.2671415850400649,0.0029999999999998916,360173.61999999994
2023-11-27,1.125,1.122,1.125,1.116,269851.0,0.8064516129032251,-0.3552397868561097,-0.0039999999999997815,302772.82200000004
2023-11-28,1.121,1.123,1.123,1.114,201952.0,0.807899461400341,0.08912655971478056,0.0009999999999998899,226792.096
2023-11-29,1.122,1.116,1.123,1.113,293586.0,0.8984725965857976,-0.6233303650934885,-0.006999999999999895,327641.976
2023-11-30,1.114,1.116,1.119,1.112,233918.0,0.6294964028776828,0.0,0.0,261052.488
2023-12-01,1.116,1.124,1.125,1.116,284634.0,0.8064516129032251,0.7168458781362075,0.008000000000000007,319928.61600000004
2023-12-04,1.124,1.122,1.125,1.119,309793.0,0.536193029490617,-0.1779359430605032,-0.0020000000000000018,347587.74600000004
2023-12-05,1.12,1.107,1.121,1.106,371704.0,1.3562386980108476,-1.3368983957219416,-0.015000000000000124,411476.328
2023-12-06,1.107,1.107,1.109,1.096,373924.0,1.1861313868613,0.0,0.0,413933.868
2023-12-07,1.105,1.108,1.111,1.099,336387.0,1.0919017288444133,0.09033423667570428,0.001000000000000112,372716.79600000003
2023-12-08,1.108,1.106,1.112,1.102,265129.0,0.9074410163339319,-0.18050541516245744,-0.0020000000000000018,293232.674
2023-12-11,1.1,1.119,1.12,1.087,426907.0,3.0358785648574083,1.1754068716093968,0.0129999999999999,477708.933
2023-12-12,1.116,1.125,1.125,1.11,401479.0,1.3513513513513375,0.536193029490617,0.006000000000000005,451663.875
2023-12-13,1.122,1.116,1.125,1.115,412161.0,0.8968609865470878,-0.7999999999999896,-0.008999999999999897,459971.67600000004
2023-12-14,1.118,1.116,1.121,1.115,315494.0,0.5381165919282616,0.0,0.0,352091.304
2023-12-15,1.116,1.11,1.119,1.106,369983.0,1.1754068716093968,-0.5376344086021501,-0.006000000000000005,410681.13000000006
2023-12-18,1.106,1.107,1.113,1.101,297771.0,1.089918256130784,-0.2702702702702786,-0.0030000000000001137,329632.497
2023-12-19,1.106,1.103,1.106,1.098,302432.0,0.7285974499089187,-0.36133694670280603,-0.0040000000000000036,333582.496
2023-12-20,1.103,1.098,1.109,1.098,270261.0,1.001821493624755,-0.453309156844961,-0.004999999999999893,296746.57800000004
2023-12-21,1.096,1.097,1.098,1.086,379412.0,1.104972375690605,-0.09107468123862317,-0.001000000000000112,416214.964
2023-12-22,1.097,1.093,1.101,1.091,353208.0,0.9165902841429929,-0.3646308113035568,-0.0040000000000000036,386056.344
2023-12-25,1.093,1.094,1.095,1.086,570352.0,0.828729281767937,0.09149130832570851,0.001000000000000112,623965.0880000001
2023-12-26,1.094,1.09,1.102,1.087,310362.0,1.379944802207933,-0.3656307129798919,-0.0040000000000000036,338294.58
2023-12-27,1.09,1.097,1.097,1.084,316893.0,1.1992619926199266,0.6422018348623659,0.006999999999999895,347631.621
2023-12-28,1.096,1.095,1.098,1.089,397799.0,0.826446280991755,-0.1823154056517784,-0.0020000000000000018,435589.90499999997
2023-12-29,1.094,1.098,1.1,1.092,580939.0,0.73260073260073,0.273972602739736,0.0030000000000001137,637871.022
2024-01-02,1.097,1.111,1.117,1.097,441599.0,1.823154056517784,1.1839708561020013,0.0129999999999999,490616.489
2024-01-03,1.112,1.123,1.126,1.111,460742.0,1.3501350135013412,1.080108010801073,0.01200000000000001,517413.266
2024-01-04,1.124,1.13,1.131,1.12,383363.0,0.9821428571428426,0.6233303650934996,0.006999999999999895,433200.18999999994
2024-01-05,1.13,1.133,1.149,1.126,3239568.0,2.042628774422739,0.26548672566373277,0.0030000000000001137,3670430.544
2024-01-08,1.128,1.119,1.129,1.117,639677.0,1.07430617726052,-1.2356575463371544,-0.014000000000000012,715798.563
2024-01-09,1.116,1.127,1.129,1.111,628240.0,1.6201620162016317,0.71492403932083,0.008000000000000007,708026.48
2024-01-10,1.125,1.121,1.127,1.118,251662.0,0.805008944543828,-0.5323868677905907,-0.006000000000000005,282113.102
2024-01-11,1.117,1.115,1.12,1.11,1332317.0,0.9009009009008917,-0.535236396074934,-0.006000000000000005,1485533.455
2024-01-12,1.111,1.117,1.121,1.11,368518.0,0.9909909909909809,0.17937219730941312,0.0020000000000000018,411634.60599999997
2024-01-15,1.112,1.121,1.123,1.111,244766.0,1.080108010801073,0.35810205908684,0.0040000000000000036,274382.686
2024-01-16,1.119,1.124,1.128,1.114,1633884.0,1.2567324955116588,0.267618198037467,0.0030000000000001137,1836485.6160000002
2024-01-17,1.123,1.107,1.127,1.102,583395.0,2.26860254083483,-1.5124555160142439,-0.017000000000000126,645818.265
2024-01-18,1.104,1.098,1.106,1.068,608623.0,3.5580524344569264,-0.8130081300812941,-0.008999999999999897,668268.054
2024-01-19,1.095,1.094,1.102,1.089,361833.0,1.1937557392103004,-0.36429872495445936,-0.0040000000000000036,395845.302
2024-01-22,1.093,1.055,1.093,1.046,558590.0,4.493307839388128,-3.564899451553949,-0.039000000000000146,589312.45
2024-01-23,1.049,1.068,1.072,1.041,600299.0,2.977905859750263,1.2322274881516604,0.013000000000000123,641119.332
2024-01-24,1.068,1.095,1.095,1.062,556612.0,3.1073446327683607,2.528089887640439,0.026999999999999913,609490.14
2024-01-25,1.096,1.126,1.129,1.094,1140577.0,3.199268738574035,2.8310502283104944,0.030999999999999917,1284289.7019999998
2024-01-26,1.126,1.145,1.148,1.125,596715.0,2.0444444444444265,1.6873889875666181,0.019000000000000128,683238.675
2024-01-29,1.144,1.148,1.158,1.144,872384.0,1.2237762237762295,0.26200873362445254,0.0029999999999998916,1001496.8319999999
2024-01-30,1.144,1.13,1.151,1.129,679584.0,1.9486271036315284,-1.5679442508710784,-0.018000000000000016,767929.9199999999
2024-01-31,1.125,1.129,1.141,1.121,461202.0,1.7841213202497874,-0.08849557522122575,-0.0009999999999998899,520697.058
2024-02-01,1.126,1.118,1.127,1.109,407570.0,1.6230838593327412,-0.9743135518157531,-0.010999999999999899,455663.26000000007
2024-02-02,1.116,1.115,1.134,1.091,2377357.0,3.9413382218148385,-0.26833631484795006,-0.0030000000000001137,2650753.055
2024-02-05,1.111,1.115,1.126,1.085,431451.0,3.778801843317958,0.0,0.0,481067.865
2024-02-06,1.107,1.141,1.148,1.103,672044.0,4.079782411604715,2.331838565022415,0.026000000000000023,766802.204
2024-02-07,1.138,1.163,1.164,1.131,791498.0,2.917771883289122,1.9281332164767795,0.02200000000000002,920512.174
2024-02-08,1.162,1.17,1.183,1.161,703315.0,1.8949181739879473,0.6018916595012858,0.006999999999999895,822878.5499999999
2024-02-19,1.174,1.193,1.194,1.159,566295.0,3.019844693701468,1.965811965811981,0.02300000000000013,675589.935
2024-02-20,1.196,1.207,1.211,1.185,3281744.0,2.1940928270042237,1.1735121542330251,0.014000000000000012,3961065.0080000004
2024-02-21,1.206,1.208,1.228,1.2,509490.0,2.333333333333343,0.08285004142500885,0.0009999999999998899,615463.9199999999
2024-02-22,1.208,1.23,1.231,1.206,348841.0,2.072968490878946,1.821192052980125,0.02200000000000002,429074.43
2024-02-23,1.229,1.221,1.234,1.216,354691.0,1.4802631578947345,-0.7317073170731603,-0.008999999999999897,433077.711
2024-02-26,1.222,1.198,1.222,1.194,1149232.0,2.345058626465657,-1.8837018837018937,-0.02300000000000013,1376779.936
2024-02-27,1.196,1.206,1.209,1.192,505178.0,1.4261744966443057,0.6677796327211993,0.008000000000000007,609244.668
2024-02-28,1.204,1.197,1.213,1.193,653760.0,1.67644593461862,-0.746268656716409,-0.008999999999999897,782550.7200000001
2024-02-29,1.193,1.207,1.207,1.19,387306.0,1.4285714285714457,0.8354218880534781,0.010000000000000009,467478.342
2024-03-01,1.205,1.207,1.213,1.203,383896.0,0.8312551953449709,0.0,0.0,463362.472
2024-03-04,1.205,1.215,1.218,1.201,361435.0,1.4154870940882525,0.6628003314001596,0.008000000000000007,439143.525
2024-03-05,1.213,1.223,1.224,1.21,329840.0,1.1570247933884392,0.6584362139917754,0.008000000000000007,403394.32
2024-03-06,1.223,1.223,1.231,1.221,369433.0,0.8190008190008147,0.0,0.0,451816.559
2024-03-07,1.226,1.23,1.24,1.224,793755.0,1.3071895424836555,0.5723630417007186,0.006999999999999895,976318.65
2024-03-08,1.23,1.236,1.238,1.221,566274.0,1.392301392301376,0.4878048780487809,0.006000000000000005,699914.664
2024-03-11,1.232,1.225,1.237,1.212,1460098.0,2.0627062706270793,-0.8899676375404453,-0.010999999999999899,1788620.05
2024-03-12,1.22,1.199,1.222,1.197,977878.0,2.0885547201336507,-2.12244897959184,-0.026000000000000023,1172475.722
2024-03-13,1.198,1.194,1.199,1.183,552353.0,1.3524936601859716,-0.417014178482078,-0.0050000000000001155,659509.482
2024-03-14,1.194,1.2,1.204,1.192,1107995.0,1.0067114093959662,0.5025125628140614,0.006000000000000005,1329594.0
2024-03-15,1.199,1.198,1.2,1.188,837334.0,1.0101010101010166,-0.16666666666667052,-0.0020000000000000018,1003126.132
2024-03-18,1.197,1.194,1.198,1.186,544815.0,1.0118043844856706,-0.33388981636059967,-0.0040000000000000036,650509.11
2024-03-19,1.192,1.19,1.2,1.189,308431.0,0.9251471825062918,-0.335008375209378,-0.0040000000000000036,367032.88999999996
2024-03-20,1.189,1.196,1.199,1.184,561440.0,1.266891891891908,0.5042016806722671,0.006000000000000005,671482.24
2024-03-21,1.197,1.199,1.201,1.191,1040759.0,0.8396305625524736,0.2508361204013543,0.0030000000000001137,1247870.041
2024-03-22,1.195,1.195,1.199,1.185,290727.0,1.181434599156117,-0.33361134278565574,-0.0040000000000000036,347418.765
2024-03-25,1.192,1.196,1.209,1.187,376310.0,1.8534119629317614,0.08368200836819106,0.0009999999999998899,450066.76
2024-03-26,1.194,1.194,1.198,1.184,274430.0,1.1824324324324342,-0.16722408026755842,-0.0020000000000000018,327669.42
2024-03-27,1.19,1.188,1.2,1.188,655120.0,1.0101010101010166,-0.5025125628140725,-0.006000000000000005,778282.5599999999
2024-03-28,1.188,1.188,1.195,1.179,296871.0,1.3570822731128196,0.0,0.0,352682.74799999996
2024-03-29,1.187,1.2,1.2,1.185,526915.0,1.2658227848101111,1.0101010101010166,0.01200000000000001,632298.0
2024-04-01,1.199,1.205,1.206,1.194,566154.0,1.005025125628145,0.4166666666666874,0.0050000000000001155,682215.5700000001
2024-04-02,1.205,1.21,1.214,1.203,244369.0,0.9143807148794592,0.4149377593360981,0.004999999999999893,295686.49
2024-04-03,1.208,1.223,1.224,1.208,358282.0,1.324503311258285,1.0743801652892682,0.013000000000000123,438178.88600000006
2024-04-08,1.223,1.22,1.233,1.214,362275.0,1.565074135090616,-0.24529844644318732,-0.0030000000000001137,441975.5
2024-04-09,1.218,1.216,1.226,1.211,1027430.0,1.2386457473162693,-0.3278688524590123,-0.0040000000000000036,1249354.88
2024-04-10,1.215,1.22,1.226,1.212,480287.0,1.1551155115511635,0.328947368421062,0.0040000000000000036,585950.14
2024-04-11,1.215,1.232,1.237,1.211,267774.0,2.146985962014858,0.9836065573770592,0.01200000000000001,329897.56799999997
2024-04-12,1.228,1.225,1.234,1.222,265653.0,0.9819967266775809,-0.5681818181818121,-0.006999999999999895,325424.92500000005
2024-04-15,1.228,1.25,1.254,1.219,405230.0,2.8712059064807116,2.0408163265306145,0.02499999999999991,506537.5
2024-04-16,1.25,1.249,1.265,1.24,442615.0,2.0161290322580516,-0.07999999999999119,-0.0009999999999998899,552826.135
2024-04-17,1.247,1.269,1.271,1.238,590589.0,2.6655896607431284,1.601281024819845,0.019999999999999796,749457.441
2024-04-18,1.265,1.274,1.288,1.264,813399.0,1.8987341772152,0.3940110323089163,0.0050000000000001155,1036270.326
2024-04-19,1.272,1.282,1.291,1.269,409470.0,1.733648542159183,0.6279434850863463,0.008000000000000007,524940.54
2024-04-22,1.281,1.255,1.288,1.251,630858.0,2.9576338928857027,-2.1060842433697435,-0.027000000000000135,791726.7899999999
2024-04-23,1.245,1.232,1.247,1.228,844013.0,1.547231270358318,-1.8326693227091573,-0.02299999999999991,1039824.016
2024-04-24,1.228,1.233,1.234,1.217,594928.0,1.396877567789634,0.08116883116884299,0.001000000000000112,733546.224
2024-04-25,1.228,1.238,1.239,1.227,333362.0,0.9779951100244544,0.40551500405514584,0.004999999999999893,412702.156
2024-04-26,1.235,1.23,1.242,1.22,1107827.0,1.80327868852459,-0.646203554119551,-0.008000000000000007,1362627.21
2024-04-29,1.23,1.229,1.23,1.212,909551.0,1.4851485148514865,-0.08130081300812275,-0.0009999999999998899,1117838.179
2024-04-30,1.229,1.231,1.24,1.223,788479.0,1.3900245298446468,0.16273393002441683,0.0020000000000000018,970617.6490000001
2024-05-06,1.236,1.246,1.246,1.229,380701.0,1.3832384052074875,1.2185215272136452,0.014999999999999902,474353.446
2024-05-07,1.244,1.246,1.247,1.237,298490.0,0.808407437348424,0.0,0.0,371918.54
2024-05-08,1.244,1.248,1.253,1.241,600362.0,0.9669621273166618,0.16051364365972098,0.0020000000000000018,749251.776
2024-05-09,1.248,1.257,1.259,1.246,402832.0,1.0433386837881198,0.7211538461538325,0.008999999999999897,506359.82399999996
2024-05-10,1.257,1.263,1.265,1.25,601811.0,1.200000000000001,0.4773269689737569,0.006000000000000005,760087.293
2024-05-13,1.262,1.267,1.269,1.249,571736.0,1.601281024819845,0.3167062549485289,0.0040000000000000036,724389.512
2024-05-14,1.262,1.264,1.268,1.255,262872.0,1.0358565737051961,-0.23677979479083122,-0.0029999999999998916,332270.208
2024-05-15,1.262,1.264,1.272,1.256,349230.0,1.273885350318471,0.0,0.0,441426.72000000003
2024-05-16,1.262,1.267,1.273,1.262,253835.0,0.8716323296354966,0.2373417721518889,0.0029999999999998916,321608.94499999995
2024-05-17,1.267,1.279,1.281,1.262,647394.0,1.5055467511885912,0.9471191791633693,0.01200000000000001,828016.926
2024-05-20,1.283,1.294,1.297,1.279,334230.0,1.407349491790466,1.1727912431587217,0.015000000000000124,432493.62
2024-05-21,1.292,1.298,1.302,1.29,339147.0,0.9302325581395321,0.3091190108191588,0.0040000000000000036,440212.80600000004
2024-05-22,1.297,1.297,1.311,1.296,371096.0,1.157407407407396,-0.0770416024653442,-0.001000000000000112,481311.512
2024-05-23,1.296,1.279,1.296,1.277,218803.0,1.4878621769772948,-1.3878180416345476,-0.018000000000000016,279849.03699999995
2024-05-24,1.279,1.276,1.293,1.275,327980.0,1.4117647058823568,-0.23455824863173325,-0.0029999999999998916,418502.48
2024-05-27,1.276,1.298,1.298,1.276,359060.0,1.724137931034475,1.724137931034475,0.02200000000000002,466059.88
2024-05-28,1.297,1.291,1.301,1.289,314048.0,0.9309542280837801,-0.5392912172573316,-0.007000000000000117,405435.968
2024-05-29,1.289,1.294,1.303,1.288,295054.0,1.1645962732919068,0.23237800154920496,0.0030000000000001137,381799.876
2024-05-30,1.294,1.283,1.301,1.279,354280.0,1.7200938232994512,-0.8500772797527145,-0.01100000000000012,454541.24
2024-05-31,1.282,1.286,1.292,1.282,234595.0,0.7800312012480548,0.23382696804366,0.0030000000000001137,301689.17
2024-06-03,1.282,1.273,1.285,1.267,341845.0,1.4206787687450761,-1.010886469673411,-0.013000000000000123,435168.685
2024-06-04,1.273,1.282,1.283,1.266,230885.0,1.3428120063191162,0.706991358994502,0.009000000000000119,295994.57
2024-06-05,1.282,1.265,1.283,1.264,381912.0,1.5031645569620222,-1.3260530421216998,-0.017000000000000126,483118.67999999993
2024-06-06,1.267,1.267,1.277,1.265,518856.0,0.9486166007905084,0.15810276679841806,0.0020000000000000018,657390.5519999999
2024-06-07,1.271,1.28,1.281,1.268,333970.0,1.0252365930599305,1.0260457774269982,0.013000000000000123,427481.60000000003
2024-06-11,1.279,1.258,1.279,1.251,474861.0,2.2382094324540303,-1.7187500000000022,-0.02200000000000002,597375.138
2024-06-12,1.256,1.273,1.274,1.25,311479.0,1.9200000000000106,1.19236883942766,0.014999999999999902,396512.767
2024-06-13,1.271,1.258,1.273,1.253,405371.0,1.596169193934549,-1.178318931657496,-0.014999999999999902,509956.718
2024-06-14,1.255,1.259,1.261,1.25,228221.0,0.8799999999999919,0.07949125596182771,0.0009999999999998899,287330.239
2024-06-17,1.255,1.241,1.26,1.238,375841.0,1.7770597738287597,-1.4297061159650348,-0.017999999999999794,466418.68100000004
2024-06-18,1.24,1.243,1.247,1.232,346356.0,1.2175324675324672,0.16116035455278066,0.0020000000000000018,430520.50800000003
2024-06-19,1.244,1.241,1.249,1.239,363848.0,0.8071025020177647,-0.16090104585679832,-0.0020000000000000018,451535.368
2024-06-20,1.239,1.239,1.246,1.234,343161.0,0.9724473257698651,-0.16116035455278066,-0.0020000000000000018,425176.47900000005
2024-06-21,1.239,1.24,1.244,1.233,415684.0,0.8921330089213253,0.08071025020177647,0.0009999999999998899,515448.16
2024-06-24,1.238,1.223,1.238,1.216,449843.0,1.8092105263157965,-1.3709677419354804,-0.016999999999999904,550157.9890000001
2024-06-25,1.223,1.225,1.233,1.221,353483.0,0.9828009828009909,0.16353229762877675,0.0020000000000000018,433016.67500000005
2024-06-26,1.225,1.231,1.233,1.218,512495.0,1.2315270935960632,0.4897959183673528,0.006000000000000005,630881.3450000001
2024-06-27,1.229,1.226,1.235,1.222,551144.0,1.0638297872340496,-0.4061738424045558,-0.0050000000000001155,675702.544
2024-06-28,1.225,1.234,1.24,1.224,577142.0,1.3071895424836555,0.6525285481239873,0.008000000000000007,712193.228
2024-07-01,1.233,1.264,1.264,1.233,543587.0,2.514193025141931,2.4311183144246407,0.030000000000000027,687093.968
2024-07-02,1.261,1.26,1.266,1.25,564069.0,1.2799999999999923,-0.31645569620253333,-0.0040000000000000036,710726.9400000001
2024-07-03,1.256,1.251,1.261,1.247,376987.0,1.1226944667201089,-0.7142857142857229,-0.009000000000000119,471610.73699999996
2024-07-04,1.249,1.241,1.255,1.239,232170.0,1.2913640032284013,-0.7993605115907076,-0.009999999999999787,288122.97000000003
2024-07-05,1.24,1.238,1.244,1.227,603814.0,1.3854930725346382,-0.2417405318291821,-0.0030000000000001137,747521.732
2024-07-08,1.237,1.229,1.24,1.227,475048.0,1.0594947025264867,-0.7269789983844865,-0.008999999999999897,583833.9920000001
2024-07-09,1.229,1.245,1.246,1.221,658365.0,2.0475020475020367,1.3018714401952902,0.016000000000000014,819664.425
2024-07-10,1.242,1.221,1.242,1.219,860931.0,1.8867924528301883,-1.927710843373498,-0.02400000000000002,1051196.7510000002
2024-07-11,1.226,1.225,1.227,1.217,311970.0,0.8216926869350827,0.3276003276003303,0.0040000000000000036,382163.25
2024-07-12,1.225,1.222,1.231,1.22,755243.0,0.9016393442623061,-0.2448979591836875,-0.0030000000000001137,922906.946
2024-07-15,1.221,1.235,1.236,1.217,637116.0,1.5612161051766549,1.0638297872340496,0.013000000000000123,786838.26
2024-07-16,1.233,1.228,1.234,1.223,258999.0,0.8994276369582943,-0.5668016194332104,-0.007000000000000117,318050.772
2024-07-17,1.229,1.223,1.229,1.217,325496.0,0.9860312243221037,-0.4071661237784907,-0.004999999999999893,398081.608
2024-07-18,1.221,1.223,1.224,1.208,410428.0,1.324503311258285,0.0,0.0,501953.444
2024-07-19,1.221,1.216,1.221,1.209,293986.0,0.992555831265518,-0.5723630417007408,-0.007000000000000117,357486.97599999997
2024-07-22,1.214,1.204,1.215,1.191,593231.0,2.015113350125941,-0.9868421052631637,-0.01200000000000001,714250.124
2024-07-23,1.202,1.189,1.202,1.187,229327.0,1.2636899747261898,-1.2458471760797285,-0.014999999999999902,272669.803
2024-07-24,1.186,1.186,1.191,1.179,268937.0,1.0178117048346147,-0.2523128679562725,-0.0030000000000001137,318959.282
2024-07-25,1.184,1.18,1.184,1.171,555788.0,1.110162254483349,-0.5059021922428353,-0.006000000000000005,655829.84
2024-07-26,1.182,1.181,1.186,1.173,338572.0,1.1082693947144007,0.08474576271186862,0.001000000000000112,399853.532
2024-07-29,1.181,1.184,1.185,1.175,250073.0,0.8510638297872353,0.2540220152413175,0.0029999999999998916,296086.432
2024-07-30,1.182,1.174,1.182,1.169,280906.0,1.112061591103508,-0.8445945945945943,-0.010000000000000009,329783.644
2024-07-31,1.174,1.196,1.196,1.174,1138788.0,1.873935264054527,1.873935264054527,0.02200000000000002,1361990.4479999999
2024-08-01,1.195,1.194,1.2,1.192,244990.0,0.6711409395973256,-0.16722408026755842,-0.0020000000000000018,292518.06
2024-08-02,1.191,1.191,1.196,1.184,280779.0,1.0135135135135087,-0.2512562814070307,-0.0029999999999998916,334407.789
2024-08-05,1.189,1.175,1.194,1.173,230541.0,1.7902813299232712,-1.3434089000839644,-0.016000000000000014,270885.675
2024-08-06,1.178,1.171,1.185,1.161,461419.0,2.067183462532296,-0.34042553191488967,-0.0040000000000000036,540321.649
2024-08-07,1.17,1.175,1.181,1.167,316944.0,1.1996572407883432,0.3415883859948732,0.0040000000000000036,372409.2
2024-08-08,1.176,1.181,1.184,1.171,237430.0,1.110162254483349,0.5106382978723456,0.006000000000000005,280404.83
2024-08-09,1.182,1.174,1.186,1.173,953774.0,1.1082693947144007,-0.592718035563089,-0.007000000000000117,1119730.676
2024-08-12,1.174,1.181,1.187,1.172,1183772.0,1.2798634812286824,0.596252129471897,0.007000000000000117,1398034.732
2024-08-13,1.183,1.184,1.185,1.175,223206.0,0.8510638297872353,0.2540220152413175,0.0029999999999998916,264275.904
2024-08-14,1.184,1.178,1.185,1.178,116124.0,0.5942275042444933,-0.5067567567567544,-0.006000000000000005,136794.072
2024-08-15,1.178,1.19,1.195,1.176,256788.0,1.6156462585034115,1.018675721561979,0.01200000000000001,305577.72
2024-08-16,1.19,1.191,1.193,1.187,132352.0,0.5054759898904804,0.08403361344537785,0.001000000000000112,157631.23200000002
2024-08-19,1.191,1.201,1.202,1.189,222622.0,1.0933557611437994,0.8396305625524736,0.010000000000000009,267369.022
2024-08-20,1.201,1.187,1.203,1.181,209527.0,1.8628281117696988,-1.1656952539550347,-0.014000000000000012,248708.549
2024-08-21,1.182,1.175,1.185,1.17,173442.0,1.2820512820512997,-1.0109519797809607,-0.01200000000000001,203794.35
2024-08-22,1.176,1.174,1.18,1.171,132386.0,0.7685738684884535,-0.08510638297872797,-0.001000000000000112,155421.164
2024-08-23,1.172,1.176,1.179,1.168,266689.0,0.9417808219178259,0.17035775127769437,0.0020000000000000018,313626.26399999997
2024-08-26,1.175,1.173,1.176,1.165,106537.0,0.9442060085836923,-0.25510204081631294,-0.0029999999999998916,124967.901
2024-08-27,1.173,1.174,1.174,1.168,150947.0,0.5136986301369939,0.08525149190110604,0.0009999999999998899,177211.778
2024-08-28,1.171,1.168,1.175,1.164,471587.0,0.945017182130603,-0.5110732538330498,-0.006000000000000005,550813.6159999999
2024-08-29,1.166,1.149,1.167,1.149,428819.0,1.5665796344647598,-1.6267123287671104,-0.018999999999999906,492713.031
2024-08-30,1.149,1.155,1.168,1.143,307825.0,2.1872265966754068,0.5221932114882533,0.006000000000000005,355537.875
2024-09-02,1.154,1.156,1.165,1.144,399689.0,1.8356643356643554,0.0865800865800681,0.0009999999999998899,462040.48399999994
2024-09-03,1.156,1.149,1.161,1.143,476530.0,1.5748031496062964,-0.6055363321799234,-0.006999999999999895,547532.97
2024-09-04,1.147,1.147,1.152,1.139,395610.0,1.14135206321333,-0.17406440382942145,-0.0020000000000000018,453764.67
2024-09-05,1.147,1.148,1.152,1.143,497712.0,0.7874015748031482,0.087183958151682,0.0009999999999998899,571373.3759999999
2024-09-06,1.144,1.136,1.152,1.134,417363.0,1.5873015873015817,-1.0452961672473893,-0.01200000000000001,474124.36799999996
2024-09-09,1.134,1.114,1.134,1.11,312861.0,2.16216216216214,-1.93661971830984,-0.021999999999999797,348527.15400000004
2024-09-10,1.115,1.116,1.119,1.103,519976.0,1.450589301903893,0.17953321364452268,0.0020000000000000018,580293.216
2024-09-11,1.113,1.092,1.113,1.087,863854.0,2.3919043238270543,-2.1505376344086002,-0.02400000000000002,943328.5680000001
2024-09-12,1.091,1.095,1.102,1.088,320228.0,1.2867647058823595,0.27472527472527375,0.0029999999999998916,350649.66
2024-09-13,1.095,1.091,1.104,1.09,414195.0,1.2844036697247763,-0.36529680365297024,-0.0040000000000000036,451886.745
2024-09-18,1.088,1.104,1.108,1.088,1233009.0,1.8382352941176405,1.1915673693859041,0.013000000000000123,1361241.9360000002
2024-09-19,1.106,1.11,1.115,1.094,456755.0,1.9195612431444076,0.5434782608695565,0.006000000000000005,506998.05000000005
2024-09-20,1.111,1.107,1.112,1.101,1219833.0,0.9990917347865613,-0.2702702702702786,-0.0030000000000001137,1350355.131
2024-09-23,1.107,1.12,1.124,1.105,618889.0,1.7194570135746767,1.1743450767841113,0.013000000000000123,693155.68
2024-09-24,1.124,1.175,1.178,1.124,2827862.0,4.804270462633431,4.910714285714279,0.05499999999999994,3322737.85
2024-09-25,1.198,1.194,1.223,1.191,1415087.0,2.686817800167929,1.6170212765957315,0.018999999999999906,1689613.878
2024-09-26,1.193,1.244,1.246,1.191,1481729.0,4.617968094038627,4.187604690117253,0.050000000000000044,1843270.876
2024-09-27,1.251,1.268,1.272,1.229,701753.0,3.4987794955248175,1.9292604501607746,0.02400000000000002,889822.804
2024-09-30,1.265,1.348,1.364,1.265,3787570.0,7.826086956521761,6.309148264984232,0.08000000000000007,5105644.36
2024-10-08,1.483,1.37,1.495,1.321,4184816.0,13.171839515518569,1.6320474777448135,0.02200000000000002,5733197.920000001
2024-10-09,1.338,1.246,1.338,1.242,2083451.0,7.7294685990338285,-9.051094890510958,-0.12400000000000011,2595979.946
2024-10-10,1.251,1.293,1.324,1.251,1709119.0,5.835331734612326,3.772070626003199,0.04699999999999993,2209890.867
2024-10-11,1.305,1.271,1.305,1.256,1686071.0,3.9012738853503093,-1.7014694508894035,-0.02200000000000002,2142996.241
2024-10-14,1.274,1.307,1.315,1.274,670074.0,3.2182103610675084,2.8324154209284025,0.03600000000000003,875786.718
2024-10-15,1.3,1.275,1.308,1.274,956686.0,2.668759811616961,-2.448355011476666,-0.03200000000000003,1219774.65
2024-10-16,1.268,1.293,1.304,1.262,922345.0,3.3280507131537185,1.4117647058823568,0.018000000000000016,1192592.085
2024-10-17,1.301,1.273,1.304,1.27,874454.0,2.677165354330713,-1.5467904098994567,-0.020000000000000018,1113179.9419999998
2024-10-18,1.278,1.286,1.3,1.254,946166.0,3.6682615629983983,1.0212097407698462,0.013000000000000123,1216769.476
2024-10-21,1.297,1.276,1.298,1.265,614594.0,2.60869565217392,-0.7776049766718529,-0.010000000000000009,784221.944
2024-10-22,1.269,1.281,1.284,1.269,404975.0,1.1820330969267268,0.39184952978055243,0.004999999999999893,518772.975
2024-10-23,1.282,1.282,1.288,1.278,561234.0,0.7824726134585402,0.07806401249024209,0.001000000000000112,719501.988
2024-10-24,1.282,1.276,1.283,1.272,326109.0,0.864779874213828,-0.46801872074883066,-0.006000000000000005,416115.08400000003
2024-10-25,1.276,1.279,1.282,1.274,391164.0,0.6279434850863463,0.23510971786833146,0.0029999999999998916,500298.756
2024-10-28,1.274,1.291,1.291,1.274,434587.0,1.3343799058084693,0.9382329945269774,0.01200000000000001,561051.8169999999
2024-10-29,1.294,1.27,1.295,1.269,643579.0,2.048857368006307,-1.6266460108443015,-0.020999999999999908,817345.33
2024-10-30,1.268,1.259,1.275,1.251,738397.0,1.918465227817756,-0.8661417322834764,-0.01100000000000012,929641.823
2024-10-31,1.259,1.254,1.26,1.242,745224.0,1.449275362318847,-0.3971405877680634,-0.004999999999999893,934510.896
2024-11-01,1.251,1.265,1.273,1.251,473567.0,1.7585931254995968,0.8771929824561431,0.010999999999999899,599062.255
2024-11-04,1.269,1.275,1.276,1.257,356676.0,1.5115354017502192,0.7905138339920903,0.010000000000000009,454761.89999999997
2024-11-05,1.275,1.293,1.293,1.272,500723.0,1.6509433962264008,1.4117647058823568,0.018000000000000016,647434.8389999999
2024-11-06,1.291,1.288,1.296,1.281,888617.0,1.1709601873536313,-0.3866976024748614,-0.004999999999999893,1144538.696
2024-11-07,1.283,1.316,1.317,1.281,1219435.0,2.810304449648715,2.1739130434782705,0.028000000000000025,1604776.46
2024-11-08,1.318,1.299,1.324,1.291,606944.0,2.5561580170410547,-1.2917933130699222,-0.017000000000000126,788420.2559999999
2024-11-11,1.294,1.288,1.294,1.273,451524.0,1.6496465043205122,-0.8468052347959887,-0.010999999999999899,581562.912
2024-11-12,1.288,1.28,1.299,1.274,640400.0,1.9623233908948157,-0.6211180124223614,-0.008000000000000007,819712.0
2024-11-13,1.278,1.287,1.289,1.272,585304.0,1.3364779874213806,0.5468749999999911,0.006999999999999895,753286.2479999999
2024-11-14,1.287,1.271,1.288,1.268,418395.0,1.5772870662460692,-1.2432012432012418,-0.016000000000000014,531780.0449999999
2024-11-15,1.271,1.267,1.279,1.266,431080.0,1.0268562401263726,-0.31471282454760274,-0.0040000000000000036,546178.36
2024-11-18,1.273,1.288,1.306,1.273,825476.0,2.5923016496465223,1.6574585635359185,0.02100000000000013,1063213.088
2024-11-19,1.288,1.287,1.292,1.27,449010.0,1.7322834645669305,-0.07763975155280489,-0.001000000000000112,577875.87
2024-11-20,1.285,1.29,1.291,1.28,258106.0,0.8593749999999956,0.2331002331002363,0.0030000000000001137,332956.74
2024-11-21,1.291,1.291,1.294,1.285,477306.0,0.7003891050583855,0.07751937984494806,0.0009999999999998899,616202.046
2024-11-22,1.289,1.256,1.294,1.255,563790.0,3.107569721115544,-2.71107668474051,-0.03499999999999992,708120.24
2024-11-25,1.258,1.256,1.267,1.249,478595.0,1.4411529223378627,0.0,0.0,601115.32
2024-11-26,1.251,1.255,1.261,1.25,504851.0,0.8799999999999919,-0.07961783439491832,-0.001000000000000112,633588.0049999999
2024-11-27,1.255,1.269,1.27,1.241,350214.0,2.3368251410152974,1.1155378486055856,0.014000000000000012,444421.566
2024-11-28,1.269,1.266,1.273,1.263,614835.0,0.7917656373713333,-0.23640661938533203,-0.0029999999999998916,778381.11
2024-11-29,1.267,1.275,1.281,1.264,403350.0,1.3449367088607556,0.7109004739336511,0.008999999999999897,514271.24999999994
2024-12-02,1.275,1.282,1.283,1.27,318369.0,1.0236220472440882,0.5490196078431486,0.007000000000000117,408149.058
2024-12-03,1.279,1.296,1.296,1.275,449885.0,1.6470588235294237,1.0920436817472678,0.014000000000000012,583050.96
2024-12-04,1.294,1.296,1.303,1.284,548034.0,1.4797507788161912,0.0,0.0,710252.064
2024-12-05,1.297,1.294,1.299,1.292,268976.0,0.541795665634659,-0.15432098765432167,-0.0020000000000000018,348054.944
2024-12-06,1.295,1.311,1.318,1.294,3305235.0,1.8547140649149974,1.3137557959814528,0.016999999999999904,4333163.085
2024-12-09,1.312,1.316,1.325,1.308,2814033.0,1.2996941896024294,0.38138825324181,0.0050000000000001155,3703267.4280000003
2024-12-10,1.34,1.316,1.352,1.315,1212169.0,2.8136882129277785,0.0,0.0,1595214.404
2024-12-11,1.317,1.323,1.327,1.314,698546.0,0.9893455098934467,0.5319148936170137,0.006999999999999895,924176.358
2024-12-12,1.325,1.33,1.331,1.318,378532.0,0.9863429438543125,0.5291005291005346,0.007000000000000117,503447.56000000006
2024-12-13,1.329,1.307,1.329,1.305,5201274.0,1.839080459770126,-1.7293233082706916,-0.02300000000000013,6798065.118
2024-12-16,1.306,1.314,1.323,1.304,959790.0,1.4570552147239235,0.5355776587605332,0.007000000000000117,1261164.06
2024-12-17,1.312,1.307,1.321,1.304,1255104.0,1.303680981595079,-0.5327245053272534,-0.007000000000000117,1640420.9279999998
2024-12-18,1.308,1.315,1.325,1.308,1305184.0,1.2996941896024294,0.6120887528691776,0.008000000000000007,1716316.96
2024-12-19,1.311,1.301,1.311,1.294,1191402.0,1.3137557959814528,-1.0646387832699666,-0.014000000000000012,1550014.0019999999
2024-12-20,1.297,1.29,1.303,1.288,988595.0,1.1645962732919068,-0.8455034588777832,-0.010999999999999899,1275287.55
2024-12-23,1.288,1.292,1.304,1.288,675942.0,1.2422360248447228,0.15503875968991832,0.0020000000000000018,873317.064
2024-12-24,1.292,1.306,1.306,1.291,837076.0,1.161890007745936,1.0835913312693402,0.014000000000000012,1093221.256
2024-12-25,1.304,1.312,1.313,1.301,625642.0,0.9223674096848544,0.45941807044409533,0.006000000000000005,820842.304
2024-12-26,1.309,1.306,1.311,1.302,594022.0,0.691244239631339,-0.45731707317072656,-0.006000000000000005,775792.7320000001
2024-12-27,1.304,1.308,1.31,1.295,937475.0,1.1583011583011782,0.15313935681469104,0.0020000000000000018,1226217.3
2024-12-30,1.307,1.325,1.328,1.307,3406788.0,1.6067329762815774,1.2996941896024294,0.016999999999999904,4513994.1
2024-12-31,1.325,1.319,1.335,1.318,1657205.0,1.2898330804248737,-0.45283018867924296,-0.006000000000000005,2185853.395
2025-01-02,1.319,1.29,1.325,1.283,1542494.0,3.273577552611062,-2.1986353297952954,-0.028999999999999915,1989817.26
2025-01-03,1.291,1.279,1.301,1.275,2046106.0,2.0392156862745203,-0.852713178294584,-0.01100000000000012,2616969.574
2025-01-06,1.28,1.284,1.287,1.269,3082887.0,1.4184397163120588,0.390930414386248,0.0050000000000001155,3958426.9080000003
2025-01-07,1.281,1.281,1.286,1.269,867593.0,1.3396375098502888,-0.23364485981309802,-0.0030000000000001137,1111386.633
2025-01-08,1.28,1.279,1.282,1.262,1339558.0,1.5847860538827252,-0.15612802498048417,-0.0020000000000000018,1713294.6819999998
2025-01-09,1.276,1.26,1.276,1.257,1140401.0,1.5115354017502192,-1.4855355746677068,-0.018999999999999906,1436905.26
2025-01-10,1.255,1.24,1.262,1.239,2581665.0,1.8563357546408366,-1.5873015873015928,-0.020000000000000018,3201264.6
2025-01-13,1.237,1.228,1.241,1.223,833404.0,1.4717906786590351,-0.9677419354838679,-0.01200000000000001,1023420.112
2025-01-14,1.23,1.251,1.253,1.229,606211.0,1.9528071602929131,1.8729641693810972,0.02299999999999991,758369.9609999999
2025-01-15,1.25,1.254,1.264,1.249,891677.0,1.2009607686148893,0.23980815347721673,0.0030000000000001137,1118162.958
2025-01-16,1.254,1.264,1.27,1.254,623119.0,1.2759170653907415,0.797448165869219,0.010000000000000009,787622.416
2025-01-17,1.263,1.26,1.264,1.252,320694.0,0.9584664536741228,-0.31645569620253333,-0.0040000000000000036,404074.44
2025-01-20,1.263,1.258,1.265,1.255,623453.0,0.7968127490039834,-0.15873015873015817,-0.0020000000000000018,784303.874
2025-01-21,1.258,1.25,1.263,1.247,914006.0,1.2830793905372673,-0.6359300476947549,-0.008000000000000007,1142507.5
2025-01-22,1.252,1.237,1.252,1.234,664106.0,1.4586709886547755,-1.0399999999999965,-0.0129999999999999,821499.1220000001
2025-01-23,1.242,1.254,1.259,1.242,1337829.0,1.3687600644122222,1.3742926434923142,0.016999999999999904,1677637.566
2025-01-24,1.254,1.26,1.265,1.247,642832.0,1.4434643143544257,0.4784688995215225,0.006000000000000005,809968.32
2025-01-27,1.261,1.277,1.281,1.261,447154.0,1.5860428231562196,1.3492063492063444,0.016999999999999904,571015.6579999999
2025-02-05,1.278,1.252,1.281,1.248,845109.0,2.644230769230771,-1.9577133907595856,-0.02499999999999991,1058076.468
2025-02-06,1.252,1.254,1.254,1.243,777722.0,0.8849557522123908,0.15974440894568342,0.0020000000000000018,975263.388
2025-02-07,1.253,1.264,1.265,1.247,1074459.0,1.4434643143544257,0.797448165869219,0.010000000000000009,1358116.176
2025-02-10,1.266,1.26,1.266,1.257,431841.0,0.7159904534606243,-0.31645569620253333,-0.0040000000000000036,544119.66
2025-02-11,1.26,1.264,1.266,1.26,791731.0,0.4761904761904745,0.31746031746031633,0.0040000000000000036,1000747.984
2025-02-12,1.264,1.265,1.266,1.257,843691.0,0.7159904534606243,0.07911392405062223,0.0009999999999998899,1067269.115
2025-02-13,1.263,1.267,1.272,1.262,583584.0,0.7923930269413626,0.15810276679841806,0.0020000000000000018,739400.928
2025-02-14,1.266,1.267,1.268,1.26,545542.0,0.6349206349206327,0.0,0.0,691201.7139999999
2025-02-17,1.267,1.264,1.267,1.257,577844.0,0.7955449482895727,-0.23677979479083122,-0.0029999999999998916,730394.816
2025-02-18,1.262,1.261,1.268,1.255,1000483.0,1.0358565737051961,-0.2373417721519111,-0.0030000000000001137,1261609.0629999998
2025-02-19,1.259,1.255,1.26,1.251,506072.0,0.7194244604316724,-0.4758128469468659,-0.006000000000000005,635120.36
2025-02-20,1.254,1.251,1.254,1.248,750899.0,0.48076923076922906,-0.3187250996015911,-0.0040000000000000036,939374.6489999999
2025-02-21,1.251,1.243,1.252,1.24,2222526.0,0.967741935483879,-0.6394884092725595,-0.007999999999999785,2762599.8180000004
2025-02-24,1.243,1.243,1.249,1.237,2065599.0,0.9700889248181133,0.0,0.0,2567539.557
2025-02-25,1.247,1.236,1.247,1.234,791023.0,1.0534846029173428,-0.5631536604988052,-0.007000000000000117,977704.428
2025-02-26,1.234,1.252,1.253,1.234,789738.0,1.5397082658022532,1.2944983818770295,0.016000000000000014,988751.976
2025-02-27,1.252,1.266,1.266,1.249,1109334.0,1.3610888710968716,1.1182108626198062,0.014000000000000012,1404416.844
2025-02-28,1.266,1.258,1.27,1.255,677706.0,1.195219123505975,-0.6319115323854652,-0.008000000000000007,852554.148
2025-03-03,1.259,1.255,1.262,1.249,795470.0,1.040832666132907,-0.23847376788553865,-0.0030000000000001137,998314.8499999999
2025-03-04,1.253,1.255,1.257,1.248,339132.0,0.7211538461538325,0.0,0.0,425610.66
2025-03-05,1.254,1.26,1.26,1.251,417372.0,0.7194244604316724,0.3984063745019917,0.0050000000000001155,525888.72
2025-03-06,1.26,1.259,1.262,1.255,567414.0,0.5577689243027928,-0.07936507936509019,-0.001000000000000112,714374.2259999999
2025-03-07,1.258,1.262,1.266,1.258,1191628.0,0.6359300476947549,0.2382843526608447,0.0030000000000001137,1503834.536
2025-03-10,1.262,1.268,1.269,1.26,1353859.0,0.7142857142857117,0.47543581616482644,0.006000000000000005,1716693.212
2025-03-11,1.263,1.273,1.273,1.257,920169.0,1.2728719172633296,0.39432176656151174,0.004999999999999893,1171375.1369999999
2025-03-12,1.273,1.269,1.273,1.268,513495.0,0.39432176656151174,-0.314218381775333,-0.0040000000000000036,651625.1549999999
2025-03-13,1.269,1.277,1.28,1.269,1453151.0,0.8668242710796026,0.6304176516942483,0.008000000000000007,1855673.8269999998
2025-03-14,1.277,1.288,1.289,1.277,1555235.0,0.9397024275646038,0.8613938919342257,0.01100000000000012,2003142.6800000002
2025-03-17,1.288,1.292,1.296,1.288,782727.0,0.6211180124223503,0.31055900621117516,0.0040000000000000036,1011283.284
2025-03-18,1.294,1.292,1.296,1.286,608299.0,0.7776049766718529,0.0,0.0,785922.3080000001
2025-03-19,1.289,1.293,1.294,1.286,567163.0,0.6220839813374734,0.07739938080495445,0.0009999999999998899,733341.759
2025-03-20,1.294,1.29,1.297,1.287,1726625.0,0.7770007770007803,-0.23201856148491462,-0.0029999999999998916,2227346.25
2025-03-21,1.287,1.286,1.297,1.278,1490886.0,1.4866979655711932,-0.31007751937984773,-0.0040000000000000036,1917279.396
2025-03-24,1.285,1.291,1.292,1.281,737189.0,0.8587041373926629,0.38880248833592645,0.004999999999999893,951710.999
2025-03-25,1.29,1.3,1.301,1.289,642923.0,0.9309542280837801,0.6971340046475705,0.009000000000000119,835799.9
2025-03-26,1.3,1.298,1.3,1.293,1051161.0,0.5413766434648304,-0.15384615384614886,-0.0020000000000000018,1364406.9780000001
2025-03-27,1.296,1.296,1.3,1.292,740101.0,0.6191950464396356,-0.15408320493066618,-0.0020000000000000018,959170.8960000001
2025-03-28,1.295,1.288,1.296,1.284,781622.0,0.9345794392523477,-0.6172839506172867,-0.008000000000000007,1006729.136
2025-03-31,1.288,1.28,1.292,1.277,1417319.0,1.1746280344557603,-0.6211180124223614,-0.008000000000000007,1814168.32
2025-04-01,1.281,1.292,1.294,1.28,477637.0,1.0937500000000044,0.9374999999999911,0.01200000000000001,617107.0040000001
2025-04-02,1.291,1.298,1.301,1.291,546515.0,0.7745933384972981,0.4643962848297267,0.006000000000000005,709376.47
2025-04-03,1.293,1.299,1.301,1.289,589748.0,0.9309542280837801,0.07704160246533309,0.0009999999999998899,766082.652
2025-04-07,1.269,1.211,1.273,1.19,3184801.0,6.974789915966384,-6.7744418783679645,-0.08799999999999986,3856794.0110000004
2025-04-08,1.216,1.241,1.242,1.212,1434799.0,2.4752475247524774,2.4772914946325386,0.030000000000000027,1780585.5590000001
2025-04-09,1.232,1.245,1.246,1.214,2038145.0,2.635914332784184,0.3223207091055613,0.0040000000000000036,2537490.5250000004
2025-04-10,1.248,1.257,1.262,1.245,1250926.0,1.3654618473895486,0.9638554216867323,0.011999999999999789,1572413.9819999998
2025-04-11,1.25,1.252,1.256,1.248,1043758.0,0.6410256410256387,-0.39777247414477523,-0.004999999999999893,1306785.016
2025-04-14,1.254,1.263,1.264,1.252,896273.0,0.9584664536741228,0.8785942492012699,0.010999999999999899,1131992.7989999999
2025-04-15,1.262,1.269,1.269,1.259,910236.0,0.794281175536149,0.47505938242280443,0.006000000000000005,1155089.484
2025-04-16,1.267,1.272,1.274,1.262,617039.0,0.9508716323296307,0.23640661938535423,0.0030000000000001137,784873.608
2025-04-17,1.27,1.271,1.274,1.267,546859.0,0.5524861878453136,-0.07861635220126617,-0.001000000000000112,695057.789
2025-04-18,1.27,1.273,1.275,1.268,606428.0,0.5520504731861164,0.15735641227379027,0.0020000000000000018,771982.8439999999
2025-04-21,1.274,1.269,1.281,1.269,430629.0,0.9456264775413725,-0.314218381775333,-0.0040000000000000036,546468.201
2025-04-22,1.27,1.276,1.28,1.269,431782.0,0.8668242710796026,0.5516154452324784,0.007000000000000117,550953.832
2025-04-23,1.277,1.273,1.279,1.271,1122113.0,0.6294256490952055,-0.23510971786834256,-0.0030000000000001137,1428449.849
2025-04-24,1.271,1.278,1.282,1.27,713832.0,0.9448818897637823,0.39277297721918014,0.0050000000000001155,912277.296
2025-04-25,1.277,1.276,1.28,1.274,436332.0,0.47095761381474865,-0.15649452269170805,-0.0020000000000000018,556759.632
2025-04-28,1.276,1.278,1.279,1.272,687359.0,0.5503144654088077,0.15673981191222097,0.0020000000000000018,878444.802
2025-04-29,1.274,1.273,1.279,1.271,418014.0,0.6294256490952055,-0.3912363067292701,-0.0050000000000001155,532131.8219999999
2025-04-30,1.274,1.266,1.274,1.264,559919.0,0.7911392405063333,-0.54988216810683,-0.006999999999999895,708857.454
2025-05-06,1.266,1.267,1.268,1.262,1382709.0,0.47543581616482644,0.07898894154816372,0.0009999999999998899,1751892.3029999998
2025-05-07,1.272,1.276,1.279,1.272,837792.0,0.5503144654088077,0.7103393843725492,0.009000000000000119,1069022.592
2025-05-08,1.276,1.281,1.282,1.272,1136526.0,0.7861635220125729,0.39184952978055243,0.004999999999999893,1455889.8059999999
2025-05-09,1.284,1.287,1.288,1.281,564711.0,0.5464480874316946,0.4683840749414525,0.006000000000000005,726783.0569999999
2025-05-12,1.288,1.291,1.293,1.286,608852.0,0.5443234836702837,0.3108003108003077,0.0040000000000000036,786027.9319999999
2025-05-13,1.293,1.3,1.301,1.291,1580393.0,0.7745933384972981,0.6971340046475705,0.009000000000000119,2054510.9000000001
2025-05-14,1.301,1.308,1.308,1.295,969466.0,1.0038610038610063,0.6153846153846176,0.008000000000000007,1268061.5280000002
2025-05-15,1.306,1.304,1.312,1.303,1059279.0,0.6907137375287808,-0.3058103975535187,-0.0040000000000000036,1381299.816
2025-05-16,1.301,1.298,1.304,1.29,788298.0,1.0852713178294504,-0.4601226993865004,-0.006000000000000005,1023210.804
2025-05-19,1.296,1.3,1.303,1.295,347336.0,0.617760617760621,0.15408320493066618,0.0020000000000000018,451536.8
2025-05-20,1.303,1.304,1.308,1.3,774909.0,0.6153846153846176,0.3076923076922977,0.0040000000000000036,1010481.336
2025-05-21,1.305,1.316,1.318,1.305,1300163.0,0.9961685823754785,0.9202453987730008,0.01200000000000001,1711014.5080000001
2025-05-22,1.315,1.314,1.316,1.31,421455.0,0.45801526717557106,-0.1519756838905817,-0.0020000000000000018,553791.87
2025-05-23,1.312,1.3,1.32,1.299,884836.0,1.616628175519641,-1.0654490106544956,-0.014000000000000012,1150286.8
2025-05-26,1.299,1.293,1.301,1.289,675450.0,0.9309542280837801,-0.5384615384615432,-0.007000000000000117,873356.85
2025-05-27,1.292,1.29,1.294,1.284,710090.0,0.7788161993769416,-0.23201856148491462,-0.0029999999999998916,916016.1
2025-05-28,1.29,1.293,1.294,1.286,514484.0,0.6220839813374734,0.23255813953486637,0.0029999999999998916,665227.8119999999
2025-05-29,1.293,1.297,1.297,1.289,783849.0,0.6206361520558534,0.30935808197989356,0.0040000000000000036,1016652.1529999999
2025-05-30,1.296,1.299,1.3,1.294,549261.0,0.46367851622874934,0.15420200462605838,0.0020000000000000018,713490.039
2025-06-03,1.298,1.301,1.305,1.29,518662.0,1.1627906976744207,0.15396458814471714,0.0020000000000000018,674779.262
2025-06-04,1.3,1.306,1.308,1.3,404101.0,0.6153846153846176,0.3843197540353671,0.0050000000000001155,527755.9060000001
2025-06-05,1.306,1.3,1.309,1.297,611137.0,0.9252120277563725,-0.45941807044410643,-0.006000000000000005,794478.1
2025-06-06,1.3,1.301,1.306,1.299,621791.0,0.5388760585065544,0.07692307692306333,0.0009999999999998899,808950.091
2025-06-09,1.301,1.303,1.305,1.297,659425.0,0.6168080185042335,0.1537279016141424,0.0020000000000000018,859230.7749999999
2025-06-10,1.303,1.304,1.312,1.298,623733.0,1.078582434514641,0.07674597083653367,0.001000000000000112,813347.832
2025-06-11,1.305,1.311,1.313,1.304,746658.0,0.6901840490797451,0.5368098159509227,0.006999999999999895,978868.6379999999
2025-06-12,1.309,1.311,1.312,1.306,362200.0,0.45941807044409533,0.0,0.0,474844.19999999995
2025-06-13,1.309,1.303,1.312,1.301,378389.0,0.8455034588777943,-0.6102212051868783,-0.008000000000000007,493040.86699999997
2025-06-16,1.303,1.305,1.306,1.299,647702.0,0.5388760585065544,0.15349194167306734,0.0020000000000000018,845251.11
2025-06-17,1.305,1.304,1.307,1.302,581265.0,0.38402457757296116,-0.07662835249041544,-0.0009999999999998899,757969.56
2025-06-18,1.304,1.306,1.306,1.297,550451.0,0.6939090208172738,0.15337423312884457,0.0020000000000000018,718889.006
2025-06-19,1.305,1.297,1.305,1.294,534104.0,0.8500772797527034,-0.6891271056661652,-0.009000000000000119,692732.8879999999
2025-06-20,1.297,1.303,1.304,1.297,1068450.0,0.5397070161912154,0.4626060138781751,0.006000000000000005,1392190.3499999999
2025-06-23,1.301,1.308,1.309,1.293,708347.0,1.2374323279195742,0.38372985418266836,0.0050000000000001155,926517.876
2025-06-24,1.307,1.31,1.312,1.302,539556.0,0.7680491551459223,0.1529051987767538,0.0020000000000000018,706818.36
2025-06-25,1.31,1.319,1.32,1.306,662898.0,1.071975497702904,0.6870229007633455,0.008999999999999897,874362.4619999999
2025-06-26,1.318,1.319,1.323,1.315,525688.0,0.6083650190114032,0.0,0.0,693382.472
2025-06-27,1.321,1.316,1.33,1.311,943510.0,1.449275362318847,-0.22744503411674666,-0.0029999999999998916,1241659.1600000001
2025-06-30,1.314,1.316,1.316,1.309,460638.0,0.5347593582887722,0.0,0.0,606199.608
2025-07-01,1.316,1.324,1.326,1.314,375911.0,0.9132420091324311,0.6079027355623046,0.008000000000000007,497706.16400000005
2025-07-02,1.325,1.335,1.337,1.324,693195.0,0.9818731117824608,0.8308157099697899,0.010999999999999899,925415.325
2025-07-03,1.334,1.336,1.338,1.329,413204.0,0.6772009029345494,0.07490636704121645,0.001000000000000112,552040.544
2025-07-04,1.336,1.343,1.349,1.334,483036.0,1.1244377811094441,0.5239520958083776,0.006999999999999895,648717.348
2025-07-07,1.343,1.351,1.352,1.34,800825.0,0.8955223880596996,0.5956813104988745,0.008000000000000007,1081914.575
2025-07-08,1.349,1.351,1.354,1.344,370022.0,0.7440476190476275,0.0,0.0,499899.722
2025-07-09,1.351,1.357,1.359,1.35,627834.0,0.6666666666666599,0.4441154700222105,0.006000000000000005,851970.738
2025-07-10,1.354,1.365,1.371,1.354,1535101.0,1.2555391432791607,0.5895357406042745,0.008000000000000007,2095412.865
2025-07-11,1.365,1.359,1.373,1.358,3395412.0,1.1045655375552244,-0.439560439560438,-0.006000000000000005,4614364.908
2025-07-14,1.358,1.368,1.372,1.358,689368.0,1.0309278350515427,0.6622516556291425,0.009000000000000119,943055.4240000001
2025-07-15,1.367,1.353,1.368,1.347,914482.0,1.5590200445434466,-1.0964912280701844,-0.015000000000000124,1237294.146
2025-07-16,1.352,1.348,1.352,1.34,696618.0,0.8955223880596996,-0.3695491500369519,-0.004999999999999893,939041.064
2025-07-17,1.347,1.346,1.351,1.343,350821.0,0.5956813104988745,-0.14836795252225476,-0.0020000000000000018,472205.06600000005
2025-07-18,1.346,1.352,1.353,1.346,350323.0,0.5200594353640398,0.4457652303120341,0.006000000000000005,473636.69600000005
2025-07-21,1.355,1.371,1.371,1.355,805347.0,1.1808118081180874,1.4053254437869755,0.018999999999999906,1104130.737
2025-07-22,1.371,1.394,1.395,1.361,1243213.0,2.4981631153563555,1.6776075857038553,0.02299999999999991,1733038.9219999998
2025-07-23,1.402,1.39,1.405,1.387,1577986.0,1.2977649603460817,-0.2869440459110528,-0.0040000000000000036,2193400.54
2025-07-24,1.389,1.394,1.397,1.381,1656868.0,1.1585807385952274,0.2877697841726645,0.0040000000000000036,2309673.9919999996
2025-07-25,1.394,1.385,1.4,1.384,856611.0,1.1560693641618602,-0.6456241032998467,-0.008999999999999897,1186406.235
2025-07-28,1.383,1.373,1.384,1.37,1099096.0,1.0218978102189524,-0.8664259927797846,-0.01200000000000001,1509058.808
2025-07-29,1.371,1.371,1.374,1.362,1024285.0,0.8810572687224738,-0.1456664238892902,-0.0020000000000000018,1404294.735
2025-07-30,1.371,1.376,1.386,1.37,494147.0,1.1678832116788218,0.3646973012399579,0.004999999999999893,679946.272
2025-07-31,1.372,1.352,1.372,1.347,1221451.0,1.8559762435040872,-1.7441860465116088,-0.0239999999999998,1651401.752
2025-08-01,1.35,1.352,1.356,1.347,452144.0,0.6681514476614803,0.0,0.0,611298.6880000001
2025-08-04,1.347,1.356,1.357,1.345,861747.0,0.8921933085501932,0.2958579881656709,0.0040000000000000036,1168528.932
2025-08-05,1.356,1.371,1.372,1.356,566846.0,1.179941002949847,1.1061946902654718,0.014999999999999902,777145.866
2025-08-06,1.372,1.38,1.382,1.37,771652.0,0.8759124087591053,0.6564551422319376,0.008999999999999897,1064879.76
2025-08-07,1.38,1.383,1.385,1.374,449005.0,0.8005822416302655,0.21739130434783593,0.0030000000000001137,620973.915
2025-08-08,1.381,1.387,1.389,1.38,894120.0,0.6521739130434856,0.2892263195950928,0.0040000000000000036,1240144.44
2025-08-11,1.386,1.382,1.387,1.376,467415.0,0.7994186046511809,-0.36049026676280294,-0.0050000000000001155,645967.5299999999
2025-08-12,1.382,1.388,1.39,1.381,724528.0,0.6517016654598029,0.4341534008682979,0.006000000000000005,1005644.864
2025-08-13,1.387,1.38,1.388,1.378,1485826.0,0.7256894049346929,-0.5763688760806907,-0.008000000000000007,2050439.88
2025-08-14,1.38,1.366,1.383,1.365,949732.0,1.318681318681314,-1.0144927536231751,-0.01399999999999979,1297333.912
2025-08-15,1.365,1.37,1.372,1.36,1189971.0,0.8823529411764675,0.2928257686676483,0.0040000000000000036,1630260.27
2025-08-18,1.371,1.367,1.373,1.362,1592173.0,0.8076358296622566,-0.21897810218979297,-0.0030000000000001137,2176500.491
2025-08-19,1.364,1.364,1.368,1.36,753366.0,0.588235294117645,-0.2194586686174005,-0.0029999999999998916,1027591.224
2025-08-20,1.363,1.374,1.374,1.358,1293165.0,1.178203240058906,0.7331378299120228,0.010000000000000009,1776808.7100000002
2025-08-21,1.374,1.382,1.384,1.373,455425.0,0.801165331391096,0.5822416302765587,0.007999999999999785,629397.35
2025-08-22,1.383,1.382,1.383,1.369,1268022.0,1.022644265887518,0.0,0.0,1752406.4039999999
2025-08-25,1.381,1.392,1.393,1.378,1112292.0,1.0885341074020394,0.723589001447178,0.010000000000000009,1548310.464
2025-08-26,1.389,1.389,1.393,1.384,423068.0,0.6502890173410547,-0.21551724137930384,-0.0029999999999998916,587641.452
2025-08-27,1.388,1.365,1.389,1.363,1032063.0,1.9075568598679427,-1.7278617710583144,-0.02400000000000002,1408765.9949999999
2025-08-28,1.364,1.365,1.369,1.349,776492.0,1.4825796886582587,0.0,0.0,1059911.58
2025-08-29,1.364,1.366,1.379,1.363,881142.0,1.1738811445341168,0.073260073260073,0.001000000000000112,1203639.972
2025-09-01,1.367,1.363,1.371,1.358,740539.0,0.9572901325478611,-0.21961932650074178,-0.0030000000000001137,1009354.657
2025-09-02,1.361,1.366,1.366,1.352,823654.0,1.0355029585798814,0.22010271460015662,0.0030000000000001137,1125111.364
2025-09-03,1.367,1.354,1.369,1.351,411842.0,1.3323464100666094,-0.8784773060029338,-0.01200000000000001,557634.0680000001
2025-09-04,1.354,1.353,1.354,1.339,1012116.0,1.1202389843166571,-0.07385524372230945,-0.001000000000000112,1369392.948
2025-09-05,1.353,1.358,1.358,1.345,398830.0,0.9665427509293778,0.3695491500369741,0.0050000000000001155,541611.14
2025-09-08,1.358,1.369,1.37,1.353,710998.0,1.2564671101256586,0.8100147275404979,0.010999999999999899,973356.262
2025-09-09,1.368,1.371,1.374,1.365,710943.0,0.659340659340657,0.14609203798392478,0.0020000000000000018,974702.853
2025-09-10,1.369,1.365,1.371,1.362,594431.0,0.6607929515418443,-0.4376367614879695,-0.006000000000000005,811398.315
2025-09-11,1.364,1.372,1.373,1.358,1154208.0,1.1045655375552244,0.512820512820511,0.007000000000000117,1583573.3760000002
2025-09-12,1.37,1.363,1.373,1.362,546166.0,0.8076358296622566,-0.6559766763848507,-0.009000000000000119,744424.258
2025-09-15,1.363,1.36,1.366,1.355,681437.0,0.811808118081192,-0.22010271460013442,-0.0029999999999998916,926754.3200000001
2025-09-16,1.361,1.359,1.368,1.354,775664.0,1.0339734121122657,-0.07352941176471672,-0.001000000000000112,1054127.376
2025-09-17,1.358,1.363,1.366,1.354,650016.0,0.8862629246676468,0.29433406916850036,0.0040000000000000036,885971.808
2025-09-18,1.363,1.341,1.364,1.334,1257954.0,2.2488755622188883,-1.614086573734408,-0.02200000000000002,1686916.314
2025-09-19,1.341,1.35,1.352,1.337,981972.0,1.1219147344801783,0.6711409395973256,0.009000000000000119,1325662.2000000002
2025-09-22,1.347,1.341,1.35,1.336,931284.0,1.0479041916167775,-0.666666666666671,-0.009000000000000119,1248851.844
2025-09-23,1.341,1.345,1.346,1.332,1171861.0,1.0510510510510551,0.298284862043241,0.0040000000000000036,1576153.045
2025-09-24,1.345,1.35,1.351,1.34,795092.0,0.8208955223880432,0.3717472118959231,0.0050000000000001155,1073374.2000000002
2025-09-25,1.349,1.343,1.349,1.338,572331.0,0.8221225710014934,-0.5185185185185293,-0.007000000000000117,768640.5329999999
2025-09-26,1.341,1.346,1.35,1.338,391953.0,0.8968609865470878,0.22338049143708627,0.0030000000000001137,527568.738
2025-09-29,1.344,1.354,1.357,1.338,673983.0,1.4200298953662038,0.5943536404160454,0.008000000000000007,912572.9820000001
2025-09-30,1.354,1.352,1.354,1.346,424539.0,0.5943536404160454,-0.1477104874446078,-0.0020000000000000018,573976.728
2025-10-09,1.352,1.359,1.36,1.342,761488.0,1.3412816691505292,0.5177514792899407,0.006999999999999895,1034862.192
2025-10-10,1.355,1.374,1.376,1.353,971619.0,1.6999260901699786,1.103752759381904,0.015000000000000124,1335004.506
2025-10-13,1.36,1.371,1.372,1.35,2011191.0,1.6296296296296253,-0.21834061135371785,-0.0030000000000001137,2757342.861
2025-10-14,1.369,1.384,1.388,1.366,1896753.0,1.6105417276720102,0.9482129832239172,0.0129999999999999,2625106.152
2025-10-15,1.385,1.39,1.392,1.38,831035.0,0.8695652173912993,0.43352601156070314,0.006000000000000005,1155138.65
2025-10-16,1.39,1.399,1.399,1.387,1288671.0,0.8651766402307137,0.6474820143884896,0.009000000000000119,1802850.729
2025-10-17,1.399,1.386,1.404,1.382,1673259.0,1.591895803183796,-0.9292351679771382,-0.013000000000000123,2319136.974
2025-10-20,1.387,1.398,1.399,1.377,1017439.0,1.5976761074800283,0.8658008658008587,0.01200000000000001,1422379.7219999998
2025-10-21,1.398,1.396,1.4,1.388,2361442.0,0.8645533141210304,-0.14306151645206988,-0.0020000000000000018,3296573.0319999997
2025-10-22,1.394,1.4,1.401,1.392,1114204.0,0.6465517241379448,0.2865329512893977,0.0040000000000000036,1559885.5999999999
2025-10-23,1.399,1.409,1.411,1.398,855424.0,0.9298998569384986,0.642857142857145,0.009000000000000119,1205292.416
2025-10-24,1.41,1.402,1.41,1.398,1584619.0,0.8583690987124415,-0.4968062455642408,-0.007000000000000117,2221635.838
2025-10-27,1.402,1.41,1.413,1.395,1068146.0,1.2903225806451646,0.5706134094151327,0.008000000000000007,1506085.8599999999
2025-10-28,1.408,1.402,1.41,1.399,865426.0,0.786275911365264,-0.5673758865248235,-0.008000000000000007,1213327.2519999999
2025-10-29,1.402,1.402,1.403,1.391,1302508.0,0.8626887131560013,0.0,0.0,1826116.2159999998
2025-10-30,1.401,1.397,1.409,1.396,550912.0,0.9312320916905481,-0.3566333808844413,-0.004999999999999893,769624.064
2025-10-31,1.396,1.398,1.401,1.394,509725.0,0.5021520803443424,0.07158196134573469,0.0009999999999998899,712595.5499999999
2025-11-03,1.398,1.408,1.408,1.396,1268299.0,0.8595988538681931,0.7153075822603716,0.010000000000000009,1785764.9919999999
2025-11-04,1.408,1.414,1.419,1.405,1195663.0,0.9964412811387824,0.42613636363635354,0.006000000000000005,1690667.4819999998
2025-11-05,1.41,1.421,1.424,1.407,3410916.0,1.2082444918265711,0.4950495049504955,0.007000000000000117,4846911.636
2025-11-06,1.42,1.426,1.426,1.414,1348098.0,0.8486562942008558,0.3518648838845895,0.004999999999999893,1922387.748
2025-11-07,1.423,1.426,1.432,1.422,809457.0,0.7032348804500765,0.0,0.0,1154285.682
2025-11-10,1.427,1.438,1.439,1.422,876827.0,1.1954992967651235,0.8415147265077083,0.01200000000000001,1260877.226
2025-11-11,1.437,1.434,1.437,1.427,970116.0,0.700770847932719,-0.2781641168289273,-0.0040000000000000036,1391146.344
2025-11-12,1.434,1.437,1.443,1.433,673959.0,0.6978367062107527,0.20920502092049986,0.0030000000000001137,968479.083
2025-11-13,1.437,1.44,1.441,1.429,737033.0,0.8397480755773179,0.20876826722338038,0.0029999999999998916,1061327.52
2025-11-14,1.437,1.433,1.446,1.431,674784.0,1.0482180293500898,-0.4861111111111094,-0.006999999999999895,966965.4720000001
2025-11-17,1.433,1.424,1.433,1.419,914677.0,0.9866102889358741,-0.6280530355896818,-0.009000000000000119,1302500.048
2025-11-18,1.424,1.406,1.424,1.4,1852895.0,1.7142857142857126,-1.2640449438202306,-0.018000000000000016,2605170.3699999996
2025-11-19,1.406,1.407,1.409,1.4,1328777.0,0.642857142857145,0.07112375533429027,0.001000000000000112,1869589.239
2025-11-20,1.407,1.404,1.416,1.402,1426679.0,0.9985734664764712,-0.2132196162046962,-0.0030000000000001137,2003057.3159999999
2025-11-21,1.4,1.382,1.404,1.379,2090104.0,1.8129079042784602,-1.5669515669515688,-0.02200000000000002,2888523.7279999997
2025-11-24,1.382,1.374,1.386,1.372,1457187.0,1.0204081632652962,-0.5788712011577268,-0.007999999999999785,2002174.938
2025-11-25,1.375,1.381,1.383,1.371,2002937.0,0.875273522975939,0.5094614264919972,0.006999999999999895,2766055.997
2025-11-26,1.381,1.373,1.384,1.373,1319480.0,0.801165331391096,-0.5792903692976137,-0.008000000000000007,1811646.04
2025-11-27,1.375,1.375,1.38,1.368,1821443.0,0.8771929824561209,0.1456664238892902,0.0020000000000000018,2504484.125
2025-11-28,1.374,1.378,1.379,1.37,963462.0,0.6569343065693456,0.21818181818180626,0.0029999999999998916,1327650.636
2025-12-01,1.378,1.388,1.389,1.378,1040944.0,0.7982583454281711,0.7256894049346929,0.010000000000000009,1444830.2719999999
2025-12-02,1.388,1.386,1.389,1.382,1087930.0,0.5065123010130401,-0.14409221902017544,-0.0020000000000000018,1507870.98
2025-12-03,1.386,1.384,1.394,1.381,1521344.0,0.9413468501086042,-0.14430014430014682,-0.0020000000000000018,2105540.096
2025-12-04,1.384,1.379,1.387,1.377,984132.0,0.726216412490932,-0.36127167630056745,-0.004999999999999893,1357118.028
2025-12-05,1.38,1.382,1.382,1.373,1124585.0,0.6554989075018058,0.2175489485134019,0.0029999999999998916,1554176.47
2025-12-08,1.382,1.374,1.382,1.37,1278794.0,0.8759124087591053,-0.5788712011577268,-0.007999999999999785,1757062.9560000002
2025-12-09,1.375,1.363,1.375,1.361,1247403.0,1.0286554004408588,-0.8005822416302877,-0.01100000000000012,1700210.2889999999
2025-12-10,1.363,1.363,1.365,1.357,881364.0,0.5895357406042745,0.0,0.0,1201299.132
2025-12-11,1.363,1.352,1.366,1.35,1082446.0,1.185185185185178,-0.8070432868671928,-0.010999999999999899,1463466.992
2025-12-12,1.353,1.353,1.356,1.347,1162850.0,0.6681514476614803,0.07396449704140107,0.0009999999999998899,1573336.05
2025-12-15,1.353,1.361,1.364,1.347,1244003.0,1.2620638455827837,0.591278640059123,0.008000000000000007,1693088.083
2025-12-16,1.359,1.347,1.359,1.343,2107879.0,1.1913626209977712,-1.0286554004408477,-0.014000000000000012,2839313.013
2025-12-17,1.345,1.351,1.355,1.341,1401407.0,1.043997017151388,0.29695619896066283,0.0040000000000000036,1893300.857
2025-12-18,1.35,1.361,1.363,1.349,914039.0,1.0378057820607856,0.7401924500370027,0.010000000000000009,1244007.079
2025-12-19,1.362,1.363,1.367,1.355,1648849.0,0.8856088560885711,0.14695077149156077,0.0020000000000000018,2247381.187
2025-12-22,1.364,1.358,1.366,1.356,2810076.0,0.7374631268436627,-0.3668378576669018,-0.004999999999999893,3816083.208
2025-12-23,1.358,1.356,1.363,1.355,2571095.0,0.5904059040590326,-0.14727540500736325,-0.0020000000000000018,3486404.8200000003
2025-12-24,1.357,1.362,1.363,1.352,1385382.0,0.8136094674556116,0.4424778761061843,0.006000000000000005,1886890.2840000002
2025-12-25,1.361,1.366,1.367,1.359,1155528.0,0.5886681383370229,0.2936857562408246,0.0040000000000000036,1578451.2480000001
2025-12-26,1.366,1.372,1.373,1.364,1911693.0,0.6598240469208205,0.43923865300146137,0.006000000000000005,2622842.796
2025-12-29,1.371,1.368,1.375,1.367,1080212.0,0.585223116313105,-0.2915451895043719,-0.0040000000000000036,1477730.016
2025-12-30,1.366,1.369,1.371,1.362,3180046.0,0.6607929515418443,0.07309941520468044,0.0009999999999998899,4353482.974
2025-12-31,1.369,1.372,1.374,1.366,2189556.0,0.5856515373352966,0.21913805697590938,0.0030000000000001137,3004070.8320000004
2026-01-05,1.372,1.374,1.375,1.367,3468099.0,0.585223116313105,0.1457725947521915,0.0020000000000000018,4765168.026000001
2026-01-06,1.374,1.391,1.392,1.372,1929852.0,1.4577259475218485,1.2372634643377012,0.016999999999999904,2684424.132
2026-01-07,1.391,1.391,1.394,1.383,1453882.0,0.7953723788864719,0.0,0.0,2022349.862
2026-01-08,1.391,1.387,1.391,1.382,3347677.0,0.651230101302458,-0.28756290438533005,-0.0040000000000000036,4643227.999
2026-01-09,1.387,1.392,1.392,1.384,1275416.0,0.5780346820809301,0.36049026676279183,0.004999999999999893,1775379.072
2026-01-12,1.391,1.395,1.396,1.387,1760464.0,0.6488824801730297,0.21551724137931494,0.0030000000000001137,2455847.2800000003
2026-01-13,1.396,1.392,1.402,1.388,1376711.0,1.008645533141217,-0.21505376344086446,-0.0030000000000001137,1916381.7119999998
2026-01-14,1.391,1.382,1.398,1.378,1910126.0,1.4513788098693858,-0.7183908045977017,-0.010000000000000009,2639794.1319999998
2026-01-15,1.381,1.377,1.388,1.376,1939624.0,0.8720930232558155,-0.3617945007235779,-0.004999999999999893,2670862.248
2026-01-16,1.377,1.367,1.384,1.363,1522498.0,1.5407190022010298,-0.726216412490921,-0.010000000000000009,2081254.766
2026-01-19,1.367,1.378,1.378,1.364,2044630.0,1.0263929618768097,0.8046817849304944,0.010999999999999899,2817500.1399999997
2026-01-20,1.377,1.4,1.401,1.377,2459063.0,1.7429193899782147,1.59651669085632,0.02200000000000002,3442688.1999999997
2026-01-21,1.396,1.39,1.396,1.387,1763054.0,0.6488824801730297,-0.7142857142857117,-0.010000000000000009,2450645.06
2026-01-22,1.388,1.397,1.401,1.387,1802308.0,1.0093727469358438,0.5035971223021685,0.007000000000000117,2517824.276
2026-01-23,1.398,1.397,1.402,1.394,1391684.0,0.5738880918221057,0.0,0.0,1944182.548
2026-01-26,1.398,1.407,1.41,1.395,2605659.0,1.0752688172043001,0.7158196134574135,0.010000000000000009,3666162.213
2026-01-27,1.407,1.398,1.41,1.395,1157966.0,1.0752688172043001,-0.6396588486140775,-0.009000000000000119,1618836.4679999999
2026-01-28,1.398,1.417,1.423,1.392,2277577.0,2.227011494252884,1.3590844062947083,0.019000000000000128,3227326.609
2026-01-29,1.417,1.435,1.435,1.414,4285024.0,1.4851485148514865,1.2702893436838503,0.018000000000000016,6149009.44
2026-01-30,1.43,1.419,1.44,1.406,1368135.0,2.4182076813655806,-1.1149825783972167,-0.016000000000000014,1941383.565
2026-02-02,1.413,1.379,1.413,1.375,2032799.0,2.763636363636368,-2.8188865398167784,-0.040000000000000036,2803229.821
2026-02-03,1.381,1.388,1.388,1.371,1888548.0,1.2399708242158969,0.6526468455402501,0.008999999999999897,2621304.624
2026-02-04,1.387,1.424,1.428,1.387,3870744.0,2.956020187454933,2.5936599423631135,0.03600000000000003,5511939.455999999
2026-02-05,1.42,1.419,1.422,1.407,1510029.0,1.0660980810234477,-0.3511235955056091,-0.004999999999999893,2142731.151
2026-02-06,1.412,1.414,1.423,1.405,1743954.0,1.2811387900355964,-0.35236081747710424,-0.0050000000000001155,2465950.956
2026-02-09,1.417,1.422,1.425,1.415,1317802.0,0.7067137809187329,0.5657708628005631,0.008000000000000007,1873914.444
2026-02-10,1.425,1.43,1.43,1.417,1031731.0,0.917431192660545,0.5625879043600568,0.008000000000000007,1475375.3299999998
2026-02-11,1.429,1.439,1.441,1.422,1090649.0,1.3361462728551432,0.6293706293706292,0.009000000000000119,1569443.911
2026-02-12,1.438,1.436,1.442,1.431,1538420.0,0.7686932215233977,-0.20847810979848225,-0.0030000000000001137,2209171.12
2026-02-13,1.431,1.416,1.431,1.413,1825601.0,1.273885350318471,-1.392757660167132,-0.020000000000000018,2585051.016
2026-02-24,1.422,1.434,1.437,1.422,1532143.0,1.0548523206751037,1.2711864406779627,0.018000000000000016,2197093.062
2026-02-25,1.434,1.443,1.458,1.433,1641431.0,1.7445917655268595,0.6276150627615218,0.009000000000000119,2368584.933
2026-02-26,1.44,1.439,1.448,1.432,1636073.0,1.1173184357541999,-0.2772002772002735,-0.0040000000000000036,2354309.0470000003
2026-02-27,1.438,1.454,1.454,1.436,1121848.0,1.253481894150421,1.0423905489923557,0.014999999999999902,1631166.9919999999
2026-03-02,1.457,1.472,1.474,1.448,1872661.0,1.7955801104972302,1.237964236588729,0.018000000000000016,2756556.992
2026-03-03,1.472,1.485,1.501,1.467,2723596.0,2.3176550783912564,0.8831521739130599,0.013000000000000123,4044540.06
2026-03-04,1.48,1.461,1.481,1.449,2356910.0,2.208419599723954,-1.6161616161616155,-0.02400000000000002,3443445.5100000002
2026-03-05,1.462,1.46,1.466,1.447,2162132.0,1.313061506565294,-0.0684462696783128,-0.001000000000000112,3156712.7199999997
2026-03-06,1.455,1.461,1.464,1.444,1845946.0,1.3850415512465464,0.068493150684934,0.001000000000000112,2696927.106
2026-03-09,1.471,1.464,1.483,1.46,2176671.0,1.5753424657534376,0.2053388090349051,0.0029999999999998916,3186646.344
2026-03-10,1.45,1.453,1.455,1.446,1520861.0,0.6224066390041472,-0.7513661202185773,-0.010999999999999899,2209811.0330000003
2026-03-11,1.45,1.472,1.474,1.443,1932165.0,2.1483021483021503,1.3076393668272512,0.018999999999999906,2844146.88
2026-03-12,1.473,1.491,1.496,1.47,1511174.0,1.7687074829932037,1.2907608695652328,0.019000000000000128,2253160.4340000004
2026-03-13,1.491,1.485,1.502,1.481,1685997.0,1.417960837272103,-0.4024144869215318,-0.006000000000000005,2503705.5450000004
2026-03-16,1.487,1.474,1.491,1.47,1697438.0,1.4285714285714457,-0.7407407407407529,-0.01100000000000012,2502023.6119999997
2026-03-17,1.474,1.465,1.482,1.463,1655496.0,1.298701298701288,-0.6105834464043336,-0.008999999999999897,2425301.64
2026-03-18,1.465,1.456,1.465,1.442,1918576.0,1.5950069348127593,-0.6143344709897747,-0.009000000000000119,2793446.656
2026-03-19,1.453,1.446,1.461,1.443,2361780.0,1.2474012474012586,-0.6868131868131844,-0.010000000000000009,3415133.88
2026-03-20,1.443,1.439,1.456,1.437,1877796.0,1.3221990257480831,-0.48409405255878113,-0.006999999999999895,2702148.444
2026-03-23,1.433,1.406,1.437,1.397,2686058.0,2.863278453829632,-2.2932592077831937,-0.03300000000000014,3776597.548
2026-03-24,1.412,1.425,1.426,1.401,2197077.0,1.7844396859385991,1.3513513513513598,0.019000000000000128,3130834.725
2026-03-25,1.421,1.429,1.429,1.407,2104849.0,1.5636105188344018,0.2807017543859702,0.0040000000000000036,3007829.221
2026-03-26,1.427,1.429,1.44,1.425,2551762.0,1.0526315789473717,0.0,0.0,3646467.898
2026-03-27,1.428,1.431,1.438,1.421,1589126.0,1.196340605207591,0.13995801259623075,0.0020000000000000018,2274039.306
2026-03-30,1.43,1.446,1.446,1.43,1913771.0,1.118881118881121,1.0482180293500898,0.014999999999999902,2767312.866
2026-03-31,1.446,1.432,1.453,1.427,2463109.0,1.8220042046250828,-0.9681881051175623,-0.014000000000000012,3527172.088
2026-04-01,1.436,1.431,1.44,1.428,2548217.0,0.8403361344537785,-0.06983240223462639,-0.0009999999999998899,3646498.5270000002
2026-04-02,1.431,1.432,1.438,1.426,1973013.0,0.8415147265077083,0.06988120195665637,0.0009999999999998899,2825354.616
2026-04-03,1.432,1.411,1.433,1.406,2366257.0,1.9203413940256153,-1.4664804469273651,-0.020999999999999908,3338788.627
2026-04-07,1.411,1.416,1.419,1.405,2523835.0,0.9964412811387824,0.3543586109142405,0.004999999999999893,3573750.36
2026-04-08,1.416,1.427,1.427,1.409,2982522.0,1.277501774308032,0.7768361581921068,0.01100000000000012,4256058.894
2026-04-09,1.424,1.418,1.426,1.415,1460703.0,0.7773851590106018,-0.6306937631394671,-0.009000000000000119,2071276.8539999998
2026-04-10,1.418,1.419,1.426,1.415,1574569.0,0.7773851590106018,0.07052186177716191,0.001000000000000112,2234313.411
2026-04-13,1.419,1.42,1.422,1.412,1456929.0,0.7082152974504208,0.0704721634954053,0.0009999999999998899,2068839.18
2026-04-14,1.421,1.421,1.422,1.412,1562611.0,0.7082152974504208,0.07042253521127861,0.001000000000000112,2220470.231
2026-04-15,1.421,1.428,1.429,1.417,2384015.0,0.8468595624558928,0.49261083743841194,0.006999999999999895,3404373.42
2026-04-16,1.427,1.432,1.433,1.425,1830173.0,0.5614035087719405,0.2801120448179262,0.0040000000000000036,2620807.736
2026-04-17,1.43,1.421,1.431,1.419,1834851.0,0.8456659619450413,-0.7681564245810013,-0.010999999999999899,2607323.271
2026-04-20,1.422,1.423,1.425,1.419,1583938.0,0.42283298097252064,0.14074595355384467,0.0020000000000000018,2253943.774
2026-04-21,1.425,1.436,1.438,1.423,1819736.0,1.054111033028815,0.9135628952916308,0.0129999999999999,2613140.8959999997
2026-04-22,1.436,1.435,1.441,1.433,1348597.0,0.5582693649685888,-0.06963788300834439,-0.0009999999999998899,1935236.695
2026-04-23,1.435,1.443,1.444,1.43,1769617.0,0.9790209790209836,0.5574912891985973,0.008000000000000007,2553557.3310000002
2026-04-24,1.44,1.442,1.444,1.435,2188850.0,0.6271777003484358,-0.06930006930008226,-0.001000000000000112,3156321.6999999997
2026-04-27,1.439,1.441,1.446,1.436,1493650.0,0.6963788300835771,-0.06934812760054365,-0.0009999999999998899,2152349.65
2026-04-28,1.439,1.453,1.455,1.433,1885790.0,1.535240753663647,0.832755031228305,0.01200000000000001,2740052.87
2026-04-29,1.453,1.467,1.47,1.452,1778811.0,1.2396694214876103,0.9635237439779676,0.014000000000000012,2609515.737
2026-04-30,1.467,1.465,1.473,1.458,1864066.0,1.0288065843621519,-0.13633265167007913,-0.0020000000000000018,2730856.69
2026-05-06,1.463,1.469,1.47,1.451,2638611.0,1.3094417643004785,0.27303754266212454,0.0040000000000000036,3876119.5590000004
2026-05-07,1.468,1.446,1.468,1.443,3949461.0,1.7325017325017233,-1.5656909462219315,-0.02300000000000013,5710920.606
2026-05-08,1.448,1.44,1.453,1.436,2328282.0,1.1838440111420656,-0.4149377593360981,-0.006000000000000005,3352726.08
2026-05-11,1.438,1.446,1.45,1.438,2887401.0,0.8344923504867818,0.4166666666666652,0.006000000000000005,4175181.846
2026-05-12,1.446,1.444,1.453,1.442,1597627.0,0.7628294036061023,-0.13831258644536604,-0.0020000000000000018,2306973.388
2026-05-13,1.446,1.438,1.449,1.433,4895935.0,1.1165387299371998,-0.41551246537395725,-0.006000000000000005,7040354.529999999
2026-05-14,1.436,1.426,1.439,1.425,1798111.0,0.9824561403508847,-0.8344923504867929,-0.01200000000000001,2564106.286
2026-05-15,1.426,1.422,1.433,1.417,2384819.0,1.1291460832745237,-0.28050490883591017,-0.0040000000000000036,3391212.618
2026-05-18,1.422,1.416,1.425,1.408,2853142.0,1.2073863636363757,-0.42194092827003704,-0.006000000000000005,4040049.0719999997
2026-05-19,1.415,1.418,1.419,1.41,2075096.0,0.6382978723404431,0.14124293785311437,0.0020000000000000018,2942486.128
2026-05-20,1.416,1.414,1.418,1.411,1574395.0,0.49610205527994555,-0.28208744710860323,-0.0040000000000000036,2226194.53
2026-05-21,1.412,1.394,1.418,1.392,2884802.0,1.8678160919540332,-1.4144271570014189,-0.020000000000000018,4021413.988
2026-05-22,1.397,1.391,1.397,1.382,2314170.0,1.085383502170778,-0.21520803443327852,-0.0029999999999998916,3219010.47
2026-05-25,1.395,1.396,1.408,1.394,2361333.0,1.0043041606886627,0.35945363048166534,0.004999999999999893,3296420.868
2026-05-26,1.393,1.399,1.4,1.387,2305402.0,0.9372746935832676,0.21489971346706493,0.0030000000000001137,3225257.398
2026-05-27,1.4,1.387,1.401,1.38,3395763.0,1.521739130434785,-0.85775553967119,-0.01200000000000001,4709923.281
2026-05-28,1.386,1.384,1.394,1.381,2180920.0,0.9413468501086042,-0.21629416005768398,-0.0030000000000001137,3018393.28
2026-05-29,1.383,1.402,1.406,1.381,4227209.0,1.8102824040550303,1.3005780346820872,0.018000000000000016,5926547.017999999
2026-06-01,1.404,1.439,1.44,1.399,3717327.0,2.9306647605432445,2.639087018544939,0.037000000000000144,5349233.553
2026-06-02,1.439,1.435,1.455,1.429,3159722.0,1.8194541637508665,-0.2779708130646319,-0.0040000000000000036,4534201.07
2026-06-03,1.428,1.434,1.44,1.414,3080264.0,1.8387553041018467,-0.06968641114983853,-0.001000000000000112,4417098.575999999
2026-06-04,1.431,1.428,1.438,1.422,2202196.0,1.1251758087201136,-0.4184100418409997,-0.006000000000000005,3144735.888
2026-06-05,1.425,1.428,1.441,1.423,2903947.0,1.2649332396345692,0.0,0.0,4146836.3159999996
2026-06-08,1.422,1.417,1.43,1.41,3768498.0,1.4184397163120588,-0.770308123249297,-0.010999999999999899,5339961.666
2026-06-09,1.412,1.414,1.417,1.403,1964518.0,0.9978617248752597,-0.21171489061397875,-0.0030000000000001137,2777828.452
2026-06-10,1.412,1.406,1.415,1.4,3710715.0,1.0714285714285898,-0.5657708628005631,-0.008000000000000007,5217265.29
2026-06-11,1.405,1.402,1.411,1.393,3462618.0,1.2921751615218913,-0.2844950213371278,-0.0040000000000000036,4854590.436
2026-06-12,1.396,1.422,1.425,1.395,2479923.0,2.1505376344086002,1.4265335235378096,0.020000000000000018,3526450.506
2026-06-15,1.423,1.41,1.423,1.403,2333433.0,1.425516749821809,-0.8438818565400852,-0.01200000000000001,3290140.53
2026-06-16,1.406,1.386,1.406,1.382,3567214.0,1.736613603473236,-1.7021276595744705,-0.02400000000000002,4944158.603999999
2026-06-17,1.386,1.371,1.387,1.368,3202772.0,1.388888888888884,-1.0822510822510734,-0.014999999999999902,4391000.412
2026-06-18,1.37,1.346,1.371,1.343,4526479.0,2.084884586746094,-1.823486506199845,-0.02499999999999991,6092640.734
2026-06-22,1.344,1.361,1.361,1.325,3689552.0,2.71698113207548,1.1144130757800852,0.014999999999999902,5021480.272
2026-06-23,1.359,1.351,1.37,1.347,3221067.0,1.7074981440237558,-0.7347538574577483,-0.010000000000000009,4351661.517
2026-06-24,1.353,1.334,1.353,1.329,2623023.0,1.8058690744920947,-1.2583271650629113,-0.016999999999999904,3499112.682
2026-06-25,1.325,1.318,1.334,1.314,3169015.0,1.5220700152207112,-1.199400299850073,-0.016000000000000014,4176761.77
2026-06-26,1.318,1.295,1.32,1.291,3734489.0,2.2463206816421444,-1.7450682852807375,-0.02300000000000013,4836163.255
2026-06-29,1.292,1.299,1.301,1.269,4835568.0,2.5216706067769934,0.3088803088802994,0.0040000000000000036,6281402.8319999995
2026-06-30,1.294,1.277,1.296,1.27,3059451.0,2.0472440944881987,-1.6936104695919996,-0.02200000000000002,3906918.9269999997
2026-07-01,1.274,1.3,1.304,1.27,3297747.0,2.677165354330713,1.8010963194988294,0.02300000000000013,4287071.100000001
2026-07-02,1.301,1.311,1.318,1.297,3212315.0,1.6191210485736462,0.8461538461538298,0.010999999999999899,4211344.965
2026-07-03,1.313,1.325,1.328,1.313,3572372.0,1.1424219345011588,1.067887109077037,0.014000000000000012,4733392.899999999
2026-07-06,1.325,1.353,1.353,1.317,4393719.0,2.733485193621865,2.1132075471698153,0.028000000000000025,5944701.807
2026-07-07,1.35,1.331,1.353,1.326,4648119.0,2.036199095022617,-1.6260162601625994,-0.02200000000000002,6186646.3889999995
2026-07-08,1.33,1.34,1.351,1.325,2656152.0,1.9622641509434047,0.6761833208114298,0.009000000000000119,3559243.68
2026-07-09,1.336,1.323,1.336,1.318,2694716.0,1.365705614567525,-1.2686567164179152,-0.017000000000000126,3565109.2679999997
2026-07-10,1.315,1.323,1.33,1.31,2709122.0,1.526717557251911,0.0,0.0,3584168.406
2026-07-13,1.323,1.327,1.332,1.315,2549912.0,1.2927756653992484,0.3023431594860071,0.0040000000000000036,3383733.224
2026-07-14,1.328,1.352,1.356,1.326,3407665.0,2.262443438914019,1.883948756593834,0.025000000000000133,4607163.08
2026-07-15,1.349,1.374,1.376,1.347,3877788.0,2.152932442464728,1.6272189349112454,0.02200000000000002,5328080.712
2026-07-16,1.374,1.36,1.38,1.356,3249969.0,1.7699115044247593,-1.0189228529839944,-0.014000000000000012,4419957.840000001
2026-07-17,1.36,1.352,1.372,1.351,3110214.0,1.5544041450777257,-0.588235294117645,-0.008000000000000007,4205009.328000001
2026-07-20,1.355,1.394,1.394,1.355,3483732.0,2.8782287822878283,3.106508875739622,0.041999999999999815,4856322.408
2026-07-21,1.394,1.381,1.408,1.375,5287642.0,2.400000000000002,-0.9325681492108995,-0.0129999999999999,7302233.602
2026-07-22,1.377,1.396,1.397,1.368,3246891.0,2.119883040935666,1.0861694424330048,0.014999999999999902,4532659.836
2026-07-23,1.389,1.409,1.41,1.387,2718479.0,1.6582552271088513,0.9312320916905481,0.013000000000000123,3830336.9110000003
2026-07-24,1.409,1.387,1.416,1.385,3044066.0,2.238267148014428,-1.5613910574875822,-0.02200000000000002,4222119.542
2026-07-27,1.385,1.391,1.395,1.377,1845228.0,1.3071895424836555,0.2883922134102379,0.0040000000000000036,2566712.148
2026-07-28,1.388,1.392,1.394,1.376,2723134.0,1.3081395348837122,0.07189072609632419,0.0009999999999998899,3790602.528
2026-07-29,1.391,1.414,1.419,1.391,3646021.0,2.0129403306973437,1.5804597701149392,0.02200000000000002,5155473.694
2026-07-30,1.416,1.43,1.434,1.415,4239942.0,1.3427561837455748,1.1315417256011262,0.016000000000000014,6063117.06
2026-07-31,1.412,1.432,1.432,1.406,2994086.0,1.849217638691325,0.13986013986013734,0.0020000000000000018,4287531.152
2026-08-03,1.423,1.424,1.437,1.422,2533527.0,1.0548523206751037,-0.5586592178770999,-0.008000000000000007,3607742.448
2026-08-04,1.422,1.403,1.423,1.397,5260102.0,1.8611309949892574,-1.4747191011235894,-0.020999999999999908,7379923.106
