amp1,amp10,amp20,amp3,amp30,amp5,close,date,dev10,dev20,dev30,dev5,dev60,high,low,mom10,mom20,mom5,open,prev_close,ret,slope20,t0_net,t0_status
,,,,,,0.772,2019-12-20,,,,,,0.775,0.77,,,,0.774,,0.0,,596.07,仅买
0.0,,,,,,0.764,2019-12-23,,,,,,0.774,0.762,,,,0.772,0.772,-0.010363,,-2640.07,仅买
0.015544,,,,,,0.769,2019-12-24,,,,,,0.769,0.762,,,,0.766,0.764,0.006545,,3866.2,仅买
0.009162,,,0.008235,,,0.767,2019-12-25,,,,,,0.769,0.765,,,,0.769,0.769,-0.002601,,-49.8,仅买
0.005202,,,0.009969,,,0.773,2019-12-26,,,,,,0.774,0.767,,,,0.768,0.767,0.007823,,0.0,未触发
0.009126,,,0.00783,,0.007807,0.773,2019-12-27,,,,0.005202,,0.777,0.772,,,-0.453324,0.772,0.773,0.0,,0.0,未触发
0.006468,,,0.006932,,0.009101,0.781,2019-12-30,,,,0.00494,,0.782,0.77,,,0.001295,0.772,0.773,0.010349,,0.0,未触发
0.015524,,,0.010373,,0.009097,0.786,2019-12-31,,,,0.010872,,0.786,0.778,,,0.022251,0.782,0.781,0.006402,,3785.81,仅买
0.010243,,,0.010745,,0.009313,0.796,2020-01-02,,,,0.012887,,0.799,0.788,,,0.022107,0.788,0.786,0.012723,,0.0,未触发
0.013995,,,0.013254,,0.011071,0.796,2020-01-03,,,,0.018163,,0.797,0.792,,,0.03781,0.796,0.796,0.0,,1206.33,仅买
0.006281,0.009155,,0.010173,,0.010502,0.793,2020-01-06,0.023531,,,0.012208,,0.8,0.789,-0.437058,,0.029754,0.793,0.796,-0.003769,,1841.6,仅买
0.013819,0.010537,,0.011365,,0.011973,0.799,2020-01-07,0.016927,,,0.003289,,0.799,0.793,0.027202,,0.025873,0.796,0.793,0.007566,,3090.53,仅买
0.007566,0.009739,,0.009222,,0.010381,0.792,2020-01-08,0.020043,,,0.006297,,0.799,0.789,0.045812,,0.023047,0.799,0.799,-0.008761,,-2552.48,仅买
0.012516,0.010074,,0.0113,,0.010835,0.799,2020-01-09,0.008147,,,-0.004024,,0.8,0.795,0.029909,,0.007634,0.799,0.792,0.008838,,1827.2,仅买
0.006313,0.010185,,0.008798,,0.009299,0.798,2020-01-10,0.012931,,,0.004021,,0.803,0.794,0.041721,,0.003769,0.8,0.799,-0.001252,,575.16,仅买
0.011264,0.010399,,0.010031,,0.010296,0.803,2020-01-13,0.008467,,,0.002261,,0.803,0.794,0.032342,,0.002513,0.798,0.798,0.006266,,4335.47,仅买
0.011278,0.01088,,0.009618,,0.009787,0.804,2020-01-14,0.010953,,,0.006014,,0.81,0.803,0.03881,,0.01261,0.804,0.803,0.001245,,0.0,未触发
0.008717,0.010199,,0.01042,,0.010018,0.801,2020-01-15,0.009289,,,0.006006,,0.804,0.798,0.029449,,0.006258,0.803,0.804,-0.003731,,-49.81,仅买
0.007463,0.009921,,0.009153,,0.009007,0.797,2020-01-16,0.003634,,,0.0,,0.803,0.795,0.019084,,0.011364,0.802,0.801,-0.004994,,-1296.55,仅买
0.009988,0.009521,,0.008723,,0.009742,0.797,2020-01-17,-0.001503,,,-0.004497,,0.801,0.796,0.001256,,-0.002503,0.799,0.797,0.0,,575.86,仅买
0.006274,0.00952,0.009337,0.007908,,0.008744,0.798,2020-01-20,-0.001628,0.011421,,-0.004248,,0.801,0.793,0.001256,-0.436351,-0.001253,0.801,0.797,0.001255,,-673.98,仅买
0.010038,0.009142,0.009839,0.008766,,0.008496,0.785,2020-01-21,-0.001002,0.011022,,-0.001751,,0.797,0.784,0.006305,0.033679,-0.006227,0.797,0.798,-0.016291,,-5067.96,仅买
0.016291,0.010014,0.009876,0.010867,,0.01001,0.789,2020-01-22,-0.015551,-0.006769,,-0.013323,,0.789,0.773,-0.017522,0.027487,-0.023632,0.785,0.785,0.005096,,4408.27,仅买
0.020382,0.010801,0.010437,0.01557,,0.012594,0.767,2020-01-23,-0.010162,-0.00297,,-0.005295,,0.785,0.763,-0.003788,0.026008,-0.014981,0.785,0.789,-0.027883,,-8965.96,仅买
0.027883,0.012958,0.011571,0.021519,,0.016173,0.701,2020-02-03,-0.033883,-0.03077,,-0.025661,,0.724,0.694,-0.04005,0.0,-0.037641,0.694,0.767,-0.08605,,0.0,未触发
0.039113,0.015743,0.013071,0.029126,,0.022741,0.718,2020-02-04,-0.106095,-0.110124,,-0.08724,,0.719,0.701,-0.121554,-0.093144,-0.120452,0.701,0.701,0.024251,-0.000317,0.0,未触发
0.025678,0.017183,0.014031,0.030891,,0.025869,0.725,2020-02-05,-0.074384,-0.08535,,-0.045213,,0.735,0.717,-0.105853,-0.071151,-0.100251,0.721,0.718,0.009749,-0.005448,5497.14,双边
0.02507,0.018818,0.014509,0.029954,,0.027625,0.735,2020-02-06,-0.055744,-0.073127,,-0.02027,,0.736,0.721,-0.098259,-0.071703,-0.076433,0.726,0.725,0.013793,-0.010312,5459.53,双边
0.02069,0.020141,0.015031,0.023812,,0.027687,0.736,2020-02-07,-0.034419,-0.057269,,0.007954,,0.737,0.727,-0.082397,-0.064885,-0.068441,0.731,0.735,0.001361,-0.014785,4737.27,仅买
0.013605,0.020502,0.015011,0.019788,,0.024831,0.748,2020-02-10,-0.025295,-0.05234,,0.017981,,0.748,0.731,-0.076537,-0.075377,-0.040417,0.734,0.736,0.016304,-0.018576,5398.74,双边
0.023098,0.022185,0.015852,0.019131,0.01362,0.021628,0.75,2020-02-11,-0.002933,-0.033904,-0.035337,0.0213,,0.753,0.744,-0.061481,-0.060302,0.067047,0.748,0.748,0.002674,-0.017137,5297.14,双边
0.012032,0.022384,0.015763,0.016245,0.014021,0.018899,0.755,2020-02-12,0.006171,-0.028623,-0.031842,0.01516,,0.755,0.747,-0.06015,-0.054224,0.044568,0.751,0.75,0.006667,-0.016433,4609.87,仅买
0.010667,0.021822,0.015918,0.015266,0.013858,0.016018,0.752,2020-02-13,0.016972,-0.019353,-0.02501,0.013695,,0.758,0.751,-0.038217,-0.055069,0.041379,0.755,0.755,-0.003974,-0.015725,-49.8,仅买
0.009272,0.020711,0.015756,0.010657,0.013862,0.013735,0.758,2020-02-14,0.018005,-0.020706,-0.028173,0.005079,,0.758,0.751,-0.046895,-0.050505,0.023129,0.752,0.752,0.007979,-0.015071,0.0,未触发
0.009309,0.018853,0.015905,0.009749,0.013999,0.012875,0.773,2020-02-17,0.027379,-0.01025,-0.020039,0.007175,,0.773,0.757,-0.011734,-0.051314,0.029891,0.759,0.758,0.019789,-0.013906,0.0,未触发
0.021108,0.017053,0.016398,0.013229,0.014398,0.012477,0.773,2020-02-18,0.037584,0.010986,-0.000646,0.020327,,0.776,0.767,0.10271,-0.031328,0.033422,0.774,0.773,0.0,-0.012464,1241.94,仅买
0.011643,0.015649,0.016416,0.01402,0.014571,0.0124,0.772,2020-02-19,0.02998,0.012973,-0.000646,0.01417,,0.776,0.77,0.076602,-0.03736,0.030667,0.774,0.773,-0.001294,-0.011657,-49.8,仅买
0.007762,0.013918,0.016368,0.013504,0.014312,0.011819,0.778,2020-02-20,0.022246,0.013789,-0.001552,0.008359,,0.782,0.769,0.064828,-0.039801,0.022517,0.772,0.772,0.007772,-0.010911,5778.31,双边
0.016839,0.013533,0.016837,0.012081,0.014532,0.013332,0.782,2020-02-21,0.024358,0.023213,0.006555,0.009341,,0.787,0.779,0.058503,-0.028714,0.034574,0.779,0.778,0.005141,-0.009832,0.0,未触发
0.010283,0.013201,0.016852,0.011628,0.014408,0.013527,0.779,2020-02-24,0.023426,0.029489,0.012341,0.008252,,0.783,0.772,0.0625,-0.018821,0.031662,0.783,0.782,-0.003836,-0.008161,-1965.21,仅买
0.014066,0.012298,0.017241,0.01373,0.014668,0.012119,0.77,2020-02-25,0.015381,0.026756,0.009198,0.002832,,0.772,0.754,0.041444,-0.022585,0.007762,0.772,0.779,-0.011553,-0.007716,1245.33,仅买
0.023107,0.013405,0.017895,0.015819,0.014977,0.014411,0.771,2020-02-26,0.00104,0.01677,-0.00147,-0.007988,,0.78,0.762,0.026667,-0.035088,-0.003881,0.764,0.77,0.001299,-0.007601,0.0,未触发
0.023377,0.014676,0.018249,0.020183,0.015504,0.017534,0.772,2020-02-27,0.000259,0.019033,0.001039,-0.006443,,0.777,0.77,0.021192,-0.017834,-0.001295,0.772,0.771,0.001297,-0.006435,0.0,未触发
0.009079,0.014657,0.017684,0.018521,0.01539,0.015982,0.755,2020-02-28,-0.001035,0.021502,0.003205,-0.003614,,0.769,0.749,0.026596,-0.021546,-0.007712,0.769,0.772,-0.022021,-0.00605,-8500.68,仅买
0.025907,0.016317,0.017585,0.019454,0.016043,0.019107,0.779,2020-03-02,-0.022654,-0.000199,-0.017012,-0.018716,,0.781,0.751,-0.003958,-0.015645,-0.034527,0.751,0.755,0.031788,-0.005858,0.0,未触发
0.039735,0.01818,0.017616,0.024907,0.016992,0.024241,0.779,2020-03-03,0.007632,0.026283,0.015072,0.012477,,0.792,0.775,0.007762,0.11127,0.0,0.787,0.779,0.0,0.000461,-3861.42,仅买
0.021823,0.019198,0.017424,0.029155,0.017343,0.023984,0.789,2020-03-04,0.00685,0.022176,0.016131,0.010114,,0.789,0.774,0.007762,0.084958,0.011688,0.779,0.779,0.012837,0.006338,5726.11,双边
0.019255,0.020347,0.017133,0.026938,0.017694,0.02316,0.798,2020-03-05,0.017539,0.030968,0.029847,0.018327,,0.799,0.79,0.022021,0.088276,0.023346,0.793,0.789,0.011407,0.011499,5624.41,双边
0.011407,0.019804,0.016669,0.017495,0.017826,0.023625,0.79,2020-03-06,0.026499,0.038454,0.04173,0.023077,,0.795,0.787,0.025707,0.085714,0.033679,0.795,0.798,-0.010025,0.016804,-1307.55,仅买
0.010025,0.019778,0.01649,0.013562,0.017827,0.020449,0.767,2020-03-09,0.015163,0.024444,0.031601,0.003812,,0.779,0.765,0.01023,0.07337,0.046358,0.779,0.79,-0.029114,0.021188,-5183.95,仅买
0.017722,0.020144,0.016221,0.013051,0.018209,0.016046,0.779,2020-03-10,-0.01287,-0.006605,0.002877,-0.022432,,0.779,0.758,-0.015404,0.025401,-0.015404,0.765,0.767,0.015645,0.017193,5831.41,双边
0.027379,0.020571,0.016988,0.018375,0.018787,0.017158,0.773,2020-03-11,0.001414,0.007045,0.019411,-0.007137,,0.783,0.772,0.011688,0.038667,0.0,0.779,0.779,-0.007702,0.015024,-1333.34,仅买
0.014121,0.019645,0.017161,0.019741,0.018715,0.016131,0.76,2020-03-12,-0.006554,-0.001872,0.012089,-0.01075,,0.77,0.755,0.002594,0.023841,-0.020279,0.77,0.773,-0.016818,0.011956,-4594.67,仅买
0.019405,0.020678,0.017668,0.020302,0.018682,0.01773,0.748,2020-03-13,-0.021753,-0.019165,-0.003671,-0.017834,,0.753,0.728,-0.015544,0.010638,-0.047619,0.745,0.76,-0.015789,0.008328,5318.74,双边
0.032895,0.021377,0.018847,0.02214,0.018849,0.022304,0.728,2020-03-16,-0.036331,-0.034029,-0.018587,-0.022733,,0.751,0.724,-0.009272,-0.013193,-0.053165,0.751,0.748,-0.026738,0.00415,-15360.13,仅买
0.036096,0.021013,0.019596,0.029465,0.018748,0.025979,0.725,2020-03-17,-0.055894,-0.057117,-0.045955,-0.039071,,0.736,0.709,-0.065469,-0.058215,-0.050847,0.728,0.728,-0.004121,0.0,-1423.32,仅买
0.037088,0.022539,0.020869,0.03536,0.019129,0.027921,0.715,2020-03-18,-0.053154,-0.058075,-0.050177,-0.029191,,0.734,0.714,-0.06932,-0.062096,-0.06932,0.726,0.725,-0.013793,-0.004977,-4870.45,仅买
0.027586,0.023372,0.02186,0.03359,0.019213,0.030614,0.708,2020-03-19,-0.057101,-0.067614,-0.062869,-0.027476,,0.718,0.694,-0.09379,-0.073834,-0.075032,0.714,0.715,-0.00979,-0.009813,-4250.77,仅买
0.033566,0.025588,0.022696,0.032747,0.019642,0.033446,0.718,2020-03-20,-0.055118,-0.072509,-0.070947,-0.023179,,0.718,0.705,-0.112782,-0.089974,-0.068421,0.714,0.708,0.014124,-0.014842,4151.21,仅买
0.018362,0.026422,0.0231,0.026505,0.0198,0.03054,0.697,2020-03-23,-0.032475,-0.05545,-0.057083,-0.001113,,0.708,0.695,-0.091139,-0.081841,-0.040107,0.708,0.718,-0.029248,-0.018338,-6405.27,仅买
0.018106,0.02646,0.023302,0.023345,0.019634,0.026942,0.713,2020-03-24,-0.05183,-0.078103,-0.082613,-0.021892,-0.091955,0.714,0.701,-0.091265,-0.105263,-0.042582,0.706,0.697,0.022956,-0.020787,5615.53,双边
0.018651,0.025588,0.023079,0.018373,0.019855,0.023254,0.728,2020-03-25,-0.021277,-0.053372,-0.060028,0.003943,-0.069919,0.728,0.719,-0.084724,-0.074026,-0.016552,0.719,0.713,0.021038,-0.021437,0.0,未触发
0.012623,0.025438,0.022542,0.01646,0.01992,0.020262,0.721,2020-03-26,0.005525,-0.03069,-0.039113,0.021324,-0.049608,0.726,0.719,-0.058215,-0.055772,0.018182,0.726,0.728,-0.009615,-0.020604,-2115.79,仅买
0.009615,0.024459,0.022568,0.01363,0.019931,0.015471,0.726,2020-03-27,0.00125,-0.03674,-0.047053,0.007828,-0.057763,0.732,0.724,-0.051316,-0.066062,0.018362,0.724,0.721,0.006935,-0.019454,0.0,未触发
0.011096,0.022279,0.021828,0.011111,0.019991,0.014018,0.716,2020-03-30,0.011283,-0.028177,-0.039089,0.012552,-0.05038,0.721,0.71,-0.029412,-0.038411,0.011142,0.721,0.726,-0.013774,-0.017233,-2129.88,仅买
0.015152,0.020184,0.020599,0.011954,0.019792,0.013427,0.714,2020-03-31,-0.000977,-0.037505,-0.049936,-0.006659,-0.062295,0.721,0.713,-0.016484,-0.080873,0.02726,0.72,0.716,-0.002793,-0.01607,-2132.88,仅买
0.011173,0.017593,0.020066,0.012473,0.019777,0.011932,0.708,2020-04-01,-0.002236,-0.035982,-0.050111,-0.009709,-0.063709,0.719,0.708,-0.015172,-0.08344,0.001403,0.713,0.714,-0.008403,-0.016662,-49.79,仅买
0.015406,0.016375,0.019874,0.01391,0.020031,0.012488,0.718,2020-04-02,-0.009652,-0.038827,-0.055412,-0.012552,-0.070093,0.719,0.706,-0.00979,-0.102662,-0.027473,0.708,0.708,0.014124,-0.01924,0.0,未触发
0.018362,0.014855,0.020221,0.01498,0.020082,0.014238,0.717,2020-04-03,0.002933,-0.019929,-0.039508,0.002233,-0.055553,0.72,0.714,0.014124,-0.100251,-0.004161,0.72,0.718,-0.001393,-0.021242,-744.15,仅买
0.008357,0.013854,0.020138,0.014041,0.020018,0.01369,0.728,2020-04-07,0.001676,-0.016393,-0.038057,0.003359,-0.055232,0.73,0.724,-0.001393,-0.092405,-0.012397,0.725,0.717,0.015342,-0.024229,0.0,未触发
0.008368,0.01288,0.01967,0.011695,0.019828,0.012333,0.728,2020-04-08,0.012658,0.001376,-0.021067,0.015342,-0.039303,0.729,0.722,0.044476,-0.050847,0.01676,0.726,0.728,0.0,-0.022718,3393.53,仅买
0.009615,0.011977,0.018782,0.00878,0.019378,0.012022,0.731,2020-04-09,0.01055,0.0049,-0.01922,0.011392,-0.037928,0.732,0.728,0.021038,-0.065469,0.019608,0.728,0.728,0.004121,-0.021873,0.0,未触发
0.005495,0.011264,0.018351,0.007826,0.018782,0.010039,0.725,2020-04-10,0.014292,0.011975,-0.013407,0.009111,-0.032514,0.733,0.721,0.004121,-0.054334,0.032486,0.731,0.731,-0.008208,-0.019346,-2785.25,仅买
0.016416,0.011944,0.018201,0.010509,0.019027,0.00965,0.722,2020-04-13,0.005408,0.006106,-0.019431,-0.001102,-0.039035,0.724,0.718,0.005548,-0.046053,0.009749,0.718,0.725,-0.004138,-0.01638,0.0,未触发
0.008276,0.011662,0.01697,0.010062,0.018439,0.009634,0.732,2020-04-14,0.001804,0.003754,-0.022034,-0.006604,-0.041381,0.732,0.723,-0.00551,-0.034759,0.006974,0.723,0.722,0.01385,-0.013238,0.0,未触发
0.012465,0.011393,0.015789,0.012386,0.01753,0.010453,0.728,2020-04-15,0.013429,0.017373,-0.00638,0.006047,-0.026682,0.732,0.727,0.022346,0.005495,0.005495,0.732,0.732,-0.005464,-0.010316,-732.76,仅买
0.006831,0.010959,0.014276,0.009191,0.01703,0.009896,0.725,2020-04-16,0.005942,0.011603,-0.009524,0.00055,-0.030389,0.727,0.722,0.019608,0.004138,0.0,0.725,0.728,-0.004121,-0.006626,2018.91,仅买
0.006868,0.010105,0.01324,0.008721,0.016618,0.010171,0.727,2020-04-17,-0.000551,0.006735,-0.010734,-0.001927,-0.032688,0.731,0.726,0.024011,0.013986,-0.008208,0.727,0.725,0.002759,-0.003046,0.0,未触发
0.006897,0.008959,0.011907,0.006865,0.016467,0.008267,0.732,2020-04-20,0.000964,0.008182,-0.004791,0.000275,-0.028421,0.732,0.725,0.012535,0.026836,0.002759,0.729,0.727,0.006878,0.000694,2693.27,仅买
0.009629,0.009086,0.01147,0.007798,0.016454,0.008538,0.728,2020-04-21,0.005771,0.014131,0.004712,0.004391,-0.020321,0.73,0.722,0.020921,0.019499,0.01385,0.73,0.732,-0.005464,0.003476,635.07,仅买
0.010929,0.009342,0.011111,0.009151,0.016228,0.008231,0.732,2020-04-22,0.000275,0.006428,0.001008,0.0,-0.024172,0.732,0.722,0.0,0.044476,-0.005464,0.725,0.728,0.005495,0.005351,5466.74,双边
0.013736,0.009754,0.010865,0.011431,0.015773,0.009612,0.729,2020-04-23,0.005218,0.010631,0.008681,0.004391,-0.017362,0.733,0.728,0.005495,0.026648,0.005495,0.732,0.732,-0.004098,0.006461,-732.76,仅买
0.006831,0.009888,0.010576,0.010499,0.01553,0.009604,0.724,2020-04-24,0.001374,0.00642,0.006582,-0.000822,-0.020161,0.731,0.722,-0.002736,0.001374,0.005517,0.729,0.729,-0.006859,0.005832,-2107.09,仅买
0.012346,0.009481,0.010712,0.010971,0.015294,0.010694,0.729,2020-04-27,-0.005358,-0.00069,0.001337,-0.006859,-0.025463,0.732,0.724,-0.001379,0.004161,-0.004127,0.724,0.724,0.006906,0.004715,0.0,未触发
0.01105,0.009758,0.01071,0.010075,0.014566,0.010978,0.727,2020-04-28,0.000549,0.006003,0.009136,0.000824,-0.017895,0.732,0.711,0.009695,0.004132,-0.004098,0.732,0.729,-0.002743,0.003948,-2098.69,仅买
0.028807,0.011392,0.011393,0.017401,0.014323,0.014554,0.732,2020-04-29,-0.001511,0.002482,0.006414,-0.001648,-0.021161,0.732,0.725,-0.006831,0.015363,-0.001374,0.726,0.727,0.006878,0.002558,0.0,未触发
0.009629,0.011672,0.011315,0.016495,0.013408,0.013732,0.739,2020-04-30,0.004804,0.008126,0.013009,0.005218,-0.014739,0.739,0.732,0.005495,0.02521,0.0,0.732,0.732,0.009563,0.002485,0.0,未触发
0.009563,0.011941,0.011023,0.015999,0.012807,0.014279,0.74,2020-05-06,0.012467,0.015598,0.021565,0.012051,-0.005629,0.741,0.731,0.01931,0.043785,0.013717,0.735,0.739,0.001353,0.004556,5391.54,双边
0.013532,0.012605,0.010782,0.010908,0.012139,0.014516,0.741,2020-05-07,0.012035,0.015437,0.021441,0.008999,-0.004395,0.741,0.736,0.017882,0.030641,0.022099,0.738,0.74,0.001351,0.005866,0.0,未触发
0.006757,0.012318,0.010702,0.00995,0.011753,0.013657,0.746,2020-05-08,0.012157,0.015138,0.02174,0.007067,-0.003161,0.748,0.741,0.012295,0.033473,0.016461,0.741,0.741,0.006748,0.007314,0.0,未触发
0.009447,0.01217,0.010756,0.009912,0.011464,0.009785,0.748,2020-05-11,0.016487,0.020729,0.026323,0.008653,0.00361,0.75,0.745,0.024725,0.024725,0.026135,0.746,0.746,0.002681,0.007791,0.0,未触发
0.006702,0.011466,0.01061,0.007635,0.011066,0.0092,0.745,2020-05-12,0.016995,0.022067,0.027425,0.007001,0.006346,0.748,0.739,0.021858,0.027473,0.021858,0.748,0.748,-0.004011,0.007919,-718.16,仅买
0.012032,0.011986,0.010937,0.009394,0.011046,0.009694,0.745,2020-05-13,0.010718,0.016995,0.022509,0.001344,0.002534,0.746,0.738,0.021948,0.019152,0.008119,0.745,0.745,0.0,0.006734,1963.4,仅买
0.010738,0.011826,0.010653,0.009824,0.011083,0.009135,0.739,2020-05-14,0.007846,0.015609,0.021387,-0.0,0.002692,0.746,0.738,0.029006,0.027586,0.006757,0.746,0.745,-0.008054,0.006587,-2730.46,仅买
0.010738,0.011794,0.010776,0.01117,0.011071,0.009932,0.735,2020-05-15,-0.001621,0.006264,0.01256,-0.007521,-0.004959,0.743,0.735,0.013717,0.023546,-0.002699,0.74,0.739,-0.005413,0.006096,-725.36,仅买
0.010825,0.009996,0.010694,0.010767,0.010927,0.010207,0.737,2020-05-18,-0.008097,0.000613,0.006206,-0.009968,-0.009501,0.741,0.733,0.011004,0.004098,-0.014745,0.736,0.735,0.002721,0.005063,5384.34,双边
0.010884,0.010122,0.010897,0.010816,0.010918,0.011044,0.742,2020-05-19,-0.006069,0.002721,0.007886,-0.004323,-0.006002,0.745,0.74,0.006831,0.012363,-0.014706,0.741,0.737,0.006784,0.004304,0.0,未触发
0.006784,0.009844,0.010893,0.009498,0.01063,0.009994,0.737,2020-05-20,0.00027,0.008358,0.013154,0.003245,0.001417,0.742,0.735,0.00406,0.023448,-0.004027,0.741,0.742,-0.006739,0.004505,-724.46,仅买
0.009434,0.009434,0.01102,0.009034,0.010333,0.009733,0.733,2020-05-21,-0.006069,0.000883,0.005457,-0.001355,-0.004413,0.739,0.732,-0.004054,0.013755,-0.010738,0.738,0.737,-0.005427,0.003817,-1404.73,仅买
0.009498,0.009708,0.011013,0.008572,0.010371,0.009485,0.721,2020-05-22,-0.010396,-0.004617,-0.000727,-0.005157,-0.008723,0.733,0.72,-0.010796,0.001366,-0.008119,0.733,0.733,-0.016371,0.002723,-5506.32,仅买
0.017735,0.010537,0.011353,0.012222,0.010683,0.010867,0.726,2020-05-25,-0.0233,-0.020447,-0.016773,-0.017711,-0.023675,0.726,0.72,-0.033512,-0.009615,-0.019048,0.721,0.721,0.006935,0.002042,0.0,未触发
0.008322,0.010699,0.011083,0.011852,0.01064,0.010355,0.73,2020-05-26,-0.013587,-0.013252,-0.009865,-0.007926,-0.015927,0.73,0.725,-0.029412,-0.008197,-0.014925,0.725,0.726,0.00551,0.00102,0.0,未触发
0.006887,0.010185,0.011085,0.010981,0.010686,0.010375,0.732,2020-05-27,-0.006127,-0.007883,-0.004364,0.000823,-0.009588,0.735,0.728,-0.020134,0.001372,-0.016173,0.728,0.73,0.00274,-6.8e-05,0.0,未触发
0.009589,0.01007,0.010948,0.008266,0.010459,0.010406,0.733,2020-05-28,-0.001637,-0.005705,-0.001954,0.004942,-0.005975,0.737,0.728,-0.01745,0.01105,-0.006784,0.732,0.732,0.001366,-0.000204,1999.11,仅买
0.012295,0.010225,0.01101,0.00959,0.010593,0.010966,0.732,2020-05-29,0.000546,-0.004617,-0.00109,0.006315,-0.004121,0.733,0.729,-0.008119,0.005487,0.0,0.732,0.733,-0.001364,0.0,633.18,仅买
0.005457,0.009689,0.009842,0.009114,0.010359,0.00851,0.745,2020-06-01,-0.00041,-0.006312,-0.002453,0.001916,-0.00442,0.745,0.732,-0.004082,0.006878,0.015257,0.732,0.732,0.01776,0.000815,0.0,未触发
0.01776,0.010376,0.010249,0.011837,0.010723,0.010398,0.746,2020-06-02,0.016232,0.010444,0.01448,0.014434,0.014042,0.747,0.742,0.010855,0.01776,0.026171,0.744,0.745,0.001342,0.002107,0.0,未触发
0.006711,0.010369,0.010106,0.009976,0.010718,0.010362,0.746,2020-06-03,0.017042,0.01132,0.014874,0.011388,0.016395,0.752,0.746,0.005391,0.009472,0.021918,0.746,0.746,0.0,0.002514,0.0,未触发
0.008043,0.01023,0.009832,0.010838,0.010756,0.010053,0.748,2020-06-04,0.015795,0.010909,0.014,0.007563,0.017597,0.751,0.745,0.012212,0.008108,0.019126,0.748,0.746,0.002681,0.002377,2623.67,仅买
0.008043,0.010084,0.009896,0.007599,0.010703,0.009203,0.745,2020-06-05,0.016442,0.013138,0.015982,0.006188,0.0213,0.749,0.742,0.020464,0.009447,0.020464,0.747,0.748,-0.004011,0.00258,619.47,仅买
0.009358,0.009247,0.009892,0.008481,0.010651,0.009983,0.747,2020-06-08,0.009075,0.009143,0.011129,-0.00134,0.017713,0.75,0.745,0.033287,-0.00134,0.01776,0.747,0.745,0.002685,0.002172,0.0,未触发
0.006711,0.009085,0.009892,0.008038,0.010417,0.007773,0.75,2020-06-09,0.008914,0.011921,0.013156,0.000804,0.021189,0.75,0.748,0.028926,-0.001337,0.002685,0.748,0.747,0.004016,0.001221,0.0,未触发
0.002677,0.008664,0.009425,0.006249,0.010278,0.006967,0.749,2020-06-10,0.010237,0.015641,0.01626,0.003747,0.025828,0.75,0.746,0.027397,0.006711,0.005362,0.75,0.75,-0.001333,0.001085,616.77,仅买
0.005333,0.008239,0.009154,0.004907,0.010045,0.006425,0.743,2020-06-11,0.006585,0.014012,0.01376,0.001605,0.024717,0.749,0.741,0.023224,0.005369,0.004021,0.749,0.749,-0.008011,0.000949,-2719.66,仅买
0.010681,0.008078,0.009151,0.006231,0.010032,0.006952,0.743,2020-06-12,-0.002818,0.005617,0.005005,-0.005088,0.016624,0.743,0.732,0.013643,0.005413,-0.006684,0.741,0.743,0.0,0.000745,1974.21,仅买
0.014805,0.009012,0.00935,0.010273,0.009566,0.008042,0.737,2020-06-15,-0.004288,0.005073,0.00428,-0.004555,0.016277,0.743,0.737,0.015027,0.010884,-0.002685,0.742,0.743,-0.008075,0.001355,-723.56,仅买
0.008075,0.008044,0.00921,0.011187,0.009514,0.008314,0.748,2020-06-16,-0.011269,-0.003044,-0.004054,-0.009941,0.007794,0.749,0.739,-0.010738,0.0,-0.013387,0.739,0.737,0.014925,0.001422,0.0,未触发
0.013569,0.00873,0.009549,0.01215,0.009647,0.010493,0.749,2020-06-17,0.003219,0.011426,0.010401,0.005376,0.022067,0.751,0.747,0.002681,0.008086,-0.002667,0.748,0.748,0.001337,0.00149,0.0,未触发
0.005348,0.00846,0.009345,0.008997,0.009375,0.010495,0.758,2020-06-18,0.004156,0.011957,0.011342,0.00672,0.022479,0.758,0.748,0.004021,0.016282,0.0,0.749,0.749,0.012016,0.002031,0.0,未触发
0.013351,0.008991,0.009538,0.010756,0.009594,0.011029,0.758,2020-06-19,0.014861,0.02239,0.022712,0.014726,0.033824,0.76,0.755,0.013369,0.034106,0.020188,0.755,0.758,0.0,0.003451,0.0,未触发
0.006596,0.008715,0.008981,0.008432,0.009499,0.009388,0.755,2020-06-22,0.013098,0.019845,0.02216,0.010667,0.032393,0.76,0.754,0.01745,0.051318,0.020188,0.758,0.758,-0.003958,0.005411,-49.8,仅买
0.007916,0.008835,0.00896,0.009288,0.00954,0.009356,0.755,2020-06-23,0.008011,0.013831,0.017795,0.001858,0.027327,0.757,0.751,0.01071,0.039945,0.024423,0.755,0.755,0.0,0.007372,1936.7,仅买
0.007947,0.009362,0.009013,0.007486,0.009404,0.008232,0.758,2020-06-24,0.007338,0.012132,0.017337,0.0,0.026699,0.759,0.755,0.006667,0.034247,0.009358,0.755,0.755,0.003974,0.008654,0.0,未触发
0.005298,0.009359,0.008799,0.007054,0.009222,0.008222,0.755,2020-06-29,0.010128,0.014386,0.020784,0.001586,0.029915,0.757,0.752,0.012016,0.035519,0.012016,0.757,0.758,-0.003958,0.009593,-710.27,仅买
0.006596,0.00895,0.008514,0.006614,0.009084,0.006871,0.76,2020-06-30,0.004524,0.008886,0.016014,-0.001587,0.025165,0.761,0.755,0.016151,0.030014,-0.003958,0.755,0.755,0.006623,0.009374,0.0,未触发
0.007947,0.008264,0.008638,0.006614,0.008988,0.007141,0.773,2020-07-01,0.008894,0.013671,0.021597,0.004494,0.030928,0.774,0.759,0.02288,0.038251,0.002639,0.759,0.76,0.017105,0.008745,0.0,未触发
0.019737,0.00943,0.008737,0.011427,0.009283,0.009505,0.792,2020-07-02,0.021271,0.029089,0.037398,0.016838,0.047165,0.792,0.772,0.048847,0.037584,0.023841,0.773,0.773,0.02458,0.008661,0.0,未触发
0.025873,0.010661,0.009695,0.017852,0.00992,0.01309,0.799,2020-07-03,0.040326,0.051165,0.060525,0.031787,0.070873,0.8,0.792,0.058824,0.061662,0.049007,0.792,0.792,0.008838,0.010054,0.0,未触发
0.010101,0.011136,0.009798,0.01857,0.009942,0.014051,0.849,2020-07-06,0.042673,0.056739,0.066946,0.029905,0.07837,0.854,0.803,0.066756,0.071046,0.05409,0.803,0.799,0.062578,0.011843,0.0,未触发
0.06383,0.016184,0.012587,0.033268,0.011753,0.025498,0.838,2020-07-07,0.094919,0.115417,0.127889,0.068462,0.14246,0.87,0.835,0.120053,0.135027,0.124503,0.87,0.849,-0.012956,0.017104,-13841.94,仅买
0.041225,0.019647,0.014181,0.038385,0.012536,0.032153,0.85,2020-07-08,0.069696,0.09428,0.107538,0.034313,0.124883,0.853,0.833,0.105541,0.124832,0.102632,0.838,0.838,0.01432,0.021407,5319.32,双边
0.023866,0.021242,0.015039,0.042974,0.013054,0.032979,0.86,2020-07-09,0.072014,0.102536,0.117294,0.029554,0.137885,0.86,0.843,0.125828,0.137885,0.099612,0.85,0.85,0.011765,0.02636,5243.71,双边
0.02,0.022447,0.015905,0.028364,0.013491,0.031804,0.843,2020-07-10,0.070451,0.107605,0.124036,0.024786,0.147968,0.86,0.84,0.139073,0.146667,0.085859,0.86,0.86,-0.019767,0.030526,-9350.15,仅买
0.023256,0.024243,0.016801,0.022374,0.013947,0.034435,0.867,2020-07-13,0.038305,0.079178,0.096514,-0.005896,0.122329,0.868,0.843,0.112137,0.125501,0.055069,0.843,0.843,0.02847,0.033131,0.0,未触发
0.029656,0.026549,0.01775,0.024304,0.014526,0.027601,0.861,2020-07-14,0.053335,0.101162,0.121217,0.018084,0.150579,0.872,0.846,0.148344,0.166891,0.021201,0.867,0.867,-0.00692,0.034422,-2356.51,仅买
0.029988,0.028753,0.018509,0.027633,0.015343,0.025353,0.848,2020-07-15,0.033365,0.085408,0.107301,0.005606,0.139366,0.867,0.843,0.132895,0.158816,0.027446,0.862,0.861,-0.015099,0.035845,-6429.5,仅买
0.027875,0.029567,0.019499,0.029173,0.01568,0.026155,0.823,2020-07-16,0.008683,0.061592,0.085787,-0.009114,0.119201,0.856,0.821,0.097025,0.150611,-0.002353,0.849,0.848,-0.029481,0.036124,-13004.97,仅买
0.041274,0.031107,0.020884,0.033046,0.016833,0.03041,0.827,2020-07-17,-0.02465,0.025481,0.050325,-0.029939,0.083869,0.836,0.819,0.039141,0.100267,-0.043023,0.824,0.823,0.00486,0.033615,5410.22,双边
0.020656,0.032163,0.021649,0.029935,0.017253,0.02989,0.866,2020-07-20,-0.023151,0.025482,0.051806,-0.021533,0.086752,0.867,0.83,0.035044,0.104139,-0.01898,0.83,0.827,0.047158,0.032388,0.0,未触发
0.04474,0.030254,0.023219,0.035557,0.018476,0.032907,0.862,2020-07-21,0.020865,0.0667,0.095925,0.024852,0.134671,0.874,0.86,0.020024,0.14248,-0.001153,0.874,0.866,-0.004619,0.031117,-4625.59,仅买
0.016166,0.027748,0.023697,0.027187,0.018703,0.030142,0.863,2020-07-22,0.013283,0.055015,0.085506,0.019877,0.126135,0.874,0.861,0.02864,0.137203,0.001161,0.862,0.862,0.00116,0.030003,0.0,未触发
0.015081,0.026869,0.024056,0.025329,0.018982,0.027583,0.855,2020-07-23,0.012911,0.049304,0.081499,0.017449,0.124235,0.865,0.84,0.015294,0.143046,0.017689,0.86,0.863,-0.00927,0.029607,-631.09,仅买
0.028969,0.027766,0.025107,0.020072,0.019858,0.025122,0.828,2020-07-24,0.00411,0.033295,0.066794,0.000468,0.110774,0.855,0.82,-0.005814,0.13245,0.038882,0.854,0.855,-0.031579,0.031026,-14098.72,仅买
0.040936,0.029534,0.026889,0.028329,0.021045,0.029178,0.822,2020-07-27,-0.025882,-0.00355,0.029723,-0.031352,0.07328,0.832,0.816,-0.017794,0.092348,0.001209,0.83,0.828,-0.007246,0.03038,-4868.78,仅买
0.019324,0.028501,0.027525,0.029743,0.021333,0.024095,0.83,2020-07-28,-0.027794,-0.014743,0.018924,-0.028369,0.063366,0.833,0.823,-0.051903,0.088742,-0.050808,0.823,0.822,0.009732,0.027653,0.0,未触发
0.012165,0.026719,0.027736,0.024142,0.021245,0.023295,0.843,2020-07-29,-0.01472,-0.00931,0.025155,-0.011434,0.071336,0.843,0.822,-0.036005,0.092105,-0.037123,0.83,0.83,0.015663,0.025396,5371.51,双边
0.025301,0.026461,0.028014,0.01893,0.02182,0.025339,0.844,2020-07-30,0.001307,0.002021,0.036688,0.008856,0.085524,0.849,0.843,-0.005896,0.090556,-0.023175,0.843,0.843,0.001186,0.022919,0.0,未触发
0.007117,0.023046,0.027076,0.014861,0.021605,0.020969,0.85,2020-07-31,0.0,0.000118,0.033849,0.012719,0.084368,0.857,0.84,0.025516,0.065657,-0.012865,0.843,0.844,0.007109,0.01988,5287.81,双边
0.020142,0.022994,0.027578,0.01752,0.022098,0.01681,0.868,2020-08-03,0.004372,0.004194,0.036923,0.014562,0.089511,0.869,0.85,0.027811,0.06383,0.02657,0.85,0.85,0.021176,0.018653,0.0,未触发
0.022353,0.020755,0.025505,0.016538,0.022398,0.017416,0.87,2020-08-04,0.025399,0.02431,0.054166,0.024793,0.109572,0.876,0.864,0.002309,0.022379,0.055961,0.868,0.868,0.002304,0.015702,5133.92,双边
0.013825,0.020521,0.024135,0.018773,0.022639,0.017748,0.87,2020-08-05,0.026791,0.024735,0.051826,0.017544,0.109199,0.872,0.859,0.009281,0.038186,0.048193,0.87,0.87,0.0,0.013368,1674.19,仅买
0.014943,0.020507,0.023688,0.01704,0.022873,0.015676,0.87,2020-08-06,0.025943,0.023529,0.046973,0.011158,0.106331,0.874,0.86,0.008111,0.023529,0.032028,0.87,0.87,0.0,0.010341,1674.19,仅买
0.016092,0.01922,0.023493,0.014953,0.023144,0.017471,0.864,2020-08-07,0.024132,0.022928,0.042166,0.005083,0.103407,0.87,0.854,0.017544,0.011628,0.030806,0.87,0.87,-0.006897,0.007821,-1773.84,仅买
0.018391,0.016965,0.02325,0.016475,0.023581,0.017121,0.877,2020-08-10,0.012777,0.01462,0.030616,-0.005067,0.093048,0.879,0.862,0.043478,0.024911,0.016471,0.863,0.864,0.015046,0.006025,0.0,未触发
0.019676,0.017001,0.022751,0.018053,0.024017,0.016585,0.87,2020-08-11,0.02143,0.029282,0.041073,0.007814,0.106276,0.885,0.866,0.06691,0.011534,0.010369,0.877,0.877,-0.007982,0.005487,-2330.11,仅买
0.021665,0.01795,0.022334,0.01991,0.024474,0.018153,0.864,2020-08-12,0.008579,0.020528,0.028288,-0.00023,0.09434,0.869,0.849,0.048193,0.010453,0.0,0.869,0.87,-0.006897,0.004122,-2926.18,仅买
0.022989,0.017719,0.02209,0.021443,0.024582,0.019762,0.868,2020-08-13,-0.00081,0.01254,0.017548,-0.005754,0.083907,0.873,0.861,0.024911,0.018868,-0.006897,0.863,0.864,0.00463,0.003882,0.0,未触发
0.013889,0.018396,0.020721,0.019514,0.024183,0.019322,0.875,2020-08-14,0.001038,0.014552,0.019218,-0.000691,0.086063,0.875,0.863,0.028436,0.054678,-0.002299,0.868,0.868,0.008065,0.005938,5133.92,双边
0.013825,0.017765,0.020379,0.016901,0.024307,0.018409,0.89,2020-08-17,0.00621,0.019873,0.02439,0.004823,0.09168,0.895,0.875,0.029412,0.058041,0.012731,0.875,0.875,0.017143,0.007516,0.0,未触发
0.022857,0.017815,0.019285,0.016857,0.022941,0.019045,0.894,2020-08-18,0.020876,0.035908,0.040287,0.019006,0.106782,0.895,0.889,0.025346,0.027714,0.014823,0.89,0.89,0.004494,0.008333,0.0,未触发
0.006742,0.017107,0.018814,0.014475,0.021792,0.01606,0.888,2020-08-19,0.022649,0.038629,0.042687,0.017991,0.107784,0.9,0.887,0.027586,0.037123,0.027586,0.9,0.894,-0.006711,0.009677,-5604.55,仅买
0.014541,0.017067,0.018787,0.014713,0.021481,0.014371,0.881,2020-08-20,0.013699,0.030162,0.034161,0.005663,0.09668,0.888,0.878,0.02069,0.028969,0.027778,0.888,0.888,-0.007883,0.010196,-2864.68,仅买
0.011261,0.016584,0.017902,0.010848,0.02119,0.013845,0.88,2020-08-21,0.004446,0.020503,0.025174,-0.005194,0.084664,0.886,0.875,0.012644,0.030409,0.014977,0.881,0.881,-0.001135,0.009059,517.65,仅买
0.012486,0.015993,0.016479,0.012763,0.020831,0.013577,0.885,2020-08-24,0.001479,0.016284,0.022542,-0.007444,0.080152,0.889,0.88,0.018519,0.062802,0.005714,0.881,0.88,0.005682,0.009266,0.0,未触发
0.010227,0.015048,0.016024,0.011325,0.020183,0.011051,0.887,2020-08-25,0.006254,0.018353,0.027636,-0.000678,0.082922,0.894,0.884,0.009122,0.076642,-0.005618,0.886,0.885,0.00226,0.011523,0.0,未触发
0.011299,0.014012,0.015981,0.011338,0.01956,0.011963,0.874,2020-08-26,0.006582,0.017318,0.028923,0.003167,0.081949,0.887,0.87,0.01954,0.068675,-0.00783,0.887,0.887,-0.014656,0.012954,-6249.11,仅买
0.019166,0.013629,0.015674,0.013564,0.01927,0.012888,0.877,2020-08-27,-0.009295,0.00063,0.012824,-0.008396,0.063303,0.878,0.87,0.011574,0.036773,-0.015766,0.874,0.874,0.003432,0.013283,2810.04,仅买
0.009153,0.013156,0.015776,0.013206,0.018199,0.012466,0.894,2020-08-28,-0.006907,0.002171,0.014185,-0.004088,0.064127,0.894,0.874,0.010369,0.0391,-0.00454,0.874,0.877,0.019384,0.013668,0.0,未触发
0.022805,0.014054,0.015909,0.017041,0.018271,0.01453,0.889,2020-08-31,0.010169,0.019036,0.031182,0.011999,0.081517,0.902,0.887,0.021714,0.051765,0.015909,0.902,0.894,-0.005593,0.013165,-4484.01,仅买
0.016779,0.013446,0.01563,0.016246,0.017339,0.01584,0.89,2020-09-01,0.004633,0.012125,0.024508,0.005429,0.072419,0.89,0.883,-0.001124,0.024194,0.00452,0.889,0.889,0.001125,0.010701,2199.66,仅买
0.007874,0.013559,0.015333,0.015819,0.017062,0.015155,0.89,2020-09-02,0.006218,0.012111,0.024559,0.005877,0.070505,0.894,0.883,-0.004474,0.022989,0.003382,0.89,0.89,0.0,0.008545,1635.19,仅买
0.01236,0.013341,0.015204,0.012337,0.016972,0.013794,0.89,2020-09-03,0.005991,0.010962,0.023498,0.002252,0.067445,0.897,0.887,0.002252,0.022989,0.018307,0.89,0.89,0.0,0.0079,511.85,仅买
0.011236,0.013338,0.014961,0.01049,0.016381,0.014211,0.888,2020-09-04,0.004968,0.009814,0.022127,-0.000674,0.064466,0.888,0.872,0.010216,0.022989,0.014823,0.872,0.89,-0.002247,0.007142,0.0,未触发
0.017978,0.013888,0.01494,0.013858,0.015615,0.013245,0.876,2020-09-07,0.001805,0.006175,0.017493,-0.001574,0.059139,0.894,0.874,0.009091,0.027778,-0.006711,0.884,0.888,-0.013514,0.005984,-1180.97,仅买
0.022523,0.015117,0.015083,0.017245,0.015722,0.014394,0.884,2020-09-08,-0.010728,-0.007365,0.001677,-0.012179,0.042071,0.884,0.872,-0.010169,-0.00114,-0.014623,0.877,0.876,0.009132,0.004725,3370.6,仅买
0.013699,0.015357,0.014684,0.018066,0.015773,0.015559,0.869,2020-09-09,-0.001356,0.000906,0.008749,-0.001807,0.048657,0.88,0.866,-0.003382,0.016092,-0.006742,0.879,0.884,-0.016968,0.004378,-4031.23,仅买
0.015837,0.015024,0.014327,0.017353,0.015458,0.016254,0.862,2020-09-10,-0.017746,-0.016356,-0.009348,-0.014069,0.028179,0.877,0.86,-0.005721,0.005787,-0.023596,0.872,0.869,-0.008055,0.003521,-4062.72,仅买
0.019563,0.016065,0.01461,0.016366,0.015872,0.01792,0.867,2020-09-11,-0.024004,-0.023948,-0.018,-0.015757,0.017609,0.867,0.856,-0.017104,-0.006912,-0.031461,0.863,0.862,0.0058,0.002042,4005.08,仅买
0.012761,0.015061,0.014557,0.016054,0.015626,0.016876,0.87,2020-09-14,-0.015332,-0.017842,-0.012941,-0.005278,0.021141,0.87,0.863,-0.030201,-0.009143,-0.023649,0.867,0.867,0.00346,0.000227,2256.86,仅买
0.008074,0.01419,0.013818,0.013466,0.01515,0.013987,0.874,2020-09-15,-0.009788,-0.013326,-0.0096,-0.00046,0.022427,0.874,0.865,-0.021372,-0.022472,-0.006849,0.87,0.87,0.004598,-0.00085,3972.87,仅买
0.010345,0.014437,0.013998,0.010393,0.015034,0.013316,0.873,2020-09-16,-0.003421,-0.007664,-0.005198,0.006449,0.024799,0.876,0.87,-0.017978,-0.022371,-0.011312,0.873,0.874,-0.001144,-0.002774,1095.52,仅买
0.006865,0.013888,0.013614,0.008428,0.014765,0.011521,0.877,2020-09-17,-0.002628,-0.007955,-0.006449,0.004372,0.021272,0.882,0.87,-0.019101,-0.016892,0.004603,0.874,0.873,0.004582,-0.003905,5097.92,双边
0.013746,0.014139,0.013739,0.010319,0.014687,0.010358,0.893,2020-09-18,0.003432,-0.003183,-0.002162,0.005503,0.023516,0.893,0.877,-0.014607,-0.00454,0.017401,0.877,0.877,0.018244,-0.003793,0.0,未触发
0.018244,0.014166,0.014027,0.012952,0.014682,0.011455,0.886,2020-09-21,0.021155,0.014254,0.014927,0.01778,0.03946,0.894,0.884,0.005631,0.014773,0.029988,0.893,0.893,-0.007839,-0.002605,-1729.45,仅买
0.011198,0.013033,0.014075,0.014396,0.014399,0.01208,0.874,2020-09-22,0.011993,0.006246,0.006628,0.006132,0.028697,0.887,0.873,0.011416,0.00113,0.018391,0.887,0.886,-0.013544,-0.001418,-5685.54,仅买
0.015801,0.013243,0.0143,0.015081,0.014204,0.013171,0.877,2020-09-23,-0.000572,-0.006649,-0.007157,-0.007495,0.012531,0.878,0.874,-0.011312,-0.014656,0.0,0.874,0.874,0.003432,-0.001022,0.0,未触发
0.004577,0.012117,0.013571,0.010525,0.01359,0.012713,0.86,2020-09-24,0.001942,-0.003409,-0.004239,-0.004992,0.013971,0.874,0.859,0.009206,0.003432,0.004582,0.874,0.877,-0.019384,-0.0,-5769.54,仅买
0.017104,0.011871,0.013968,0.012494,0.013697,0.013385,0.854,2020-09-25,-0.017255,-0.021782,-0.023245,-0.020501,-0.006986,0.863,0.851,-0.00232,-0.019384,-0.019384,0.86,0.86,-0.006977,-0.000739,-49.82,仅买
0.013953,0.011991,0.013526,0.011878,0.013702,0.012527,0.854,2020-09-28,-0.02266,-0.026392,-0.029288,-0.018616,-0.014956,0.86,0.853,-0.014994,-0.044743,-0.043673,0.856,0.854,0.0,-0.003748,534.25,仅买
0.008197,0.012003,0.013097,0.013085,0.013213,0.011926,0.863,2020-09-29,-0.020867,-0.024446,-0.027962,-0.011345,-0.015051,0.863,0.856,-0.018391,-0.03937,-0.036117,0.857,0.854,0.010539,-0.005792,0.0,未触发
0.008197,0.011788,0.013113,0.010116,0.013262,0.010405,0.855,2020-09-30,-0.009299,-0.012642,-0.016562,0.001625,-0.005149,0.864,0.851,-0.012586,-0.030337,-0.012586,0.863,0.863,-0.00927,-0.006592,-1787.63,仅买
0.015064,0.012608,0.013248,0.010486,0.013279,0.012503,0.873,2020-10-09,-0.01645,-0.019833,-0.024455,-0.002566,-0.014466,0.875,0.864,-0.020619,-0.039326,-0.025086,0.864,0.855,0.021053,-0.00875,0.0,未触发
0.012865,0.01252,0.013329,0.012042,0.013332,0.011655,0.895,2020-10-12,0.004719,0.001779,-0.003614,0.015352,0.006031,0.896,0.868,-0.004561,-0.019101,0.015116,0.868,0.873,0.0252,-0.008758,0.0,未触发
0.032073,0.013903,0.014034,0.020001,0.013985,0.015279,0.897,2020-10-13,0.029801,0.026612,0.020913,0.031106,0.030354,0.898,0.89,0.00224,0.007883,0.048009,0.897,0.895,0.002235,-0.006099,1622.28,仅买
0.008939,0.013677,0.013355,0.017959,0.013942,0.015428,0.896,2020-10-14,0.030798,0.027668,0.022727,0.023272,0.032063,0.898,0.894,0.012415,0.023973,0.050351,0.897,0.897,-0.001115,-0.002913,1064.91,仅买
0.004459,0.012543,0.012893,0.015157,0.013714,0.01468,0.894,2020-10-15,0.027052,0.025817,0.021238,0.014493,0.030221,0.896,0.891,0.025172,0.013575,0.038239,0.896,0.896,-0.002232,-0.000686,508.14,仅买
0.00558,0.012643,0.01238,0.006326,0.013262,0.012783,0.896,2020-10-16,0.022766,0.022065,0.018185,0.003367,0.027016,0.899,0.892,0.019384,0.028769,0.045614,0.894,0.894,0.002237,0.002751,0.0,未触发
0.00783,0.011716,0.011794,0.005957,0.013217,0.011776,0.89,2020-10-19,0.02085,0.022364,0.019727,0.000447,0.027877,0.904,0.887,0.04186,0.039443,0.026346,0.894,0.896,-0.006696,0.00568,-1727.34,仅买
0.018973,0.012218,0.012104,0.010795,0.01309,0.009156,0.89,2020-10-20,0.009872,0.014187,0.013052,-0.005142,0.019765,0.89,0.883,0.042155,0.026528,-0.005587,0.889,0.89,0.0,0.006596,2199.66,仅买
0.007865,0.012185,0.012094,0.011556,0.012793,0.008942,0.888,2020-10-21,0.005763,0.013033,0.013014,-0.003583,0.019298,0.89,0.883,0.042155,0.022989,-0.007804,0.89,0.89,-0.002247,0.00653,511.85,仅买
0.007865,0.012151,0.01197,0.011568,0.012792,0.009623,0.882,2020-10-22,0.000676,0.009952,0.010814,-0.004038,0.016503,0.887,0.879,0.028969,0.016018,-0.008929,0.887,0.888,-0.006757,0.00664,-613.39,仅买
0.009009,0.011546,0.012077,0.008246,0.012681,0.010309,0.882,2020-10-23,-0.0091,0.002615,0.004289,-0.008097,0.009269,0.887,0.877,0.031579,0.010309,-0.013423,0.882,0.882,0.0,0.005716,1083.72,仅买
0.011338,0.011393,0.011957,0.009404,0.012684,0.01101,0.876,2020-10-26,-0.010101,0.00233,0.004594,-0.004964,0.008749,0.888,0.867,0.010309,0.005701,-0.015625,0.888,0.882,-0.006803,0.004051,-5116.57,仅买
0.02381,0.010567,0.012235,0.014719,0.012878,0.011977,0.874,2020-10-27,-0.014734,-0.003526,-0.001785,-0.008601,0.000971,0.876,0.869,-0.021229,-0.019037,-0.01573,0.876,0.876,-0.002283,0.001766,-620.49,仅买
0.007991,0.010472,0.012075,0.014379,0.012394,0.012002,0.874,2020-10-28,-0.014434,-0.005122,-0.003989,-0.007269,-0.002302,0.875,0.865,-0.025641,-0.013544,-0.017978,0.875,0.874,0.0,-5.7e-05,521.55,仅买
0.011442,0.01117,0.011857,0.014414,0.012319,0.012718,0.88,2020-10-29,-0.011983,-0.005122,-0.00361,-0.004102,-0.003137,0.881,0.864,-0.024554,0.0,-0.015766,0.873,0.874,0.006865,-0.000853,5104.22,双边
0.019451,0.012557,0.0126,0.012961,0.012439,0.014806,0.864,2020-10-30,-0.003623,0.001536,0.002811,0.003192,0.003001,0.881,0.863,-0.01566,0.003421,-0.002268,0.88,0.88,-0.018182,-0.001194,-6866.68,仅买
0.020455,0.01382,0.012768,0.017116,0.012469,0.016629,0.874,2020-11-02,-0.018182,-0.016897,-0.015497,-0.010989,-0.015609,0.874,0.863,-0.035714,0.004651,-0.020408,0.864,0.864,0.011574,-0.00125,0.0,未触发
0.012731,0.013196,0.012707,0.017546,0.012468,0.014414,0.884,2020-11-03,-0.005009,-0.006649,-0.004367,0.000916,-0.004669,0.884,0.875,-0.017978,0.023419,-0.002283,0.875,0.874,0.011442,0.000853,0.0,未触发
0.010297,0.013439,0.012812,0.014495,0.012542,0.014875,0.889,2020-11-04,0.007063,0.003007,0.00649,0.010055,0.006413,0.892,0.883,-0.006742,0.035129,0.011442,0.884,0.884,0.005656,0.003244,0.0,未触发
0.010181,0.01367,0.012911,0.01107,0.012537,0.014623,0.905,2020-11-05,0.012644,0.007194,0.011607,0.012298,0.011741,0.905,0.893,0.001126,0.030127,0.017162,0.897,0.889,0.017998,0.004724,5523.89,双边
0.013498,0.014119,0.012833,0.011326,0.012758,0.013433,0.905,2020-11-06,0.028175,0.022426,0.028565,0.024683,0.029267,0.905,0.899,0.026077,0.05848,0.028409,0.905,0.905,0.0,0.007398,1607.29,仅买
0.00663,0.013649,0.012521,0.010103,0.012521,0.010668,0.921,2020-11-09,0.025496,0.020581,0.027475,0.015257,0.028584,0.922,0.906,0.026077,0.036655,0.047454,0.906,0.905,0.01768,0.008989,0.0,未触发
0.01768,0.013036,0.011801,0.012603,0.012502,0.011657,0.918,2020-11-10,0.038331,0.037104,0.044533,0.022425,0.04564,0.929,0.915,0.05137,0.02905,0.053776,0.929,0.921,-0.003257,0.00932,-4355.22,仅买
0.015201,0.013757,0.012114,0.01317,0.012635,0.012638,0.922,2020-11-11,0.029841,0.032505,0.039873,0.011459,0.041426,0.928,0.916,0.050343,0.023411,0.038462,0.925,0.918,0.004357,0.008793,-49.83,仅买
0.013072,0.01392,0.012545,0.015317,0.012544,0.013216,0.927,2020-11-12,0.028788,0.03549,0.042515,0.008532,0.044937,0.927,0.92,0.05492,0.029018,0.03712,0.925,0.922,0.005423,0.00878,2652.53,仅买
0.007592,0.012734,0.012646,0.011955,0.012645,0.012035,0.922,2020-11-13,0.028971,0.039179,0.046197,0.009144,0.049355,0.927,0.912,0.053409,0.036913,0.024309,0.927,0.927,-0.005394,0.007795,-1667.65,仅买
0.016181,0.012306,0.013063,0.012282,0.012614,0.013945,0.939,2020-11-16,0.016874,0.03207,0.038132,0.0,0.042633,0.94,0.922,0.06713,0.029018,0.018785,0.925,0.922,0.018438,0.007443,5354.9,双边
0.019523,0.012986,0.013091,0.014432,0.0128,0.014314,0.947,2020-11-17,0.028252,0.048225,0.053911,0.014477,0.060578,0.947,0.939,0.074371,0.055056,0.019544,0.941,0.939,0.00852,0.008727,0.0,未触发
0.00852,0.012808,0.013123,0.014741,0.01281,0.012978,0.949,2020-11-18,0.029908,0.053803,0.059205,0.016749,0.068467,0.951,0.941,0.071267,0.064045,0.03159,0.947,0.947,0.002112,0.010741,2061.66,仅买
0.01056,0.012846,0.013258,0.012867,0.012889,0.012475,0.946,2020-11-19,0.025392,0.052456,0.05805,0.013023,0.069617,0.951,0.941,0.067492,0.068694,0.029284,0.951,0.949,-0.003161,0.012691,-575.51,仅买
0.010537,0.01255,0.013334,0.009872,0.012738,0.013064,0.951,2020-11-20,0.017642,0.045419,0.05115,0.005741,0.065075,0.951,0.941,0.045304,0.072562,0.020496,0.945,0.946,0.005285,0.014405,4711.82,仅买
0.010571,0.012944,0.013296,0.010556,0.012662,0.011942,0.964,2020-11-23,0.017983,0.046953,0.053662,0.004861,0.0693,0.968,0.951,0.050829,0.078231,0.031453,0.951,0.951,0.01367,0.016791,0.0,未触发
0.017876,0.012963,0.012999,0.012995,0.012189,0.011613,0.96,2020-11-24,0.027171,0.056149,0.06535,0.013244,0.082214,0.963,0.956,0.046688,0.100457,0.026624,0.963,0.964,-0.004149,0.018922,469.33,仅买
0.007261,0.012169,0.012963,0.011903,0.012133,0.011361,0.948,2020-11-25,0.018352,0.046835,0.058473,0.006289,0.076213,0.965,0.947,0.045752,0.098398,0.013728,0.96,0.96,-0.0125,0.020475,-4736.81,仅买
0.01875,0.012737,0.013328,0.014629,0.012609,0.012999,0.944,2020-11-26,0.002856,0.029595,0.043249,-0.006081,0.061551,0.949,0.937,0.0282,0.084668,-0.001054,0.949,0.948,-0.004219,0.021127,-1630.16,仅买
0.012658,0.013244,0.012989,0.01289,0.012845,0.013423,0.951,2020-11-27,-0.003168,0.0217,0.036945,-0.009859,0.055692,0.951,0.939,0.018339,0.072727,-0.002114,0.944,0.944,0.007415,0.021052,4186.75,仅买
0.012712,0.012897,0.012602,0.014707,0.013008,0.013851,0.943,2020-11-30,0.001158,0.024453,0.042535,-0.002517,0.062056,0.959,0.941,0.031453,0.100694,0.0,0.951,0.951,-0.008412,0.021963,-3203.88,仅买
0.018927,0.012837,0.012911,0.014766,0.013006,0.014062,0.952,2020-12-01,-0.007682,0.012074,0.031766,-0.006532,0.052162,0.953,0.938,0.00426,0.078947,-0.021784,0.943,0.943,0.009544,0.020816,5251.9,双边
0.015907,0.013576,0.013192,0.015849,0.013274,0.015791,0.953,2020-12-02,0.001262,0.018018,0.039263,0.004643,0.060961,0.956,0.949,0.00528,0.076923,-0.008333,0.953,0.952,0.00105,0.019737,1523.88,仅买
0.007353,0.013255,0.01305,0.014062,0.013257,0.013511,0.947,2020-12-03,0.001892,0.015613,0.0379,0.004638,0.060834,0.952,0.943,0.004215,0.071991,0.005274,0.952,0.953,-0.006296,0.019115,-1100.19,仅买
0.009444,0.013146,0.012848,0.010901,0.013272,0.012869,0.948,2020-12-04,-0.00452,0.006965,0.028938,-0.002318,0.053041,0.948,0.939,0.001057,0.046409,0.003178,0.948,0.947,0.001056,0.017858,1004.91,仅买
0.009504,0.013039,0.012991,0.008767,0.01321,0.012227,0.939,2020-12-07,-0.003155,0.005729,0.027568,-0.000633,0.053021,0.951,0.938,-0.003155,0.047514,-0.003155,0.95,0.948,-0.009494,0.015405,-4260.03,仅买
0.013713,0.012623,0.012793,0.010887,0.012874,0.011184,0.935,2020-12-08,-0.010016,-0.004769,0.015501,-0.009285,0.04204,0.945,0.931,-0.025934,0.019544,-0.004242,0.945,0.939,-0.00426,0.012611,-4282.43,仅买
0.014909,0.013388,0.012779,0.012709,0.013105,0.010985,0.924,2020-12-09,-0.011628,-0.009901,0.008957,-0.009953,0.03647,0.938,0.922,-0.026042,0.018519,-0.017857,0.935,0.935,-0.011765,0.009838,-4327.22,仅买
0.017112,0.013224,0.012981,0.015245,0.013294,0.012936,0.926,2020-12-10,-0.020772,-0.021653,-0.004704,-0.015555,0.02352,0.93,0.921,-0.025316,0.002169,-0.03043,0.925,0.924,0.002165,0.006501,2112.06,仅买
0.00974,0.012932,0.013088,0.013921,0.01297,0.012996,0.918,2020-12-11,-0.016776,-0.019483,-0.004194,-0.00899,0.024657,0.928,0.911,-0.019068,-0.001079,-0.022175,0.926,0.926,-0.008639,0.0042,-3828.94,仅买
0.018359,0.013497,0.013197,0.01507,0.0129,0.014767,0.909,2020-12-14,-0.021843,-0.027748,-0.014704,-0.011202,0.014757,0.918,0.905,-0.0347,-0.004338,-0.031646,0.918,0.918,-0.009804,0.001697,-3317.27,仅买
0.014161,0.01302,0.012929,0.014087,0.012948,0.014856,0.906,2020-12-15,-0.027911,-0.035748,-0.025584,-0.014527,0.004032,0.909,0.897,-0.036055,-0.031949,-0.031949,0.909,0.909,-0.0033,-0.000848,-599.8,仅买
0.013201,0.01275,0.013163,0.01524,0.013044,0.014515,0.903,2020-12-16,-0.02633,-0.036836,-0.029563,-0.011564,5.5e-05,0.906,0.899,-0.048319,-0.043295,-0.031016,0.906,0.906,-0.003311,-0.003918,-601.6,仅买
0.007726,0.012787,0.013021,0.011696,0.012963,0.012638,0.913,2020-12-17,-0.024311,-0.037673,-0.03326,-0.010302,-0.003788,0.913,0.893,-0.052466,-0.048472,-0.022727,0.903,0.903,0.011074,-0.006459,5486.89,双边
0.022148,0.014057,0.013602,0.014359,0.013251,0.015119,0.913,2020-12-18,-0.009869,-0.025302,-0.022833,0.003517,0.006504,0.918,0.911,-0.035903,-0.034884,-0.014039,0.911,0.913,0.0,-0.008153,0.0,未触发
0.007667,0.013874,0.013456,0.012514,0.013286,0.012981,0.915,2020-12-21,-0.006096,-0.02332,-0.023111,0.004621,0.005839,0.919,0.909,-0.03692,-0.039958,-0.005447,0.913,0.913,0.002191,-0.009956,3235.6,仅买
0.010953,0.013598,0.01311,0.013589,0.013061,0.012339,0.897,2020-12-22,-0.00131,-0.018609,-0.020762,0.005495,0.007635,0.915,0.895,-0.025559,-0.05083,0.006601,0.915,0.915,-0.019672,-0.010979,-9338.17,仅买
0.021858,0.014293,0.01384,0.013493,0.013283,0.014071,0.897,2020-12-23,-0.016879,-0.034653,-0.039306,-0.012332,-0.012386,0.901,0.894,-0.040642,-0.065625,-0.009934,0.897,0.897,0.0,-0.012172,1622.28,仅买
0.007804,0.013362,0.013293,0.013538,0.013108,0.014086,0.89,2020-12-24,-0.013961,-0.031997,-0.038448,-0.011025,-0.012803,0.897,0.886,-0.029221,-0.053797,-0.006645,0.897,0.897,-0.007804,-0.012469,-2836.69,仅买
0.012263,0.013614,0.013273,0.013975,0.013263,0.012109,0.895,2020-12-25,-0.017768,-0.036744,-0.044689,-0.013741,-0.02074,0.898,0.884,-0.038877,-0.057203,-0.025192,0.892,0.89,0.005618,-0.013612,3313.0,仅买
0.01573,0.013351,0.013424,0.011932,0.013248,0.013722,0.888,2020-12-28,-0.009737,-0.028388,-0.038393,-0.004228,-0.015871,0.896,0.885,-0.025054,-0.058885,-0.019715,0.896,0.895,-0.007821,-0.014602,-3397.66,仅买
0.012291,0.013164,0.013092,0.013428,0.013007,0.013989,0.882,2020-12-29,-0.015194,-0.033101,-0.044168,-0.006044,-0.024176,0.891,0.88,-0.023102,-0.058324,-0.029508,0.889,0.888,-0.006757,-0.014962,-3424.06,仅买
0.012387,0.013083,0.012916,0.013469,0.013136,0.012095,0.884,2020-12-30,-0.019237,-0.03596,-0.048407,-0.009434,-0.031266,0.887,0.879,-0.02649,-0.073529,-0.016722,0.882,0.882,0.002268,-0.01539,2784.04,仅买
0.00907,0.013217,0.013002,0.011249,0.013086,0.012348,0.891,2020-12-31,-0.014932,-0.030117,-0.044014,-0.00428,-0.029442,0.891,0.884,-0.021041,-0.072403,-0.014493,0.884,0.884,0.007919,-0.016403,0.0,未触发
0.007919,0.011794,0.012926,0.009792,0.012999,0.011479,0.895,2021-01-04,-0.004692,-0.019424,-0.03453,0.003378,-0.022401,0.895,0.886,-0.024096,-0.059134,0.001124,0.891,0.891,0.004489,-0.016559,3316.61,仅买
0.010101,0.012038,0.012956,0.00903,0.012984,0.010354,0.895,2021-01-05,0.001791,-0.012141,-0.02823,0.007883,-0.018407,0.895,0.884,-0.019715,-0.055907,0.0,0.894,0.895,0.0,-0.016447,1627.69,仅买
0.012291,0.012171,0.012885,0.010103,0.012797,0.010354,0.898,2021-01-06,0.004039,-0.009737,-0.025797,0.006296,-0.018407,0.9,0.89,-0.021858,-0.046858,0.007883,0.894,0.895,0.003352,-0.015897,2746.04,仅买
0.011173,0.011103,0.012698,0.011188,0.012928,0.010111,0.892,2021-01-07,0.007291,-0.004379,-0.020328,0.00605,-0.015135,0.899,0.885,0.001115,-0.039572,0.018141,0.897,0.898,-0.006682,-0.014155,-2836.69,仅买
0.01559,0.011882,0.012622,0.013018,0.012822,0.011415,0.895,2021-01-08,0.001122,-0.009274,-0.024888,-0.00246,-0.021644,0.897,0.884,-0.005574,-0.034632,0.00905,0.892,0.892,0.003363,-0.012178,2192.06,仅买
0.014574,0.012113,0.012863,0.013779,0.012886,0.012746,0.885,2021-01-11,0.003926,-0.004228,-0.019858,0.0,-0.018371,0.896,0.883,0.005618,-0.033477,0.004489,0.895,0.895,-0.011173,-0.01084,-3401.26,仅买
0.014525,0.011992,0.012672,0.014896,0.012947,0.013631,0.892,2021-01-12,-0.006176,-0.013543,-0.028469,-0.008959,-0.029144,0.892,0.882,-0.011173,-0.035948,-0.011173,0.885,0.885,0.00791,-0.009768,4469.15,仅买
0.011299,0.011893,0.012529,0.013466,0.012692,0.013432,0.891,2021-01-13,0.001235,-0.004798,-0.018954,-0.000448,-0.021501,0.892,0.884,0.004505,-0.018702,-0.003352,0.891,0.892,-0.001121,-0.008298,511.25,仅买
0.008969,0.011551,0.012317,0.011598,0.012461,0.012991,0.887,2021-01-14,-0.000897,-0.005081,-0.017857,0.0,-0.022615,0.892,0.884,0.010204,-0.016556,-0.007795,0.891,0.891,-0.004489,-0.007096,-1171.97,仅买
0.008979,0.011542,0.01238,0.009749,0.012515,0.011669,0.892,2021-01-15,-0.005717,-0.008662,-0.01989,-0.003371,-0.026986,0.894,0.886,0.003394,-0.017719,-0.005605,0.886,0.887,0.005637,-0.00622,0.0,未触发
0.009019,0.011652,0.011723,0.008989,0.012501,0.010558,0.9,2021-01-18,-0.000224,-0.001902,-0.012364,0.002923,-0.02168,0.9,0.892,0.001122,-0.023001,-0.003352,0.892,0.892,0.008969,-0.005674,0.0,未触发
0.008969,0.011539,0.011788,0.008989,0.012483,0.009447,0.904,2021-01-19,0.008177,0.007782,-0.001738,0.008516,-0.01323,0.91,0.896,0.005587,-0.014239,0.016949,0.901,0.9,0.004444,-0.00457,5498.89,双边
0.015556,0.011865,0.012018,0.011181,0.012545,0.010298,0.903,2021-01-20,0.011638,0.012885,0.003998,0.010282,-0.009351,0.906,0.899,0.010056,-0.012022,0.013453,0.905,0.904,-0.001106,-0.00424,-602.2,仅买
0.007743,0.011522,0.011313,0.010756,0.012306,0.010053,0.909,2021-01-21,0.009954,0.011425,0.004077,0.006465,-0.010971,0.91,0.901,0.005568,0.006689,0.013468,0.902,0.903,0.006645,-0.003071,0.0,未触发
0.009967,0.01096,0.011421,0.011089,0.012068,0.010251,0.9,2021-01-22,0.014735,0.017461,0.011311,0.008208,-0.005035,0.914,0.895,0.019058,0.013378,0.024803,0.914,0.909,-0.009901,-0.001509,-7160.48,仅买
0.020902,0.011593,0.011853,0.012871,0.01244,0.012627,0.888,2021-01-25,0.004128,0.006824,0.002264,-0.003543,-0.015245,0.898,0.884,0.005587,0.011236,0.008969,0.898,0.9,-0.013333,0.000224,-5059.87,仅买
0.015556,0.011696,0.011844,0.015475,0.012346,0.013945,0.88,2021-01-26,-0.009592,-0.006211,-0.009997,-0.01421,-0.028801,0.888,0.877,0.00339,-0.007821,-0.013333,0.888,0.888,-0.009009,0.00056,-3427.66,仅买
0.012387,0.011805,0.011849,0.016282,0.012287,0.013311,0.88,2021-01-27,-0.017199,-0.014723,-0.017857,-0.017857,-0.037655,0.885,0.878,-0.013453,-0.009009,-0.026549,0.879,0.88,0.0,0.000728,0.0,未触发
0.007955,0.011703,0.011627,0.011966,0.012112,0.013353,0.869,2021-01-28,-0.01599,-0.014613,-0.016906,-0.012789,-0.037585,0.879,0.867,-0.012346,-0.002268,-0.025471,0.879,0.88,-0.0125,0.00028,-4600.0,仅买
0.013636,0.012169,0.011855,0.011326,0.012309,0.014087,0.863,2021-01-29,-0.026331,-0.026112,-0.027964,-0.016301,-0.049269,0.873,0.855,-0.020293,-0.016968,-0.044004,0.872,0.869,-0.006904,-0.001231,-4062.72,仅买
0.020713,0.013338,0.012495,0.014101,0.012262,0.014049,0.871,2021-02-01,-0.029901,-0.031317,-0.032873,-0.01484,-0.055109,0.871,0.858,-0.032511,-0.031425,-0.041111,0.863,0.863,0.00927,-0.003356,5163.62,双边
0.015064,0.013948,0.012743,0.016471,0.012508,0.013951,0.876,2021-02-02,-0.017706,-0.021018,-0.022374,-0.001834,-0.045758,0.876,0.87,-0.032222,-0.026816,-0.019144,0.875,0.871,0.005741,-0.004309,2235.66,仅买
0.006889,0.013081,0.012473,0.014222,0.012373,0.012851,0.87,2021-02-03,-0.008938,-0.014346,-0.015325,0.004818,-0.039491,0.876,0.867,-0.030973,-0.021229,-0.004545,0.876,0.876,-0.006849,-0.004926,-2332.51,仅买
0.010274,0.013334,0.012428,0.010742,0.011986,0.013315,0.862,2021-02-04,-0.012037,-0.019553,-0.021079,0.00023,-0.045233,0.868,0.854,-0.036545,-0.03118,-0.011364,0.868,0.87,-0.009195,-0.006383,-1777.74,仅买
0.016092,0.013947,0.012453,0.011085,0.012263,0.013806,0.863,2021-02-05,-0.015869,-0.026923,-0.028805,-0.00737,-0.052973,0.868,0.86,-0.051705,-0.033632,-0.008055,0.863,0.862,0.00116,-0.007229,1687.99,仅买
0.009281,0.012785,0.012189,0.011882,0.012163,0.01152,0.871,2021-02-08,-0.010548,-0.024032,-0.026692,-0.006218,-0.050762,0.874,0.863,-0.041111,-0.035754,0.0,0.863,0.863,0.00927,-0.007464,0.0,未触发
0.012746,0.012504,0.0121,0.012706,0.012064,0.011056,0.884,2021-02-09,0.000574,-0.014204,-0.016782,0.002994,-0.041066,0.885,0.871,-0.019144,-0.015819,0.0,0.872,0.871,0.014925,-0.006912,0.0,未触发
0.016073,0.012872,0.012338,0.0127,0.01219,0.012893,0.889,2021-02-10,0.015042,0.000962,-0.001957,0.016092,-0.02577,0.892,0.884,0.004545,-0.008969,0.009132,0.884,0.884,0.005656,-0.006301,0.0,未触发
0.00905,0.012982,0.012343,0.012623,0.012079,0.012648,0.909,2021-02-18,0.019729,0.006738,0.003424,0.017395,-0.019215,0.912,0.899,0.010227,-0.002245,0.021839,0.905,0.889,0.022497,-0.004846,5473.9,双边
0.014623,0.013081,0.012625,0.013249,0.012264,0.012355,0.927,2021-02-19,0.037908,0.028106,0.025034,0.029212,0.003588,0.928,0.907,0.04603,0.024803,0.054524,0.909,0.909,0.019802,-0.001919,0.0,未触发
0.023102,0.013319,0.013329,0.015592,0.01277,0.015119,0.936,2021-02-22,0.050782,0.046393,0.043919,0.034598,0.023819,0.952,0.929,0.07416,0.039238,0.07416,0.931,0.927,0.009709,0.001866,0.0,未触发
0.024811,0.014294,0.014121,0.020846,0.01326,0.017532,0.93,2021-02-23,0.053224,0.05441,0.052434,0.029703,0.034045,0.938,0.926,0.074627,0.04,0.074627,0.938,0.936,-0.00641,0.004697,-3780.65,仅买
0.012821,0.014887,0.013984,0.020245,0.013278,0.016881,0.919,2021-02-24,0.040152,0.046119,0.044318,0.012851,0.02806,0.934,0.914,0.061644,0.028761,0.052036,0.93,0.93,-0.011828,0.006624,-3275.27,仅买
0.021505,0.01601,0.014672,0.019712,0.013622,0.019373,0.934,2021-02-25,0.022247,0.032816,0.031155,-0.005626,0.016668,0.939,0.922,0.056322,0.017719,0.033746,0.922,0.919,0.016322,0.007644,0.0,未触发
0.018498,0.016251,0.015099,0.017608,0.013719,0.020148,0.913,2021-02-26,0.030678,0.048202,0.046342,0.005166,0.033529,0.928,0.913,0.083527,0.027503,0.027503,0.928,0.934,-0.022484,0.007804,-6513.91,仅买
0.01606,0.016929,0.014857,0.018688,0.013769,0.018739,0.933,2021-03-01,0.001975,0.023887,0.022129,-0.014465,0.010869,0.933,0.913,0.057937,0.014444,-0.015102,0.913,0.913,0.021906,0.006547,0.0,未触发
0.021906,0.017845,0.015174,0.018821,0.014015,0.018158,0.926,2021-03-02,0.017005,0.043683,0.042652,0.007777,0.033356,0.939,0.918,0.071183,0.050676,-0.003205,0.934,0.933,-0.007503,0.007041,-3796.75,仅买
0.022508,0.018488,0.01568,0.020158,0.014388,0.020096,0.944,2021-03-03,0.004774,0.033194,0.033521,0.001081,0.025925,0.945,0.925,0.047511,0.052273,-0.004301,0.926,0.926,0.019438,0.008155,0.0,未触发
0.021598,0.019743,0.016363,0.022004,0.014809,0.020114,0.939,2021-03-04,0.018229,0.04953,0.051537,0.015054,0.046022,0.947,0.934,0.061867,0.072727,0.027203,0.943,0.944,-0.005297,0.010845,-2170.53,仅买
0.013771,0.019658,0.016369,0.019292,0.014969,0.019169,0.934,2021-03-05,0.009569,0.039925,0.043952,0.008593,0.040751,0.937,0.922,0.033003,0.080552,0.005353,0.922,0.939,-0.005325,0.013355,0.0,未触发
0.015974,0.018945,0.016132,0.017115,0.015201,0.019152,0.925,2021-03-08,0.003438,0.030336,0.036779,-0.001283,0.035458,0.944,0.923,0.007551,0.082271,0.023001,0.934,0.934,-0.009636,0.016598,-3261.48,仅买
0.022484,0.018713,0.016503,0.01741,0.015652,0.019267,0.916,2021-03-09,-0.005055,0.017378,0.02584,-0.009212,0.025916,0.932,0.903,-0.011752,0.061998,-0.008574,0.922,0.925,-0.00973,0.017059,5371.9,双边
0.031351,0.020566,0.017727,0.02327,0.016178,0.021036,0.913,2021-03-10,-0.01325,0.005268,0.015408,-0.016745,0.016366,0.922,0.909,-0.015054,0.045662,-0.010799,0.918,0.916,-0.003275,0.016681,-2772.69,仅买
0.014192,0.019834,0.017922,0.022676,0.016393,0.019555,0.931,2021-03-11,-0.015846,-0.000383,0.011709,-0.0134,0.01345,0.932,0.911,-0.006529,0.049425,-0.032839,0.915,0.913,0.019715,0.015454,5413.9,双边
0.023001,0.020285,0.018268,0.022848,0.016828,0.021401,0.94,2021-03-12,0.003882,0.015489,0.030817,0.007794,0.033296,0.942,0.93,-0.003212,0.080046,-0.00852,0.932,0.931,0.009667,0.015339,0.0,未触发
0.012889,0.019968,0.018448,0.016694,0.01656,0.020784,0.942,2021-03-15,0.010644,0.021018,0.039248,0.016216,0.043015,0.947,0.934,0.029573,0.089224,0.006424,0.94,0.94,0.002128,0.015609,1013.91,仅买
0.01383,0.01916,0.018502,0.016573,0.016503,0.019053,0.947,2021-03-16,0.011815,0.01926,0.039391,0.014649,0.044771,0.948,0.934,0.009646,0.081515,0.018378,0.943,0.942,0.005308,0.016498,3661.38,仅买
0.014862,0.018395,0.018442,0.01386,0.016585,0.015755,0.943,2021-03-17,0.014897,0.021189,0.042339,0.013268,0.049579,0.948,0.936,0.022678,0.071267,0.033843,0.948,0.947,-0.004224,0.017724,-1104.59,仅买
0.012672,0.017503,0.018623,0.013788,0.016743,0.015451,0.947,2021-03-18,0.010718,0.013924,0.035543,0.002552,0.044432,0.951,0.943,-0.001059,0.060742,0.032859,0.945,0.943,0.004242,0.018284,0.0,未触发
0.008484,0.016974,0.018316,0.012006,0.016571,0.012547,0.938,2021-03-19,0.014136,0.016149,0.036975,0.003391,0.048011,0.946,0.934,0.00852,0.041804,0.017186,0.944,0.947,-0.009504,0.016525,-2697.7,仅买
0.012672,0.016644,0.017794,0.011276,0.016303,0.012504,0.951,2021-03-22,0.004068,0.005898,0.024316,-0.005724,0.037572,0.951,0.937,0.004283,0.011866,-0.002128,0.937,0.938,0.013859,0.012871,0.0,未触发
0.014925,0.015888,0.0173,0.012027,0.016298,0.012723,0.939,2021-03-23,0.015158,0.01902,0.035497,0.006136,0.051216,0.951,0.934,0.028108,0.016026,0.009554,0.951,0.951,-0.012618,0.009792,-5832.25,仅买
0.017876,0.01454,0.017553,0.015158,0.016664,0.013326,0.926,2021-03-24,-0.000106,0.005676,0.020098,-0.004875,0.037493,0.939,0.922,0.025109,0.009677,-0.008448,0.939,0.939,-0.013845,0.006847,-5905.94,仅买
0.018104,0.014931,0.017383,0.016969,0.016925,0.014412,0.922,2021-03-25,-0.015313,-0.008618,0.003939,-0.015103,0.022583,0.927,0.919,0.014239,0.007617,-0.018028,0.927,0.926,-0.00432,0.004301,-589.1,仅买
0.008639,0.013495,0.01689,0.014873,0.016677,0.014443,0.931,2021-03-26,-0.018627,-0.012266,-0.00256,-0.014115,0.017697,0.933,0.922,-0.009667,-0.012848,-0.026399,0.922,0.922,0.009761,0.00161,0.0,未触发
0.011931,0.013399,0.016683,0.012891,0.016765,0.014295,0.943,2021-03-29,-0.008097,-0.003585,0.004712,-0.002999,0.026857,0.946,0.931,-0.009574,0.019715,-0.007463,0.931,0.931,0.012889,0.001984,0.0,未触发
0.016112,0.013628,0.016394,0.012227,0.016878,0.014532,0.943,2021-03-30,0.004581,0.008718,0.015034,0.011585,0.039176,0.943,0.934,0.001062,0.010718,-0.008412,0.939,0.943,0.0,0.001714,3144.41,仅买
0.009544,0.013096,0.015746,0.012529,0.01666,0.012866,0.94,2021-03-31,0.005009,0.007802,0.012889,0.010718,0.038127,0.943,0.934,-0.004224,0.018359,0.00426,0.943,0.943,-0.003181,0.002142,-580.01,仅买
0.009544,0.012783,0.015143,0.011733,0.016676,0.011154,0.948,2021-04-01,0.002132,0.00481,0.007827,0.004488,0.033724,0.949,0.937,-0.003181,-0.004237,0.015119,0.941,0.94,0.008511,0.001552,5262.9,双边
0.012766,0.013211,0.015093,0.010618,0.016614,0.011979,0.942,2021-04-02,0.010553,0.012875,0.014989,0.007439,0.041301,0.949,0.939,0.001056,0.009585,0.0282,0.949,0.948,-0.006329,0.002678,-2156.93,仅买
0.010549,0.012999,0.014821,0.010953,0.016196,0.011703,0.944,2021-04-06,0.003729,0.006034,0.008026,-0.001272,0.033745,0.947,0.929,0.004264,0.008565,0.011815,0.941,0.942,0.002123,0.002141,3137.8,仅买
0.019108,0.013417,0.014653,0.014141,0.016006,0.012302,0.951,2021-04-07,0.006611,0.007148,0.009878,0.000636,0.035012,0.952,0.941,-0.007361,0.020541,0.00106,0.945,0.944,0.007415,0.002621,4711.82,仅买
0.011653,0.012795,0.013668,0.01377,0.015967,0.012724,0.951,2021-04-08,0.01278,0.012726,0.016605,0.006349,0.041621,0.957,0.947,0.01278,0.03821,0.008484,0.953,0.951,0.0,0.00358,474.74,仅买
0.010515,0.012036,0.013484,0.013759,0.015601,0.012918,0.951,2021-04-09,0.01009,0.010681,0.015447,0.004012,0.040614,0.954,0.947,0.026998,0.041621,0.011702,0.951,0.951,0.0,0.005826,1527.18,仅买
0.007361,0.011908,0.012702,0.009843,0.015229,0.011837,0.949,2021-04-12,0.006989,0.009608,0.014833,0.003376,0.039496,0.957,0.945,0.031453,0.021482,0.003165,0.951,0.951,-0.002103,0.006411,-575.51,仅买
0.012618,0.011977,0.012688,0.010165,0.015115,0.012251,0.941,2021-04-13,0.002959,0.007003,0.011404,-0.000211,0.03629,0.951,0.938,0.019334,0.009574,0.007431,0.951,0.949,-0.00843,0.006461,-4255.23,仅买
0.013699,0.011736,0.012682,0.011226,0.014841,0.011169,0.945,2021-04-14,-0.005285,-0.001433,0.002593,-0.008012,0.026508,0.948,0.939,-0.002121,-0.001062,-0.003178,0.941,0.941,0.004251,0.005388,0.0,未触发
0.009564,0.011738,0.012417,0.01196,0.01441,0.010751,0.948,2021-04-15,-0.001268,0.002919,0.006175,-0.002533,0.029879,0.948,0.942,0.002121,-0.002112,-0.006309,0.945,0.945,0.003175,0.003408,2595.53,仅买
0.006349,0.011418,0.012101,0.009871,0.013901,0.009918,0.959,2021-04-16,0.001056,0.005836,0.009226,0.001267,0.03208,0.96,0.948,0.008511,0.005302,-0.003155,0.948,0.948,0.011603,0.001647,0.0,未触发
0.012658,0.011407,0.012309,0.009524,0.013864,0.010978,0.965,2021-04-19,0.011497,0.016859,0.020213,0.011177,0.042694,0.966,0.955,0.011603,0.012672,0.008412,0.959,0.959,0.006257,0.001221,5162.9,双边
0.01147,0.0115,0.012249,0.010159,0.013714,0.010748,0.966,2021-04-20,0.015362,0.021759,0.025468,0.014082,0.047831,0.97,0.962,0.024416,0.028785,0.01686,0.965,0.965,0.001036,0.002175,986.31,仅买
0.00829,0.010418,0.011918,0.010806,0.013241,0.009666,0.963,2021-04-21,0.014067,0.022006,0.025042,0.009826,0.047666,0.966,0.956,0.023305,0.015773,0.026567,0.966,0.966,-0.003106,0.003024,467.64,仅买
0.010352,0.010288,0.011541,0.010037,0.012541,0.009824,0.966,2021-04-22,0.009646,0.01754,0.020163,0.002916,0.043299,0.974,0.963,0.012618,0.025559,0.019048,0.963,0.963,0.003115,0.004404,0.0,未触发
0.011423,0.010378,0.011207,0.010022,0.012449,0.010839,0.965,2021-04-23,0.011201,0.018558,0.02143,0.002283,0.04536,0.968,0.959,0.015773,0.043197,0.018987,0.968,0.966,-0.001035,0.00626,-566.32,仅买
0.009317,0.010574,0.011241,0.010364,0.011992,0.01017,0.959,2021-04-26,0.008676,0.015202,0.019151,-0.0,0.043224,0.971,0.958,0.014721,0.046638,0.006257,0.965,0.965,-0.006218,0.007899,-1085.99,仅买
0.013472,0.010659,0.011318,0.011404,0.012012,0.010571,0.959,2021-04-27,0.001357,0.007406,0.012137,-0.00498,0.035637,0.96,0.95,0.010537,0.030075,-0.006218,0.959,0.959,0.0,0.007941,-49.84,仅买
0.010428,0.010332,0.011034,0.011072,0.011898,0.010998,0.965,2021-04-28,-0.000521,0.00656,0.011532,-0.003533,0.034315,0.966,0.952,0.019129,0.016967,-0.007246,0.959,0.959,0.006257,0.007988,4641.63,仅买
0.014599,0.010836,0.011287,0.012833,0.01189,0.011847,0.972,2021-04-29,0.00364,0.011689,0.017217,0.002285,0.039199,0.973,0.962,0.021164,0.02333,0.002077,0.965,0.965,0.007254,0.007872,5130.9,双边
0.011399,0.011341,0.011379,0.012142,0.011847,0.011843,0.969,2021-04-30,0.008403,0.017322,0.023553,0.008299,0.045011,0.972,0.964,0.025316,0.034043,0.006211,0.972,0.972,-0.003086,0.007434,-564.22,仅买
0.00823,0.010898,0.011153,0.011409,0.011839,0.011625,0.981,2021-05-06,0.004249,0.013068,0.019606,0.004353,0.039923,0.983,0.968,0.010428,0.022152,0.004145,0.968,0.969,0.012384,0.00626,0.0,未触发
0.01548,0.011299,0.011399,0.011703,0.011932,0.012027,0.984,2021-05-07,0.015003,0.023528,0.030679,0.012175,0.050584,0.992,0.977,0.01658,0.041401,0.022941,0.985,0.981,0.003058,0.006828,5025.9,双边
0.015291,0.011999,0.011208,0.013,0.011945,0.013,0.991,2021-05-10,0.016214,0.02452,0.032637,0.01006,0.051675,0.992,0.982,0.018634,0.042373,0.026069,0.985,0.984,0.007114,0.008082,3503.18,仅买
0.010163,0.01198,0.011134,0.013644,0.011688,0.012112,0.983,2021-05-11,0.020492,0.029664,0.038095,0.011844,0.056992,0.991,0.966,0.029076,0.042061,0.026943,0.991,0.991,-0.008073,0.009016,-3581.17,仅买
0.025227,0.01336,0.011869,0.016893,0.011925,0.014878,0.991,2021-05-12,0.010485,0.019657,0.027669,0.001426,0.046357,0.992,0.981,0.017598,0.033649,0.011317,0.983,0.983,0.008138,0.009001,0.0,未触发
0.01119,0.013548,0.012061,0.015527,0.01201,0.01547,0.981,2021-05-13,0.015993,0.025827,0.033548,0.005071,0.052464,0.991,0.978,0.026943,0.042061,0.022704,0.991,0.991,-0.010091,0.009984,-3581.17,仅买
0.013118,0.013512,0.012086,0.016512,0.01205,0.014998,0.988,2021-05-14,0.003478,0.013796,0.021343,-0.005071,0.039672,0.99,0.981,0.022941,0.03372,0.0,0.981,0.981,0.007136,0.009599,0.0,未触发
0.009174,0.013387,0.01186,0.011161,0.011818,0.013774,0.985,2021-05-17,0.007649,0.018557,0.027027,0.001216,0.044931,0.99,0.983,0.03024,0.049947,0.004065,0.988,0.988,-0.003036,0.009943,-49.84,仅买
0.007085,0.012636,0.011736,0.009792,0.011736,0.013159,0.99,2021-05-18,0.002545,0.013374,0.022421,-0.000609,0.039907,0.992,0.983,0.020725,0.042328,-0.006054,0.985,0.985,0.005076,0.009923,0.0,未触发
0.009137,0.01241,0.011875,0.008465,0.011723,0.009941,0.992,2021-05-19,0.005791,0.016323,0.025836,0.00304,0.043332,0.993,0.987,0.018519,0.044304,0.007121,0.991,0.99,0.00202,0.010425,1463.58,仅买
0.006061,0.012193,0.011545,0.007428,0.011499,0.008915,0.978,2021-05-20,0.005473,0.016654,0.026348,0.004862,0.043917,0.992,0.975,0.023736,0.034411,0.001009,0.992,0.992,-0.014113,0.010041,-5593.57,仅买
0.017137,0.012358,0.011829,0.010778,0.011719,0.009719,0.982,2021-05-21,-0.008415,0.001639,0.010609,-0.008717,0.028265,0.987,0.977,-0.003058,0.013472,-0.003058,0.978,0.978,0.00409,0.009043,0.0,未触发
0.010225,0.011852,0.011925,0.011141,0.011423,0.009929,0.988,2021-05-24,-0.004158,0.004912,0.013416,-0.00345,0.031639,0.99,0.981,-0.002033,0.016563,-0.006073,0.981,0.982,0.00611,0.007423,0.0,未触发
0.009165,0.011752,0.011866,0.012176,0.01134,0.010345,1.0,2021-05-25,0.002232,0.00976,0.018312,0.002028,0.036889,1.002,0.987,-0.003027,0.025961,0.003046,0.989,0.988,0.012146,0.006636,0.0,未触发
0.015182,0.010747,0.012054,0.011524,0.011495,0.011554,1.008,2021-05-26,0.012658,0.020252,0.028948,0.012146,0.047998,1.01,1.002,0.017294,0.035197,0.010101,1.003,1.0,0.008,0.006211,0.0,未触发
0.008,0.010428,0.011988,0.010782,0.011517,0.011942,1.014,2021-05-27,0.019005,0.026163,0.035156,0.016949,0.055019,1.015,1.003,0.017154,0.04456,0.016129,1.008,1.008,0.005952,0.006713,3918.0,仅买
0.011905,0.010307,0.01191,0.011696,0.011493,0.010895,1.016,2021-05-28,0.021662,0.029389,0.039005,0.015625,0.059432,1.023,1.012,0.033639,0.057351,0.03681,1.014,1.014,0.001972,0.008859,0.0,未触发
0.010848,0.010474,0.011931,0.010251,0.011398,0.01102,1.025,2021-05-31,0.020798,0.028444,0.038395,0.010744,0.05999,1.025,1.01,0.02834,0.059437,0.034623,1.016,1.016,0.008858,0.01095,5363.03,仅买
0.014764,0.011242,0.011939,0.012506,0.011571,0.01214,1.033,2021-06-01,0.025718,0.034413,0.044746,0.012246,0.067542,1.034,1.016,0.040609,0.062176,0.037449,1.025,1.025,0.007805,0.012724,5803.5,双边
0.017561,0.012085,0.012247,0.014391,0.011945,0.012616,1.027,2021-06-02,0.029295,0.039288,0.049868,0.01354,0.074214,1.035,1.022,0.043434,0.062757,0.033,1.034,1.033,-0.005808,0.014079,-1500.23,仅买
0.012585,0.012737,0.012465,0.01497,0.011943,0.013532,1.028,2021-06-03,0.01976,0.030245,0.041371,0.00391,0.066348,1.035,1.024,0.035282,0.059856,0.018849,1.027,1.027,0.000974,0.014812,0.0,未触发
0.010711,0.012095,0.012226,0.013619,0.011917,0.013294,1.024,2021-06-04,0.01571,0.028823,0.04017,0.002145,0.065653,1.029,1.017,0.051125,0.04791,0.013807,1.027,1.028,-0.003891,0.014365,-49.8,仅买
0.011673,0.012239,0.012046,0.011656,0.01203,0.013459,1.022,2021-06-07,0.007577,0.022773,0.0341,-0.003309,0.059694,1.025,1.018,0.04277,0.04065,0.007874,1.022,1.024,-0.001953,0.013463,1417.73,仅买
0.006836,0.012006,0.011879,0.00974,0.011913,0.011873,1.015,2021-06-08,0.002256,0.019197,0.030034,-0.004675,0.055694,1.026,1.014,0.034413,0.031282,-0.002927,1.022,1.022,-0.006849,0.011959,-1517.33,仅买
0.011742,0.011662,0.011205,0.010084,0.011923,0.010709,1.019,2021-06-09,-0.006071,0.010604,0.021298,-0.008014,0.046626,1.024,1.015,0.015,0.032553,-0.017425,1.015,1.015,0.003941,0.010463,0.0,未触发
0.008867,0.011749,0.011089,0.009148,0.011908,0.009966,1.026,2021-06-10,-0.003228,0.013174,0.023469,-0.002545,0.049163,1.027,1.016,0.010913,0.028254,-0.00779,1.02,1.019,0.006869,0.008928,3380.73,仅买
0.010795,0.011638,0.010973,0.010468,0.011819,0.009983,1.019,2021-06-11,0.002443,0.017857,0.028193,0.0047,0.054814,1.028,1.019,0.011834,0.045872,-0.001946,1.024,1.026,-0.006823,0.008807,-49.8,仅买
0.008772,0.01143,0.010952,0.009478,0.011764,0.009402,1.014,2021-06-15,-0.004688,0.009361,0.019136,-0.001176,0.046237,1.025,1.01,0.002953,0.031377,-0.004883,1.02,1.019,-0.004907,0.00834,-1520.02,仅买
0.01472,0.011426,0.011334,0.011429,0.011768,0.010979,1.001,2021-06-16,-0.008507,0.002967,0.012481,-0.004516,0.039911,1.013,0.997,-0.010732,0.029442,-0.007828,1.012,1.014,-0.012821,0.008227,-4495.57,仅买
0.015779,0.011248,0.011666,0.01309,0.011914,0.011787,0.999,2021-06-17,-0.018146,-0.01043,-0.001463,-0.01457,0.025562,1.006,0.997,-0.030978,0.011111,-0.013793,1.001,1.001,-0.001998,0.007169,949.15,仅买
0.008991,0.010889,0.011813,0.013163,0.011939,0.011811,1.001,2021-06-18,-0.017409,-0.012748,-0.004451,-0.012651,0.022605,1.003,0.993,-0.027264,0.007056,-0.019627,1.002,0.999,0.002002,0.006115,1447.12,仅买
0.01001,0.010819,0.011457,0.011593,0.011757,0.011654,1.006,2021-06-21,-0.012821,-0.011895,-0.00312,-0.005761,0.023552,1.006,0.996,-0.026265,0.023517,-0.024366,1.001,1.001,0.004995,0.00501,3446.53,仅买
0.00999,0.01065,0.011445,0.009664,0.01158,0.011898,1.018,2021-06-22,-0.006125,-0.008134,0.001128,0.001792,0.027702,1.019,1.005,-0.017578,0.02444,-0.012758,1.006,1.006,0.011928,0.004656,0.0,未触发
0.013917,0.011358,0.011682,0.011306,0.011706,0.011737,1.032,2021-06-23,0.006128,0.002215,0.012163,0.012935,0.038564,1.035,1.018,-0.003914,0.030364,0.003945,1.02,1.018,0.013752,0.004698,0.0,未触发
0.016699,0.011854,0.011758,0.013535,0.011421,0.011921,1.032,2021-06-24,0.018254,0.0144,0.024419,0.02057,0.050952,1.037,1.027,0.016749,0.032,0.030969,1.032,1.032,0.0,0.005734,1887.71,仅买
0.00969,0.011936,0.011843,0.013435,0.011371,0.012061,1.036,2021-06-25,0.016949,0.013205,0.023031,0.013952,0.048994,1.039,1.029,0.012758,0.02381,0.033033,1.031,1.032,0.003876,0.006572,0.0,未触发
0.00969,0.011826,0.011732,0.012026,0.011257,0.011997,1.029,2021-06-28,0.019886,0.016035,0.025134,0.010929,0.05119,1.036,1.026,0.009747,0.021696,0.034965,1.036,1.036,-0.006757,0.006515,-1980.11,仅买
0.009653,0.011914,0.011672,0.009677,0.011273,0.01193,1.029,2021-06-29,0.011998,0.008527,0.016832,-0.000389,0.042571,1.032,1.023,0.009814,0.012795,0.022863,1.029,1.029,0.0,0.005965,1407.82,仅买
0.008746,0.011316,0.011371,0.009363,0.011328,0.010896,1.031,2021-06-30,0.010508,0.008329,0.01536,-0.00252,0.041059,1.034,1.026,0.014793,0.003902,0.010806,1.028,1.029,0.001944,0.004676,0.0,未触发
0.007775,0.010516,0.010882,0.008724,0.011283,0.009111,1.028,2021-07-01,0.009498,0.010388,0.015964,-0.000388,0.041484,1.036,1.023,0.02997,-0.001936,-0.000969,1.031,1.031,-0.00291,0.002998,-49.8,仅买
0.012609,0.010878,0.010883,0.00971,0.011501,0.009694,1.021,2021-07-02,0.00371,0.007399,0.011811,-0.002523,0.037057,1.028,1.018,0.029029,0.000974,-0.003876,1.028,1.028,-0.006809,0.001865,-1994.9,仅买
0.009728,0.01085,0.010834,0.010037,0.011254,0.009702,1.022,2021-07-05,-0.005067,0.000882,0.003506,-0.006423,0.028629,1.026,1.017,0.01998,-0.006809,-0.014479,1.021,1.021,0.000979,0.000441,1419.22,仅买
0.008815,0.010732,0.010691,0.010384,0.011207,0.009535,1.021,2021-07-06,-0.005643,0.001961,0.003174,-0.004093,0.02829,1.023,1.011,0.015905,-0.001953,-0.006803,1.022,1.022,-0.000978,-0.000294,928.55,仅买
0.011742,0.010515,0.010936,0.010095,0.011293,0.010134,1.024,2021-07-07,-0.006906,0.001029,0.001111,-0.003514,0.026079,1.025,1.014,0.002947,-0.000978,-0.007775,1.021,1.021,0.002938,-0.000539,2888.25,仅买
0.010774,0.009922,0.010888,0.010443,0.011146,0.010733,1.006,2021-07-08,-0.003212,0.003528,0.003266,0.000782,0.027837,1.024,1.003,-0.007752,0.008867,-0.00679,1.024,1.024,-0.017578,0.0,-6884.25,仅买
0.020508,0.011004,0.01147,0.014341,0.011563,0.012313,1.018,2021-07-09,-0.018249,-0.013484,-0.014305,-0.012564,0.008842,1.018,1.002,-0.025194,-0.012758,-0.021401,1.006,1.006,0.011928,-0.000686,5913.9,双边
0.015905,0.011625,0.011726,0.015729,0.011696,0.013549,1.025,2021-07-12,-0.00479,-0.001324,-0.002678,-0.000196,0.019699,1.031,1.021,-0.017375,-0.007797,-0.002938,1.021,1.018,0.006876,-0.000735,0.0,未触发
0.009823,0.011642,0.011778,0.015412,0.011662,0.01375,1.033,2021-07-13,0.002445,0.005247,0.003885,0.006086,0.025273,1.034,1.023,-0.003887,0.005888,0.002935,1.025,1.025,0.007805,-0.000343,0.0,未触发
0.010732,0.011841,0.011579,0.012153,0.011528,0.013548,1.028,2021-07-14,0.009874,0.01215,0.011456,0.011555,0.031762,1.035,1.027,0.003887,0.018738,0.011753,1.033,1.033,-0.00484,0.000637,-1017.76,仅买
0.007744,0.011838,0.011177,0.009433,0.011201,0.012942,1.035,2021-07-15,0.005281,0.00592,0.006725,0.005871,0.025402,1.035,1.019,-0.00291,0.026973,0.003906,1.028,1.028,0.006809,0.001519,4812.96,仅买
0.015564,0.012133,0.011506,0.011347,0.0113,0.011954,1.035,2021-07-16,0.011434,0.010989,0.013315,0.007005,0.031082,1.041,1.031,0.006809,0.036036,0.028827,1.035,1.035,0.0,0.003923,3814.01,仅买
0.009662,0.012127,0.011488,0.01099,0.011265,0.010705,1.035,2021-07-19,0.010052,0.009313,0.013084,0.003685,0.029885,1.041,1.031,0.013712,0.033966,0.016699,1.036,1.035,0.0,0.005984,915.35,仅买
0.009662,0.012212,0.011472,0.011629,0.011198,0.010673,1.03,2021-07-20,0.008772,0.007888,0.01272,0.001742,0.028708,1.031,1.022,0.01272,0.028827,0.009756,1.031,1.035,-0.004831,0.00711,1404.83,仅买
0.008696,0.011907,0.011211,0.00934,0.01126,0.010266,1.032,2021-07-21,0.003019,0.002433,0.007565,-0.002518,0.022603,1.039,1.028,0.008815,0.011788,-0.002904,1.03,1.03,0.001942,0.006761,0.0,未触发
0.01068,0.011897,0.01091,0.009679,0.011225,0.010853,1.043,2021-07-22,0.004184,0.00438,0.008962,-0.001355,0.023471,1.044,1.032,0.007812,0.0,0.003891,1.033,1.032,0.010659,0.005431,0.0,未触发
0.011628,0.011009,0.011007,0.010334,0.011317,0.010065,1.032,2021-07-23,0.011247,0.014542,0.01892,0.007729,0.033048,1.046,1.029,0.036779,0.010659,0.007729,1.043,1.043,-0.010547,0.0042,-4363.28,仅买
0.016299,0.011049,0.011337,0.012869,0.0115,0.011393,1.01,2021-07-26,-0.000775,0.004038,0.007977,-0.00232,0.020923,1.033,1.003,0.013752,-0.003861,-0.002899,1.032,1.032,-0.021318,0.00234,-9252.94,仅买
0.02907,0.012974,0.012308,0.018999,0.012177,0.015274,0.983,2021-07-27,-0.020654,-0.016457,-0.013222,-0.018846,-0.00168,1.018,0.982,-0.014634,-0.018465,-0.024155,1.01,1.01,-0.026733,0.0,-10939.25,仅买
0.035644,0.015465,0.013653,0.027004,0.012874,0.020664,0.972,2021-07-28,-0.04219,-0.040601,-0.038631,-0.036275,-0.028656,0.983,0.96,-0.048403,-0.044704,-0.045631,0.965,0.983,-0.01119,-0.002822,5130.9,双边
0.023398,0.01703,0.014434,0.02937,0.013128,0.023208,0.984,2021-07-29,-0.047712,-0.048598,-0.048489,-0.035714,-0.039526,0.986,0.976,-0.054475,-0.057226,-0.05814,0.977,0.972,0.012346,-0.005693,0.0,未触发
0.010288,0.016503,0.014318,0.02311,0.013171,0.02294,0.993,2021-07-30,-0.031115,-0.034774,-0.03627,-0.012247,-0.027908,0.995,0.979,-0.049275,-0.042802,-0.056568,0.988,0.984,0.009146,-0.008365,5009.91,双边
0.01626,0.017162,0.014645,0.016649,0.01338,0.022932,0.998,2021-08-02,-0.018193,-0.024606,-0.027202,0.004654,-0.019211,0.998,0.977,-0.04058,-0.027424,-0.037791,0.993,0.993,0.005035,-0.009534,3474.48,仅买
0.021148,0.018311,0.015261,0.015899,0.013752,0.021348,0.986,2021-08-03,-0.009626,-0.018538,-0.022048,0.01217,-0.014499,0.997,0.984,-0.035749,-0.023483,-0.011881,0.989,0.998,-0.012024,-0.009787,-555.32,仅买
0.013026,0.018744,0.015325,0.016811,0.013722,0.016824,0.998,2021-08-04,-0.017243,-0.028667,-0.032796,-0.000608,-0.026269,0.999,0.986,-0.042718,-0.03428,0.003052,0.986,0.986,0.01217,-0.009272,0.0,未触发
0.013185,0.018995,0.015446,0.015786,0.013605,0.014781,0.995,2021-08-05,-0.0019,-0.015585,-0.019935,0.006251,-0.014662,1.006,0.991,-0.032946,-0.025391,0.026749,0.998,0.998,-0.003006,-0.007684,4959.9,双边
0.01503,0.019335,0.015172,0.013747,0.013783,0.01573,0.998,2021-08-06,-0.0001,-0.018011,-0.021696,0.001006,-0.017688,1.0,0.989,-0.046021,-0.010934,0.011179,0.995,0.995,0.003015,-0.006082,3969.95,仅买
0.011055,0.01881,0.01493,0.01309,0.013828,0.014689,1.012,2021-08-09,0.006353,-0.014078,-0.017523,0.003015,-0.015002,1.014,0.994,-0.032946,-0.019646,0.005035,0.998,0.998,0.014028,-0.005697,4959.9,双边
0.02004,0.017907,0.01544,0.015375,0.014174,0.014467,1.014,2021-08-10,0.020264,0.000395,-0.003185,0.014231,-0.001579,1.016,1.009,0.00198,-0.012683,0.014028,1.013,1.012,0.001976,-0.005163,2417.58,仅买
0.006917,0.015035,0.01525,0.012671,0.014113,0.013245,1.03,2021-08-11,0.019095,0.003315,-0.000723,0.010564,-8.2e-05,1.031,1.014,0.031536,-0.018393,0.028398,1.014,1.014,0.015779,-0.004384,0.0,未触发
0.016765,0.014371,0.015701,0.014574,0.014413,0.013962,1.046,2021-08-12,0.029177,0.019045,0.015078,0.020004,0.015028,1.046,1.027,0.059671,0.001946,0.032064,1.03,1.03,0.015534,-0.003008,0.0,未触发
0.018447,0.015187,0.015845,0.014043,0.014608,0.014645,1.045,2021-08-13,0.038729,0.034312,0.030237,0.02549,0.029882,1.05,1.041,0.063008,0.010628,0.051256,1.046,1.046,-0.000956,-0.001925,1862.1,仅买
0.008604,0.014422,0.015792,0.014605,0.01457,0.014155,1.046,2021-08-16,0.032405,0.032813,0.028442,0.015154,0.027768,1.054,1.043,0.052367,0.009662,0.047094,1.045,1.045,0.000957,-0.000445,0.0,未触发
0.010526,0.01336,0.015835,0.012526,0.014627,0.012252,1.027,2021-08-17,0.028515,0.033239,0.028616,0.009458,0.027673,1.052,1.024,0.048096,0.010628,0.033597,1.047,1.046,-0.018164,0.000741,-8166.9,仅买
0.026769,0.014734,0.016739,0.0153,0.015128,0.016222,1.035,2021-08-18,0.005778,0.014622,0.009734,-0.011359,0.008362,1.037,1.027,0.041582,-0.002913,0.012821,1.027,1.027,0.00779,0.001534,0.0,未触发
0.009737,0.014389,0.016692,0.015677,0.015094,0.014817,1.029,2021-08-19,0.009953,0.022374,0.017232,-0.004616,0.015635,1.036,1.022,0.037074,0.002907,0.004854,1.036,1.035,-0.005797,0.001583,-1497.53,仅买
0.013527,0.014239,0.016787,0.016677,0.014861,0.013833,1.031,2021-08-20,0.000778,0.01715,0.010574,-0.00714,0.009401,1.031,1.017,0.034171,-0.013423,-0.016252,1.028,1.029,0.001944,0.000346,3354.13,仅买
0.013605,0.014494,0.016652,0.01229,0.014784,0.014833,1.041,2021-08-23,-0.000485,0.019178,0.012107,-0.002515,0.011082,1.043,1.031,0.033066,-0.000969,-0.013397,1.031,1.031,0.009699,-0.000198,0.0,未触发
0.011639,0.013654,0.01578,0.012924,0.014845,0.015055,1.05,2021-08-24,0.006381,0.027489,0.021389,0.008135,0.020472,1.054,1.042,0.028656,0.030693,-0.00478,1.042,1.041,0.008646,0.00079,0.0,未触发
0.011527,0.014115,0.014575,0.012257,0.014871,0.012007,1.065,2021-08-25,0.011561,0.032956,0.029647,0.012341,0.028874,1.066,1.048,0.035503,0.068159,0.022395,1.049,1.05,0.014286,0.004248,0.0,未触发
0.017143,0.014152,0.014262,0.013436,0.015185,0.013488,1.07,2021-08-26,0.022564,0.042942,0.043095,0.020897,0.043027,1.075,1.065,0.033981,0.095679,0.028986,1.066,1.065,0.004695,0.008693,0.0,未触发
0.00939,0.013247,0.014217,0.012687,0.014979,0.012661,1.076,2021-08-27,0.025002,0.043444,0.046796,0.017691,0.047189,1.076,1.064,0.022945,0.087398,0.039845,1.066,1.07,0.005607,0.013641,0.0,未触发
0.011215,0.013508,0.013965,0.012582,0.015031,0.012183,1.082,2021-08-30,0.027698,0.045066,0.05126,0.014711,0.052237,1.082,1.073,0.029665,0.083585,0.043647,1.076,1.076,0.005576,0.017794,0.0,未触发
0.008364,0.013292,0.013326,0.009656,0.014987,0.011528,1.105,2021-08-31,0.029888,0.046624,0.055507,0.01254,0.057105,1.107,1.078,0.034417,0.084168,0.039385,1.082,1.082,0.021257,0.020382,5495.11,双边
0.026802,0.013295,0.014014,0.01546,0.015591,0.014583,1.102,2021-09-01,0.044029,0.062755,0.075321,0.023527,0.078119,1.116,1.089,0.075949,0.12069,0.052381,1.109,1.105,-0.002715,0.022873,-1402.15,仅买
0.024434,0.014765,0.014577,0.019867,0.016049,0.016041,1.121,2021-09-02,0.034645,0.054596,0.069972,0.013799,0.073673,1.121,1.098,0.064734,0.104208,0.034742,1.102,1.102,0.017241,0.023307,5394.31,双边
0.020871,0.015499,0.014869,0.024036,0.016358,0.018337,1.113,2021-09-03,0.04347,0.06635,0.085679,0.021692,0.090379,1.129,1.109,0.089407,0.126633,0.047664,1.121,1.121,-0.007136,0.02516,5301.91,双边
0.017841,0.015923,0.015208,0.021049,0.016409,0.019663,1.125,2021-09-06,0.028176,0.05298,0.07512,0.007605,0.081072,1.129,1.112,0.079534,0.11523,0.034387,1.115,1.113,0.010782,0.026612,0.0,未触发
0.015274,0.016286,0.01497,0.017995,0.015949,0.021045,1.146,2021-09-07,0.031259,0.058674,0.082702,0.0106,0.090856,1.149,1.125,0.080692,0.11166,0.039741,1.125,1.125,0.018667,0.027907,0.0,未触发
0.021333,0.017267,0.015691,0.01815,0.015472,0.019951,1.157,2021-09-08,0.041345,0.071779,0.097176,0.021937,0.108853,1.165,1.146,0.091429,0.130178,0.037104,1.146,1.146,0.009599,0.028372,0.0,未触发
0.016579,0.01721,0.015681,0.017729,0.015245,0.01838,1.182,2021-09-09,0.042624,0.075679,0.101206,0.021724,0.116688,1.182,1.155,0.086385,0.123301,0.049909,1.157,1.157,0.021608,0.029332,0.0,未触发
0.023336,0.018605,0.015926,0.020416,0.01568,0.018873,1.166,2021-09-10,0.05451,0.092018,0.117977,0.032675,0.137468,1.185,1.164,0.104673,0.130019,0.054416,1.182,1.182,-0.013536,0.029631,-5125.58,仅买
0.017766,0.01926,0.016384,0.019227,0.01573,0.018858,1.186,2021-09-13,0.03195,0.071248,0.096861,0.009349,0.119109,1.189,1.165,0.083643,0.115789,0.047619,1.166,1.166,0.017153,0.029754,0.0,未触发
0.020583,0.020482,0.016887,0.020562,0.015711,0.01992,1.166,2021-09-14,0.040077,0.08266,0.109137,0.015933,0.135037,1.195,1.162,0.096118,0.133843,0.054222,1.195,1.186,-0.016863,0.030866,-10927.69,仅买
0.027825,0.020584,0.01694,0.022058,0.016204,0.021218,1.169,2021-09-15,0.017097,0.057692,0.084349,-0.00461,0.113268,1.176,1.161,0.055204,0.135346,0.017452,1.166,1.166,0.002573,0.031003,5524.29,双边
0.012864,0.019427,0.017096,0.020424,0.016194,0.020475,1.151,2021-09-16,0.013789,0.054008,0.081406,-0.004089,0.113705,1.184,1.151,0.060799,0.129469,0.010372,1.169,1.169,-0.015398,0.031145,-5181.97,仅买
0.028229,0.020163,0.017831,0.022973,0.016634,0.021454,1.129,2021-09-17,-0.004411,0.032102,0.059658,-0.014217,0.094488,1.16,1.11,0.026762,0.118562,-0.026227,1.14,1.151,-0.019114,0.030303,-3119.16,仅买
0.04344,0.022723,0.019323,0.028178,0.017713,0.026588,1.144,2021-09-22,-0.024791,0.007946,0.035242,-0.026892,0.071988,1.145,1.118,0.014376,0.095053,-0.031732,1.122,1.129,0.013286,0.029078,5297.11,双边
0.023915,0.023587,0.019937,0.031862,0.017842,0.027255,1.15,2021-09-23,-0.013453,0.016663,0.044781,-0.006772,0.084257,1.17,1.145,0.016889,0.098943,-0.035413,1.157,1.144,0.005245,0.027203,-1778.13,仅买
0.021853,0.023639,0.020453,0.029736,0.01834,0.02606,1.115,2021-09-24,-0.008621,0.017474,0.04593,0.001219,0.087865,1.153,1.113,0.00349,0.095238,-0.013722,1.153,1.15,-0.030435,0.025263,-15658.64,仅买
0.034783,0.02546,0.021335,0.02685,0.018941,0.030444,1.083,2021-09-27,-0.0353,-0.01567,0.011491,-0.020039,0.053361,1.117,1.073,-0.036301,0.046948,-0.046193,1.114,1.115,-0.0287,0.021324,-13064.37,仅买
0.039462,0.027072,0.022839,0.032033,0.019641,0.032691,1.096,2021-09-28,-0.054891,-0.044468,-0.018637,-0.036648,0.022245,1.101,1.074,-0.083756,0.01215,-0.059079,1.081,1.083,0.012004,0.01632,5499.91,双边
0.024931,0.027789,0.023524,0.033058,0.020186,0.028989,1.066,2021-09-29,-0.037668,-0.03385,-0.008384,-0.019327,0.033296,1.097,1.063,-0.060034,0.018587,-0.029229,1.093,1.096,-0.027372,0.012767,-11026.86,仅买
0.031022,0.028832,0.024657,0.031805,0.020869,0.03041,1.081,2021-09-30,-0.054042,-0.059633,-0.036108,-0.032668,0.004318,1.082,1.066,-0.10118,-0.014787,-0.068182,1.066,1.066,0.014071,0.007421,0.0,未触发
0.015009,0.027551,0.024068,0.023654,0.020477,0.029041,1.082,2021-10-08,-0.033441,-0.04539,-0.024133,-0.006616,0.017492,1.098,1.074,-0.072899,-0.021719,-0.06,1.086,1.081,0.000925,0.001902,-970.57,仅买
0.022202,0.028485,0.023956,0.022744,0.020892,0.026525,1.086,2021-10-11,-0.024962,-0.043663,-0.02461,0.00037,0.017507,1.093,1.077,-0.074423,-0.018149,-0.029596,1.082,1.082,0.003697,-0.001192,5495.11,双边
0.014787,0.02714,0.023652,0.017333,0.020934,0.02159,1.069,2021-10-12,-0.015591,-0.03864,-0.022678,0.003511,0.01999,1.093,1.056,-0.056473,-0.031222,0.00277,1.09,1.086,-0.015654,-0.003309,-9682.03,仅买
0.03407,0.026203,0.024463,0.023686,0.021616,0.023418,1.064,2021-10-13,-0.025702,-0.051843,-0.039072,-0.007244,0.003222,1.069,1.048,-0.053144,-0.039533,-0.024635,1.069,1.069,-0.004677,-0.006127,-1452.84,仅买
0.019645,0.025776,0.024682,0.022834,0.021883,0.021143,1.058,2021-10-14,-0.023136,-0.053718,-0.044226,-0.01152,-0.002079,1.065,1.05,-0.06993,-0.054222,-0.001876,1.064,1.064,-0.005639,-0.008116,-519.69,仅买
0.014098,0.025001,0.02432,0.022604,0.021969,0.02096,1.062,2021-10-15,-0.02037,-0.055357,-0.049843,-0.012876,-0.008094,1.064,1.05,-0.08,-0.076789,-0.021277,1.058,1.058,0.003781,-0.01095,3257.53,仅买
0.013233,0.022846,0.024153,0.015658,0.021839,0.019166,1.079,2021-10-18,-0.011817,-0.047747,-0.046165,-0.005432,-0.004873,1.079,1.058,-0.047534,-0.082109,-0.018484,1.065,1.062,0.016008,-0.014274,5582.72,双边
0.019774,0.020877,0.023975,0.015701,0.022185,0.020164,1.086,2021-10-19,0.004375,-0.028015,-0.031157,0.011815,0.010363,1.091,1.071,-0.003693,-0.08714,-0.006446,1.079,1.079,0.006487,-0.017306,5509.52,双边
0.018536,0.020237,0.024013,0.017181,0.022429,0.017057,1.073,2021-10-20,0.011833,-0.018172,-0.025164,0.015143,0.016109,1.082,1.067,-0.009124,-0.068611,0.015903,1.081,1.086,-0.011971,-0.018937,-974.77,仅买
0.013812,0.018517,0.023674,0.017374,0.02261,0.01589,1.084,2021-10-21,-0.000931,-0.024944,-0.036574,0.001306,0.003351,1.092,1.073,0.006567,-0.095278,0.008459,1.087,1.073,0.010252,-0.0213,869.95,仅买
0.017707,0.018786,0.023169,0.016685,0.022307,0.016612,1.066,2021-10-22,0.009029,-0.011265,-0.026085,0.006686,0.012784,1.09,1.064,0.002775,-0.070326,0.024575,1.084,1.084,-0.016605,-0.021116,-6967.46,仅买
0.023985,0.018965,0.023725,0.018502,0.022292,0.018763,1.064,2021-10-25,-0.006246,-0.023094,-0.041223,-0.010765,-0.00456,1.068,1.054,-0.014787,-0.088109,0.003766,1.066,1.066,-0.001876,-0.021565,419.17,仅买
0.013133,0.018799,0.02297,0.018275,0.022034,0.017435,1.058,2021-10-26,-0.006072,-0.021024,-0.041384,-0.009864,-0.006752,1.068,1.055,-0.020258,-0.075586,-0.013902,1.065,1.064,-0.005639,-0.020944,-1457.93,仅买
0.012218,0.016614,0.021409,0.016445,0.021847,0.016171,1.044,2021-10-27,-0.01066,-0.023355,-0.045213,-0.01029,-0.012753,1.059,1.039,-0.01029,-0.062888,-0.025783,1.058,1.058,-0.013233,-0.020613,-6191.99,仅买
0.018904,0.01654,0.021158,0.014752,0.021968,0.017189,1.02,2021-10-28,-0.021922,-0.031809,-0.055546,-0.018059,-0.026331,1.041,1.017,-0.018797,-0.087413,-0.027027,1.041,1.044,-0.022989,-0.020128,-8694.77,仅买
0.022989,0.017429,0.021215,0.018037,0.022023,0.018246,1.025,2021-10-29,-0.040993,-0.04833,-0.073738,-0.028941,-0.049261,1.027,1.015,-0.035917,-0.113043,-0.059041,1.021,1.02,0.004902,-0.022392,3377.93,仅买
0.011765,0.017282,0.020064,0.017886,0.021863,0.015802,1.031,2021-11-01,-0.032928,-0.039633,-0.065463,-0.016504,-0.045387,1.034,1.017,-0.03484,-0.080717,-0.038462,1.025,1.025,0.005854,-0.021902,5803.5,双边
0.016585,0.016963,0.01892,0.017113,0.021637,0.016492,1.012,2021-11-02,-0.022841,-0.031652,-0.055659,-0.004442,-0.040499,1.032,0.999,-0.044486,-0.048015,-0.031015,1.031,1.031,-0.018429,-0.02038,-8292.69,仅买
0.032008,0.018311,0.019274,0.020119,0.022112,0.02045,1.022,2021-11-03,-0.034075,-0.045733,-0.068683,-0.01403,-0.058459,1.024,1.01,-0.06814,-0.076642,-0.043478,1.012,1.012,0.009881,-0.021047,0.0,未触发
0.013834,0.018313,0.018415,0.020809,0.021887,0.019436,1.026,2021-11-04,-0.019758,-0.0343,-0.054725,0.0,-0.049509,1.026,1.017,-0.04753,-0.041276,-0.021073,1.023,1.022,0.003914,-0.018548,2882.25,仅买
0.008806,0.017423,0.018104,0.018216,0.021253,0.0166,1.014,2021-11-05,-0.010417,-0.027995,-0.046911,0.002737,-0.04638,1.026,1.01,-0.053506,-0.050879,0.005882,1.026,1.026,-0.011696,-0.015161,-5409.83,仅买
0.015595,0.016584,0.017774,0.012745,0.021344,0.017366,1.015,2021-11-08,-0.017061,-0.036259,-0.053516,-0.006856,-0.057767,1.018,1.007,-0.04878,-0.062847,-0.010732,1.013,1.014,0.000986,-0.014195,2911.06,仅买
0.010848,0.016355,0.017577,0.01175,0.020765,0.016218,1.019,2021-11-09,-0.011396,-0.032043,-0.048556,-0.002751,-0.05713,1.02,1.014,-0.046053,-0.065378,-0.015519,1.016,1.015,0.003941,-0.015122,0.0,未触发
0.005911,0.015724,0.016169,0.010785,0.019514,0.010999,1.019,2021-11-10,-0.003715,-0.025906,-0.041513,-0.000196,-0.053722,1.02,1.004,-0.036862,-0.046773,0.006917,1.019,1.019,0.0,-0.013579,1912.51,仅买
0.015702,0.015404,0.015972,0.01082,0.01924,0.011372,1.035,2021-11-11,-0.001274,-0.023806,-0.037741,0.000393,-0.053824,1.035,1.018,-0.023946,-0.042293,-0.002935,1.019,1.019,0.015702,-0.013654,0.0,未触发
0.016683,0.014774,0.016101,0.012765,0.019068,0.012948,1.028,2021-11-12,0.012918,-0.007385,-0.019081,0.014308,-0.03928,1.035,1.023,0.014706,-0.021739,0.008772,1.035,1.035,-0.006763,-0.012174,-1498.72,仅买
0.011594,0.014757,0.016019,0.01466,0.018295,0.012148,1.027,2021-11-15,0.005772,-0.012488,-0.02303,0.004691,-0.045748,1.029,1.02,0.002927,-0.032015,0.013807,1.025,1.028,-0.000973,-0.010597,2389.07,仅买
0.008755,0.013974,0.015468,0.012344,0.017271,0.011729,1.021,2021-11-16,0.005187,-0.010978,-0.022246,0.001365,-0.046396,1.033,1.02,-0.00388,-0.048193,0.011823,1.027,1.027,-0.005842,-0.009727,-536.58,仅买
0.012658,0.012039,0.015175,0.011002,0.016862,0.013078,1.03,2021-11-17,-0.001565,-0.01367,-0.025639,-0.004873,-0.051615,1.03,1.022,0.008893,-0.059853,0.001963,1.022,1.021,0.008815,-0.010467,0.0,未触发
0.007835,0.011439,0.014876,0.00975,0.016089,0.011505,1.031,2021-11-18,0.006449,-0.002904,-0.015924,0.001751,-0.043018,1.036,1.028,0.007828,-0.040075,0.010795,1.03,1.03,0.000971,-0.010394,0.0,未触发
0.007767,0.011335,0.014379,0.00942,0.015848,0.009722,1.046,2021-11-19,0.006934,0.000631,-0.013397,0.003504,-0.042148,1.047,1.026,0.004873,-0.048893,-0.003865,1.031,1.031,0.014549,-0.011844,5768.71,双边
0.020369,0.011812,0.014198,0.01199,0.015787,0.011477,1.047,2021-11-22,0.018401,0.016175,0.002108,0.014549,-0.028378,1.049,1.042,0.031558,-0.018762,0.01751,1.049,1.046,0.000956,-0.011191,903.35,仅买
0.006692,0.011397,0.013876,0.011609,0.015517,0.011064,1.052,2021-11-23,0.016209,0.017987,0.004317,0.011594,-0.02772,1.057,1.046,0.031527,-0.015977,0.019474,1.047,1.047,0.004776,-0.009534,0.0,未触发
0.010506,0.011856,0.01379,0.012522,0.014732,0.010634,1.057,2021-11-24,0.017802,0.023147,0.009662,0.010373,-0.023394,1.058,1.051,0.032385,-0.005671,0.030362,1.052,1.052,0.004753,-0.006714,0.0,未触发
0.006654,0.010951,0.013178,0.007951,0.014299,0.010398,1.055,2021-11-25,0.018893,0.027361,0.014688,0.009937,-0.018995,1.059,1.049,0.037291,0.012452,0.026214,1.057,1.057,-0.001892,-0.004017,423.17,仅买
0.009461,0.010229,0.012501,0.008874,0.014144,0.010736,1.047,2021-11-26,0.015009,0.023676,0.012865,0.003424,-0.020927,1.055,1.045,0.019324,0.034314,0.023278,1.055,1.055,-0.007583,0.000243,-2419.19,仅买
0.009479,0.010018,0.012387,0.008531,0.014019,0.008558,1.039,2021-11-29,0.005474,0.01483,0.005667,-0.004374,-0.028081,1.04,1.031,0.018482,0.021463,0.000956,1.033,1.047,-0.007641,0.002283,0.0,未触发
0.008596,0.010002,0.011988,0.009178,0.013646,0.008939,1.042,2021-11-30,-0.003357,0.006685,-0.000737,-0.010476,-0.035044,1.049,1.038,0.011685,0.007759,-0.007641,1.038,1.039,0.002887,0.0035,0.0,未触发
0.010587,0.009795,0.010917,0.009554,0.013381,0.008955,1.053,2021-12-01,-0.002489,0.008127,0.003564,-0.005725,-0.031748,1.054,1.041,0.020568,0.029644,-0.009506,1.043,1.042,0.010557,0.005252,0.0,未触发
0.012476,0.010259,0.010849,0.010553,0.013337,0.01012,1.058,2021-12-02,0.005827,0.017244,0.014809,0.005539,-0.021087,1.06,1.05,0.02233,0.030333,-0.003784,1.054,1.053,0.004748,0.006123,3270.13,仅买
0.009497,0.010432,0.010883,0.010853,0.013063,0.010127,1.063,2021-12-03,0.008003,0.020497,0.02048,0.009735,-0.015722,1.067,1.048,0.026188,0.031189,0.002844,1.058,1.058,0.004726,0.005967,5619.92,双边
0.017958,0.010191,0.011001,0.01331,0.012862,0.011823,1.054,2021-12-06,0.011129,0.022902,0.025402,0.011418,-0.010472,1.07,1.052,0.016252,0.048323,0.015282,1.065,1.063,-0.008467,0.00727,-3804.82,仅买
0.016933,0.011215,0.011306,0.014796,0.012989,0.01349,1.058,2021-12-07,0.001901,0.012342,0.017047,0.0,-0.017829,1.065,1.047,0.006686,0.038424,0.014437,1.062,1.054,0.003795,0.008769,-520.59,仅买
0.017078,0.011872,0.011864,0.017323,0.013151,0.014788,1.061,2021-12-08,0.00513,0.014284,0.020907,0.000757,-0.013259,1.061,1.052,0.005703,0.038273,0.015355,1.058,1.058,0.002836,0.009191,2312.58,仅买
0.008507,0.012057,0.011504,0.014173,0.012804,0.013995,1.059,2021-12-09,0.007597,0.015117,0.023242,0.002078,-0.009476,1.063,1.057,0.003784,0.041217,0.007597,1.061,1.061,-0.001885,0.009709,1363.72,仅买
0.005655,0.011677,0.010953,0.010413,0.012226,0.013226,1.055,2021-12-10,0.005316,0.012041,0.020035,0.0,-0.010003,1.061,1.053,0.003791,0.023188,0.000945,1.058,1.059,-0.003777,0.009308,-522.28,仅买
0.007554,0.011484,0.010751,0.007239,0.012086,0.011145,1.052,2021-12-13,0.000759,0.00692,0.015204,-0.00227,-0.012172,1.058,1.051,0.007641,0.026265,-0.007526,1.055,1.055,-0.002844,0.008227,-49.81,仅买
0.006635,0.011288,0.010645,0.006615,0.011754,0.009086,1.041,2021-12-14,-0.003316,0.00286,0.011636,-0.00473,-0.012979,1.052,1.039,0.012512,0.024343,-0.001898,1.052,1.052,-0.010456,0.00754,-3376.03,仅买
0.012357,0.011465,0.01063,0.008849,0.011099,0.008142,1.044,2021-12-15,-0.013644,-0.008571,0.000128,-0.011959,-0.021387,1.048,1.037,-0.00096,0.019589,-0.016068,1.042,1.041,0.002882,0.006615,2828.85,仅买
0.010567,0.011274,0.010766,0.009853,0.010991,0.008554,1.058,2021-12-16,-0.009957,-0.006377,0.002304,-0.005904,-0.016378,1.059,1.046,-0.008547,0.013592,-0.016023,1.046,1.044,0.01341,0.005262,0.0,未触发
0.012452,0.01157,0.011001,0.011792,0.011112,0.009913,1.055,2021-12-17,0.003319,0.005656,0.014706,0.007619,-0.001494,1.062,1.052,0.0,0.026188,-0.000944,1.06,1.058,-0.002836,0.005399,-521.38,仅买
0.009452,0.010719,0.010455,0.010824,0.010907,0.010293,1.042,2021-12-20,0.001234,0.002375,0.010504,0.004762,-0.002537,1.058,1.042,-0.007526,0.008604,0.0,1.055,1.055,-0.012322,0.004534,-3366.94,仅买
0.015166,0.010542,0.010878,0.012357,0.011051,0.011999,1.066,2021-12-21,-0.009976,-0.009741,-0.002807,-0.005725,-0.013133,1.067,1.042,-0.011385,-0.004776,-0.009506,1.042,1.042,0.023033,0.003098,0.0,未触发
0.023992,0.011234,0.011553,0.016203,0.011654,0.014326,1.061,2021-12-22,0.012057,0.012394,0.018634,0.012346,0.010602,1.068,1.057,0.007561,0.013308,0.024015,1.066,1.066,-0.00469,0.00281,-987.76,仅买
0.010319,0.011415,0.011736,0.016492,0.011474,0.014276,1.062,2021-12-23,0.00731,0.007454,0.012501,0.004354,0.007183,1.066,1.057,0.0,0.003784,0.016284,1.062,1.061,0.000943,0.002332,2304.07,仅买
0.008483,0.011698,0.011687,0.014265,0.011201,0.013482,1.059,2021-12-24,0.007973,0.008068,0.012586,0.00454,0.009538,1.064,1.056,0.002833,0.006635,0.003781,1.063,1.062,-0.002825,0.001378,-520.08,仅买
0.007533,0.011696,0.01159,0.008778,0.011066,0.013099,1.063,2021-12-27,0.004744,0.004649,0.008732,0.000945,0.00758,1.068,1.06,0.003791,0.011461,0.003791,1.06,1.059,0.003777,0.00152,0.0,未触发
0.007554,0.011788,0.011538,0.007857,0.011026,0.011576,1.059,2021-12-28,0.007487,0.007297,0.011386,0.000753,0.011706,1.065,1.055,0.010456,0.023099,0.020154,1.064,1.063,-0.003763,0.002899,-49.81,仅买
0.009407,0.011492,0.011479,0.008165,0.010917,0.008659,1.056,2021-12-29,0.001987,0.002698,0.006367,-0.001697,0.008491,1.06,1.055,0.017291,0.016315,-0.006567,1.059,1.059,-0.002833,0.003039,-49.81,仅买
0.004721,0.010908,0.011091,0.007228,0.010814,0.00754,1.06,2021-12-30,-0.001985,-0.000284,0.00269,-0.003586,0.005794,1.061,1.054,0.011494,0.002849,-0.004713,1.054,1.056,0.003788,0.002991,0.0,未触发
0.006629,0.010326,0.010948,0.006919,0.010776,0.007169,1.068,2021-12-31,0.001606,0.003408,0.005565,0.000566,0.009941,1.071,1.058,0.00189,0.00189,-0.001883,1.06,1.06,0.007547,0.002753,0.0,未触发
0.012264,0.010607,0.010663,0.007871,0.010505,0.008115,1.081,2022-01-04,0.007928,0.010741,0.01245,0.006408,0.017789,1.084,1.07,0.012322,0.004704,0.008499,1.07,1.068,0.012172,0.002419,0.0,未触发
0.013109,0.010401,0.010472,0.010667,0.010719,0.009226,1.081,2022-01-05,0.016455,0.021739,0.023674,0.015214,0.03026,1.083,1.072,0.037428,0.025617,0.016933,1.082,1.081,0.0,0.002559,874.34,仅买
0.010176,0.009019,0.010127,0.01185,0.010708,0.00938,1.085,2022-01-06,0.015023,0.02063,0.022738,0.011036,0.030063,1.087,1.076,0.014071,0.021739,0.020774,1.079,1.081,0.0037,0.002841,0.0,未触发
0.010176,0.009005,0.01021,0.011153,0.010826,0.010471,1.086,2022-01-07,0.016489,0.023247,0.025617,0.009302,0.03353,1.099,1.084,0.02262,0.02262,0.027462,1.085,1.085,0.000922,0.003834,0.0,未触发
0.013825,0.009539,0.010619,0.011392,0.010971,0.01191,1.099,2022-01-10,0.015143,0.022888,0.02556,0.005369,0.034023,1.099,1.084,0.022599,0.025496,0.024528,1.085,1.086,0.011971,0.005017,0.0,未触发
0.013812,0.010167,0.010931,0.012604,0.011116,0.012219,1.101,2022-01-11,0.023468,0.032992,0.036141,0.011598,0.045787,1.108,1.094,0.037771,0.041706,0.029026,1.1,1.099,0.00182,0.006861,5403.91,双边
0.012739,0.010686,0.011237,0.013459,0.011254,0.012145,1.098,2022-01-12,0.021715,0.032494,0.036008,0.009721,0.047325,1.1,1.089,0.035748,0.046578,0.018501,1.1,1.101,-0.002725,0.007892,-49.81,仅买
0.009991,0.010744,0.011118,0.012181,0.011234,0.012109,1.094,2022-01-13,0.015257,0.026936,0.031373,0.00384,0.044272,1.106,1.094,0.036827,0.054755,0.015726,1.097,1.098,-0.003643,0.009489,0.0,未触发
0.010929,0.011365,0.011136,0.01122,0.011182,0.012259,1.075,2022-01-14,0.008016,0.020808,0.026299,-0.00146,0.040122,1.094,1.073,0.035985,0.047893,0.008295,1.094,1.094,-0.017367,0.010704,-7361.45,仅买
0.019196,0.012622,0.011474,0.013372,0.011506,0.013333,1.08,2022-01-17,-0.010858,0.002284,0.007938,-0.016828,0.022203,1.082,1.071,0.014151,0.016068,-0.010129,1.074,1.075,0.004651,0.010219,0.0,未触发
0.010233,0.012418,0.011513,0.013452,0.011248,0.012617,1.088,2022-01-18,-0.007353,0.005774,0.012089,-0.008811,0.02673,1.092,1.075,0.011236,0.023697,-0.017288,1.079,1.08,0.007407,0.009305,5509.52,双边
0.015741,0.012682,0.011541,0.015056,0.011208,0.013218,1.095,2022-01-19,-0.000643,0.011058,0.018504,0.00092,0.033942,1.1,1.089,0.006475,0.044146,-0.011807,1.099,1.088,0.006434,0.009143,-504.69,仅买
0.01011,0.012675,0.010847,0.012028,0.010976,0.013242,1.092,2022-01-20,0.004495,0.016194,0.023875,0.007916,0.039985,1.104,1.088,0.012951,0.027205,-0.002732,1.093,1.095,-0.00274,0.00781,2237.07,仅买
0.014612,0.013119,0.011062,0.013488,0.01118,0.013978,1.085,2022-01-21,0.0011,0.011954,0.020084,0.005525,0.036348,1.094,1.081,0.006452,0.029218,-0.001828,1.094,1.092,-0.00641,0.006905,-2791.68,仅买
0.011905,0.012927,0.011233,0.012209,0.011388,0.01252,1.08,2022-01-24,-0.005226,0.004397,0.012725,-0.002757,0.028647,1.085,1.069,-0.000921,0.021657,0.009302,1.085,1.085,-0.004608,0.007179,-1432.14,仅买
0.014747,0.01302,0.011594,0.013754,0.011628,0.013423,1.044,2022-01-25,-0.008082,-0.001202,0.007275,-0.007353,0.023018,1.079,1.043,-0.017288,0.01983,0.0,1.079,1.08,-0.033333,0.006985,-13948.11,仅买
0.033333,0.01508,0.012883,0.019995,0.012518,0.016941,1.048,2022-01-26,-0.0361,-0.033647,-0.026059,-0.032617,-0.011286,1.052,1.038,-0.051771,-0.017874,-0.040441,1.041,1.044,0.003831,0.003949,0.0,未触发
0.01341,0.015421,0.013083,0.020497,0.012553,0.017601,1.037,2022-01-27,-0.027919,-0.02945,-0.02254,-0.020378,-0.008061,1.051,1.036,-0.045537,-0.010387,-0.042922,1.047,1.048,-0.010496,0.002088,-2914.66,仅买
0.014313,0.01576,0.013562,0.020352,0.012678,0.017542,1.039,2022-01-28,-0.03301,-0.038791,-0.032589,-0.020589,-0.018705,1.042,1.022,-0.052102,-0.017992,-0.050366,1.041,1.037,0.001929,-0.000232,-2451.19,仅买
0.019286,0.015769,0.014195,0.01567,0.012905,0.019018,1.057,2022-02-07,-0.027882,-0.035999,-0.03015,-0.010099,-0.017014,1.059,1.038,-0.033488,-0.019811,-0.042396,1.039,1.039,0.017324,-0.002268,0.0,未触发
0.020212,0.016767,0.014593,0.017937,0.013264,0.020111,1.079,2022-02-08,-0.008908,-0.018798,-0.01341,0.011483,-0.000662,1.082,1.059,-0.021296,-0.0103,-0.021296,1.061,1.057,0.020814,-0.003745,0.0,未触发
0.02176,0.017369,0.015025,0.020419,0.013484,0.017796,1.083,2022-02-09,0.012575,0.001717,0.005967,0.025665,0.01911,1.089,1.077,-0.008272,-0.00185,0.033525,1.079,1.079,0.003707,-0.002962,0.0,未触发
0.011121,0.01747,0.015072,0.017698,0.013055,0.017338,1.095,2022-02-10,0.017475,0.005338,0.009163,0.022663,0.021859,1.096,1.075,-0.010959,0.00185,0.033397,1.083,1.083,0.01108,-0.002362,5489.12,双边
0.019391,0.017948,0.015533,0.017424,0.013357,0.018354,1.097,2022-02-11,0.028459,0.016006,0.019268,0.022791,0.031948,1.117,1.092,0.002747,0.009217,0.055931,1.095,1.095,0.001826,-0.00102,0.0,未触发
0.022831,0.01904,0.015984,0.017781,0.013835,0.019063,1.076,2022-02-14,0.029177,0.017342,0.020022,0.013676,0.032827,1.097,1.072,0.01106,0.010129,0.055823,1.097,1.097,-0.019143,0.000464,-9163.35,仅买
0.022789,0.019845,0.016432,0.02167,0.014344,0.019578,1.073,2022-02-15,0.009855,-0.001068,-3.1e-05,-0.009208,0.012293,1.078,1.064,-0.003704,-0.020928,0.017975,1.074,1.076,-0.002788,-9.3e-05,415.67,仅买
0.013011,0.017812,0.016446,0.019544,0.014526,0.017829,1.081,2022-02-16,0.004306,-0.002556,-0.003128,-0.010878,0.008743,1.083,1.073,0.027778,-0.025431,-0.005561,1.073,1.073,0.007456,-0.0013,0.0,未触发
0.00932,0.017403,0.016412,0.01504,0.014523,0.017468,1.078,2022-02-17,0.008678,0.005675,0.003621,-0.003135,0.015309,1.083,1.074,0.031489,-0.015483,-0.001847,1.083,1.081,-0.002775,-0.002181,-511.38,仅买
0.008326,0.016805,0.016282,0.010219,0.014643,0.015255,1.099,2022-02-18,0.002045,0.003631,0.000155,-0.002775,0.011732,1.099,1.073,0.039537,-0.014625,-0.015525,1.074,1.078,0.019481,-0.003387,0.0,未触发
0.024119,0.017288,0.016528,0.013921,0.015226,0.015513,1.105,2022-02-21,0.015899,0.02204,0.01841,0.016275,0.030345,1.107,1.092,0.057748,0.022326,0.001823,1.099,1.099,0.00546,-0.002782,4498.96,仅买
0.013649,0.016632,0.016699,0.015364,0.015272,0.013685,1.094,2022-02-22,0.016934,0.026427,0.022801,0.016372,0.035016,1.102,1.088,0.045412,0.023148,0.026952,1.102,1.105,-0.009955,-0.000557,-1864.53,仅买
0.01267,0.015723,0.016546,0.016812,0.015258,0.013616,1.093,2022-02-23,0.005422,0.015926,0.012213,0.002382,0.023961,1.097,1.086,0.013902,0.005515,0.019571,1.094,1.094,-0.000914,0.001023,1321.12,仅买
0.010055,0.015616,0.016543,0.012124,0.015254,0.013764,1.076,2022-02-24,0.003581,0.015092,0.010914,-0.000731,0.022371,1.094,1.062,0.009234,-0.001826,0.011101,1.092,1.093,-0.015554,0.001721,-6458.69,仅买
0.029277,0.016605,0.017276,0.017334,0.01589,0.017954,1.072,2022-02-25,-0.010302,4.6e-05,-0.004533,-0.015914,0.006172,1.085,1.064,-0.017352,-0.014652,-0.001855,1.076,1.076,-0.003717,0.001722,-978.96,仅买
0.019517,0.016273,0.017657,0.019616,0.01608,0.017033,1.073,2022-02-28,-0.011708,-0.003069,-0.007806,-0.014706,0.002166,1.073,1.058,-0.022789,-0.011982,-0.024568,1.067,1.072,0.000933,0.0,3230.22,仅买
0.013993,0.015393,0.017619,0.020929,0.016086,0.017102,1.082,2022-03-01,-0.010513,-0.001814,-0.006083,-0.007951,0.002694,1.083,1.069,-0.002788,-0.006481,-0.028959,1.073,1.073,0.008388,-0.001486,5540.72,双边
0.013048,0.015397,0.016605,0.015519,0.016096,0.017178,1.089,2022-03-02,-0.003041,0.004782,0.002842,0.002595,0.010428,1.091,1.078,0.008388,0.036398,-0.010969,1.081,1.082,0.00647,0.0,0.0,未触发
0.012015,0.015667,0.016535,0.013018,0.016164,0.01757,1.1,2022-03-03,0.00267,0.009361,0.009611,0.009829,0.016222,1.101,1.089,0.007401,0.039122,-0.00366,1.089,1.089,0.010101,0.001997,0.0,未触发
0.011019,0.015936,0.01637,0.012027,0.016167,0.013918,1.094,2022-03-04,0.010751,0.016589,0.01962,0.01551,0.025737,1.103,1.084,0.020408,0.060752,0.022305,1.094,1.1,-0.005455,0.005669,5433.91,双边
0.017273,0.015251,0.01627,0.013436,0.016103,0.013469,1.08,2022-03-07,0.0057,0.008481,0.013463,0.005885,0.019571,1.103,1.078,-0.00455,0.052936,0.020522,1.094,1.094,-0.012797,0.008835,-5076.56,仅买
0.022852,0.016172,0.016402,0.017048,0.016523,0.015241,1.046,2022-03-08,-0.004883,-0.005479,0.000494,-0.008264,0.006258,1.08,1.045,-0.022624,0.02176,0.006524,1.076,1.08,-0.031481,0.010233,-11664.22,仅买
0.032407,0.018145,0.016934,0.024177,0.017079,0.019113,1.033,2022-03-09,-0.03193,-0.035322,-0.029745,-0.033093,-0.025299,1.057,1.004,-0.043876,-0.030584,-0.033272,1.047,1.046,-0.012428,0.006918,5679.91,双边
0.050669,0.022207,0.018911,0.03531,0.018431,0.026844,1.045,2022-03-10,-0.038623,-0.04511,-0.039963,-0.03512,-0.037039,1.054,1.033,-0.054895,-0.046168,-0.051423,1.042,1.033,0.011617,0.002688,5707.51,双边
0.020329,0.021312,0.018958,0.034469,0.018621,0.028706,1.052,2022-03-11,-0.024641,-0.03178,-0.027394,-0.013779,-0.025611,1.054,1.021,-0.02881,-0.045662,-0.05,1.041,1.045,0.006699,-0.002541,5713.5,双边
0.031579,0.022518,0.019396,0.034192,0.019277,0.031567,1.03,2022-03-14,-0.016271,-0.023258,-0.019876,0.000761,-0.018977,1.058,1.03,-0.018657,-0.041021,-0.038391,1.046,1.052,-0.020913,-0.007144,5685.91,双边
0.026616,0.023781,0.019587,0.026175,0.019673,0.03232,0.969,2022-03-15,-0.032955,-0.041638,-0.03888,-0.010757,-0.039119,1.027,0.967,-0.040075,-0.042751,-0.046296,1.027,1.03,-0.059223,-0.010314,-26822.46,仅买
0.058252,0.028301,0.021849,0.038816,0.020504,0.037489,0.989,2022-03-16,-0.080471,-0.094012,-0.093687,-0.055371,-0.094858,0.992,0.945,-0.104436,-0.096925,-0.073614,0.977,0.969,0.02064,-0.013603,5066.9,双边
0.048504,0.03195,0.023808,0.044457,0.021673,0.037056,1.005,2022-03-17,-0.0525,-0.071318,-0.073276,-0.027532,-0.075427,1.019,0.999,-0.091827,-0.085106,-0.042594,1.01,0.989,0.016178,-0.015576,5889.91,双边
0.020222,0.03287,0.024403,0.042326,0.02187,0.037035,1.032,2022-03-18,-0.028328,-0.053048,-0.057341,-0.003964,-0.059898,1.034,1.004,-0.086364,-0.067718,-0.038278,1.008,1.005,0.026866,-0.016677,5901.9,双边
0.029851,0.034128,0.02469,0.032859,0.022223,0.036689,1.036,2022-03-21,0.003793,-0.024529,-0.031804,0.026866,-0.03425,1.041,1.026,-0.056673,-0.060965,-0.019011,1.033,1.032,0.003876,-0.017734,3338.03,仅买
0.014535,0.033296,0.024734,0.021536,0.022033,0.034273,1.054,2022-03-22,0.012015,-0.017544,-0.027413,0.029616,-0.03022,1.058,1.032,-0.040741,-0.062443,0.005825,1.036,1.036,0.017375,-0.018842,5741.11,双边
0.025097,0.032565,0.025355,0.023161,0.022144,0.027642,1.057,2022-03-23,0.028795,0.001425,-0.00974,0.030102,-0.013555,1.061,1.045,0.007648,-0.036563,0.087719,1.053,1.054,0.002846,-0.015941,5647.51,双边
0.01518,0.029016,0.025612,0.018271,0.02228,0.020977,1.053,2022-03-24,0.029312,0.005996,-0.006112,0.019483,-0.010608,1.059,1.049,0.023233,-0.032937,0.068756,1.053,1.057,-0.003784,-0.013381,1849.3,仅买
0.009461,0.02793,0.024621,0.016579,0.021949,0.018825,1.054,2022-03-25,0.024618,0.003287,-0.008568,0.006307,-0.01423,1.067,1.05,0.007656,-0.021375,0.047761,1.051,1.053,0.00095,-0.011071,0.0,未触发
0.016144,0.026386,0.024452,0.013595,0.021726,0.016083,1.065,2022-03-28,0.025392,0.005102,-0.006285,0.003045,-0.01317,1.069,1.043,0.001901,-0.016791,0.021318,1.052,1.054,0.010436,-0.008791,5652.31,双边
0.024668,0.026191,0.024986,0.016758,0.021789,0.01811,1.062,2022-03-29,0.032577,0.015979,0.004433,0.00795,-0.002965,1.068,1.057,0.033981,-0.007456,0.027992,1.064,1.065,-0.002817,-0.005927,889.94,仅买
0.010329,0.021399,0.02485,0.017047,0.021699,0.015156,1.075,2022-03-30,0.020467,0.014085,0.00195,0.003591,-0.005758,1.077,1.061,0.095975,-0.018484,0.00759,1.061,1.062,0.012241,-0.004988,0.0,未触发
0.015066,0.018055,0.025003,0.016687,0.021891,0.015134,1.093,2022-03-31,0.024493,0.027185,0.014406,0.012432,0.006162,1.099,1.073,0.086957,-0.012856,0.017029,1.073,1.075,0.016744,-0.00395,0.0,未触发
0.024186,0.018452,0.025661,0.016527,0.022419,0.018079,1.099,2022-04-01,0.032984,0.044733,0.030905,0.021686,0.022419,1.1,1.083,0.087562,-0.006364,0.037987,1.089,1.093,0.005489,-0.003192,5459.11,双边
0.015554,0.017022,0.025575,0.018268,0.022134,0.01796,1.12,2022-04-06,0.032119,0.050217,0.036564,0.018725,0.027407,1.12,1.096,0.064922,0.00457,0.042694,1.103,1.099,0.019108,-0.002098,5389.51,双边
0.021838,0.017752,0.025524,0.020526,0.022407,0.017394,1.099,2022-04-07,0.043608,0.068244,0.055873,0.027712,0.046191,1.117,1.096,0.081081,0.037037,0.051643,1.117,1.12,-0.01875,0.000191,-5868.33,仅买
0.01875,0.017118,0.024841,0.018714,0.022609,0.019079,1.111,2022-04-08,0.019764,0.045571,0.035913,0.001641,0.026288,1.113,1.084,0.042694,0.050669,0.03484,1.094,1.099,0.010919,0.003676,5433.91,双边
0.026388,0.018238,0.023627,0.022325,0.023154,0.021343,1.088,2022-04-11,0.025759,0.053081,0.046632,0.005976,0.037009,1.109,1.082,0.051088,0.075508,0.033488,1.109,1.111,-0.020702,0.008074,-8614.59,仅买
0.024302,0.019722,0.023826,0.023147,0.022988,0.021366,1.08,2022-04-12,0.001288,0.029182,0.024579,-0.013957,0.015494,1.089,1.068,0.033238,0.041148,-0.004575,1.088,1.088,-0.007353,0.010466,-2347.19,仅买
0.019301,0.020038,0.023212,0.023331,0.022981,0.022116,1.08,2022-04-13,-0.008447,0.020264,0.01679,-0.017825,0.008121,1.094,1.07,0.024668,0.026616,-0.017288,1.081,1.08,0.0,0.011563,5499.91,双边
0.022222,0.019794,0.022992,0.021942,0.023255,0.022193,1.104,2022-04-14,-0.00981,0.01786,0.016566,-0.010627,0.008419,1.109,1.081,0.014085,0.048544,-0.035714,1.09,1.08,0.022222,0.012018,5454.31,双边
0.025926,0.021353,0.021376,0.022483,0.023685,0.023628,1.099,2022-04-15,0.008311,0.033901,0.03844,0.010434,0.03078,1.118,1.094,0.039548,0.139319,0.00455,1.104,1.104,-0.004529,0.015888,-502.59,仅买
0.021739,0.022021,0.020038,0.023296,0.024009,0.022698,1.084,2022-04-18,0.001549,0.023945,0.033413,0.008072,0.026096,1.099,1.083,0.022326,0.111223,-0.010801,1.096,1.099,-0.013649,0.017346,-3699.23,仅买
0.014559,0.021058,0.019755,0.020741,0.024127,0.020749,1.097,2022-04-19,-0.01131,0.006266,0.019819,-0.004957,0.012248,1.099,1.076,-0.008234,0.078607,-0.003676,1.082,1.084,0.011993,0.019013,5495.11,双边
0.021218,0.021624,0.019323,0.019172,0.024258,0.021133,1.065,2022-04-20,0.00073,0.015271,0.031953,0.003843,0.024037,1.097,1.063,-0.00182,0.062984,0.015741,1.097,1.097,-0.02917,0.020736,-12353.09,仅买
0.030994,0.02254,0.020146,0.022257,0.02453,0.022887,1.044,2022-04-21,-0.023563,-0.015666,0.002321,-0.022756,-0.005602,1.07,1.039,-0.049107,0.027992,-0.013889,1.065,1.065,-0.019718,0.019697,-9906.71,仅买
0.029108,0.023576,0.020347,0.027106,0.02442,0.023523,1.055,2022-04-22,-0.037965,-0.034629,-0.017381,-0.03136,-0.024542,1.062,1.031,-0.050045,-0.009488,-0.054348,1.041,1.044,0.010536,0.012783,5713.5,双边
0.029693,0.023906,0.021072,0.029932,0.02372,0.025114,1.003,2022-04-25,-0.022786,-0.024368,-0.007713,-0.013096,-0.01365,1.043,1.002,-0.050405,-0.001892,-0.040036,1.043,1.055,-0.049289,0.0075,-16345.18,仅买
0.038863,0.025362,0.022542,0.032555,0.024338,0.029975,0.985,2022-04-26,-0.063579,-0.070306,-0.055378,-0.047302,-0.060964,1.009,0.979,-0.078125,-0.047483,-0.074723,1.008,1.003,-0.017946,0.001485,-11457.23,仅买
0.02991,0.026423,0.023231,0.032822,0.024283,0.031714,0.996,2022-04-27,-0.072155,-0.084062,-0.070375,-0.044061,-0.076375,0.996,0.963,-0.087963,-0.065465,-0.102097,0.981,0.985,0.011168,-0.00472,5045.91,双边
0.033503,0.027551,0.023672,0.034092,0.024512,0.032215,1.005,2022-04-28,-0.054311,-0.070852,-0.058987,-0.020264,-0.064833,1.008,0.987,-0.077778,-0.064789,-0.064789,0.996,0.996,0.009036,-0.009243,4969.9,双边
0.021084,0.027067,0.02421,0.028166,0.023273,0.030611,1.032,2022-04-29,-0.03671,-0.059957,-0.051559,-0.003767,-0.055806,1.033,1.005,-0.089674,-0.053672,-0.037356,1.005,1.005,0.026866,-0.01142,0.0,未触发
0.027861,0.027679,0.02485,0.027483,0.022585,0.030244,1.039,2022-05-05,-0.004438,-0.032757,-0.027394,0.027684,-0.030197,1.043,1.027,-0.060965,-0.04,-0.021801,1.031,1.032,0.006783,-0.013317,5768.71,双边
0.015504,0.027774,0.024416,0.021483,0.022428,0.025572,1.015,2022-05-06,0.006685,-0.023726,-0.021841,0.027289,-0.023649,1.03,1.01,-0.041513,-0.049405,0.035892,1.03,1.039,-0.023099,-0.013533,-5874.31,仅买
0.019249,0.027577,0.024601,0.020871,0.022074,0.02344,1.013,2022-05-09,-0.008692,-0.042498,-0.043926,-0.002359,-0.045843,1.016,1.005,-0.074749,-0.076433,0.030457,1.006,1.015,-0.00197,-0.014274,0.0,未触发
0.010837,0.025561,0.024051,0.015197,0.021951,0.018907,1.015,2022-05-10,-0.005595,-0.039537,-0.04512,-0.007641,-0.047067,1.016,0.991,-0.048826,-0.095536,0.017068,1.006,1.013,0.001974,-0.016092,5913.9,双边
0.024679,0.025118,0.024347,0.018255,0.021937,0.019626,1.015,2022-05-11,-0.000788,-0.033793,-0.042061,-0.007626,-0.044226,1.026,1.008,-0.027778,-0.076433,0.00995,1.008,1.015,0.0,-0.017398,0.0,未触发
0.017734,0.023922,0.023914,0.01775,0.022022,0.017601,1.013,2022-05-12,0.003163,-0.029358,-0.040794,-0.004316,-0.043205,1.02,1.005,-0.037915,-0.086409,-0.016473,1.016,1.015,-0.00197,-0.019917,442.27,仅买
0.014778,0.021514,0.023438,0.019064,0.0222,0.017456,1.036,2022-05-13,0.000197,-0.027784,-0.041476,-0.001183,-0.043859,1.039,1.014,0.00997,-0.068934,-0.025024,1.014,1.013,0.022705,-0.020954,0.0,未触发
0.024679,0.020991,0.023707,0.019064,0.022484,0.018542,1.052,2022-05-16,0.017782,-0.003607,-0.019156,0.017282,-0.02121,1.053,1.039,0.051777,-0.040741,0.02069,1.042,1.036,0.015444,-0.01915,0.0,未触发
0.013514,0.018992,0.023272,0.017657,0.022112,0.019077,1.042,2022-05-17,0.027846,0.013146,-0.003599,0.025141,-0.005718,1.052,1.032,0.056225,-0.025926,0.0385,1.052,1.052,-0.009506,-0.015502,-2900.86,仅买
0.019011,0.018785,0.022926,0.019068,0.022402,0.017943,1.036,2022-05-18,0.014408,0.00652,-0.012447,0.010081,-0.014688,1.043,1.032,0.036816,-0.056159,0.026601,1.042,1.042,-0.005758,-0.014517,-1968.91,仅买
0.010557,0.017054,0.022367,0.014361,0.022251,0.016508,1.037,2022-05-19,0.008174,0.003779,-0.016922,0.000193,-0.019667,1.041,1.02,0.003876,-0.057325,0.02069,1.025,1.036,0.000965,-0.013006,5803.5,双边
0.02027,0.017531,0.022652,0.016613,0.022121,0.017606,1.05,2022-05-20,0.009344,0.007041,-0.014227,-0.00346,-0.018085,1.051,1.04,-0.001925,-0.043358,0.023692,1.04,1.037,0.012536,-0.011709,0.0,未触发
0.010608,0.016667,0.022122,0.013811,0.021956,0.014792,1.052,2022-05-23,0.018528,0.021997,-0.000317,0.006325,-0.005007,1.054,1.047,0.034483,-0.042844,0.013514,1.05,1.05,0.001905,-0.011878,0.0,未触发
0.006667,0.01625,0.020905,0.012515,0.02145,0.013422,1.031,2022-05-24,0.016622,0.024592,0.003753,0.008242,-0.002276,1.053,1.027,0.0385,-0.012207,0.0,1.05,1.052,-0.019962,-0.011172,-7190.94,仅买
0.024715,0.016253,0.020686,0.013996,0.021649,0.014563,1.041,2022-05-25,-0.00521,0.004775,-0.014152,-0.009796,-0.021218,1.041,1.023,0.015764,-0.012452,-0.010557,1.03,1.031,0.009699,-0.008838,5774.71,双边
0.017459,0.016226,0.020074,0.01628,0.021351,0.015944,1.053,2022-05-26,0.001925,0.015214,-0.002364,-0.001151,-0.010911,1.057,1.038,0.025616,-0.01327,0.004826,1.042,1.041,0.011527,-0.006492,5707.51,双边
0.018252,0.016573,0.019044,0.020142,0.02115,0.01554,1.054,2022-05-27,0.009588,0.024419,0.010266,0.00727,0.000855,1.058,1.047,0.039487,0.04985,0.015429,1.053,1.053,0.00095,-0.001797,1849.3,仅买
0.010446,0.01515,0.01807,0.015386,0.020855,0.015508,1.054,2022-05-30,0.008806,0.021962,0.012067,0.007456,0.002092,1.057,1.047,0.017375,0.070051,0.00381,1.053,1.054,0.0,0.003845,2324.07,仅买
0.009488,0.014747,0.01687,0.012729,0.02043,0.016072,1.056,2022-05-31,0.008612,0.019096,0.01291,0.007071,0.002393,1.058,1.049,0.001901,0.058233,0.001901,1.053,1.054,0.001898,0.007305,3748.4,仅买
0.008539,0.0137,0.016242,0.009491,0.019851,0.012837,1.062,2022-06-01,0.009174,0.018519,0.016394,0.004184,0.00471,1.062,1.052,0.013436,0.050746,0.024248,1.055,1.056,0.005682,0.010428,0.0,未触发
0.00947,0.013591,0.015323,0.009165,0.019442,0.011239,1.054,2022-06-02,0.012393,0.022826,0.023384,0.005872,0.010851,1.06,1.049,0.025097,0.02907,0.020173,1.06,1.062,-0.007533,0.01258,-521.38,仅买
0.010358,0.0126,0.015065,0.009455,0.019302,0.00966,1.058,2022-06-06,0.003141,0.014388,0.016655,-0.001894,0.003969,1.058,1.047,0.016393,0.014437,0.00095,1.054,1.054,0.003795,0.010847,2795.86,仅买
0.010436,0.012583,0.014625,0.010088,0.018942,0.009658,1.061,2022-06-07,0.006182,0.016135,0.021794,0.001136,0.008355,1.064,1.052,0.007619,0.042365,0.003795,1.058,1.058,0.002836,0.009551,2785.06,仅买
0.011342,0.01305,0.01465,0.010712,0.018287,0.010029,1.069,2022-06-08,0.008172,0.016673,0.024824,0.002646,0.01152,1.07,1.051,0.008555,0.047384,0.006641,1.06,1.061,0.00754,0.00904,5609.12,双边
0.017908,0.01237,0.014311,0.013229,0.017914,0.011903,1.065,2022-06-09,0.012119,0.021695,0.03172,0.00773,0.018774,1.077,1.06,0.036857,0.053202,0.012311,1.069,1.069,-0.003742,0.009163,885.54,仅买
0.015903,0.012214,0.01422,0.015051,0.017454,0.013189,1.076,2022-06-10,0.006046,0.015446,0.027529,0.003392,0.014447,1.079,1.057,0.023055,0.049261,0.002825,1.057,1.065,0.010329,0.010113,0.0,未触发
0.020657,0.012455,0.014514,0.018156,0.016847,0.015249,1.061,2022-06-13,0.014233,0.022862,0.035711,0.00957,0.02442,1.074,1.053,0.021842,0.062192,0.020873,1.074,1.076,-0.013941,0.012415,-4239.1,仅买
0.019517,0.013362,0.014256,0.018692,0.016501,0.017065,1.076,2022-06-14,-0.000565,0.007406,0.018788,-0.005064,0.009995,1.078,1.051,0.006641,0.024131,0.002836,1.058,1.061,0.014138,0.011525,5619.92,双边
0.025448,0.014958,0.014852,0.021874,0.016232,0.019886,1.082,2022-06-15,0.011468,0.020486,0.030553,0.006172,0.023527,1.094,1.073,0.020873,0.022814,0.014138,1.08,1.076,0.005576,0.010349,5504.71,双边
0.019517,0.016055,0.014878,0.021494,0.01618,0.020208,1.062,2022-06-16,0.014629,0.024233,0.033758,0.009328,0.027394,1.085,1.06,0.024621,0.038388,0.012161,1.078,1.082,-0.018484,0.009653,-6078.91,仅买
0.023105,0.017419,0.015505,0.02269,0.016022,0.021649,1.062,2022-06-17,-0.004126,0.004065,0.013681,-0.008774,0.00724,1.064,1.051,0.0,0.025097,-0.002817,1.055,1.062,0.0,0.008486,5636.71,双边
0.012241,0.017607,0.015104,0.018288,0.015913,0.019966,1.057,2022-06-20,-0.004873,0.00288,0.01294,-0.006176,0.006333,1.062,1.052,0.00759,0.024108,-0.013011,1.06,1.062,-0.004708,0.006654,893.35,仅买
0.009416,0.017505,0.015044,0.014921,0.015585,0.017945,1.058,2022-06-21,-0.009465,-0.002171,0.006826,-0.010114,0.0012,1.067,1.053,-0.000945,0.006667,-0.00377,1.057,1.057,0.000946,0.005792,2788.05,仅买
0.013245,0.017696,0.015373,0.011634,0.015665,0.015505,1.048,2022-06-22,-0.008249,-0.00151,0.006341,-0.005826,0.001799,1.061,1.046,-0.002828,0.005703,-0.016729,1.059,1.058,-0.009452,0.004932,-3354.34,仅买
0.014178,0.017323,0.014846,0.01228,0.015315,0.014437,1.059,2022-06-23,-0.015685,-0.01174,-0.004212,-0.00889,-0.007576,1.06,1.045,-0.019645,0.016489,-0.031423,1.048,1.048,0.010496,0.003834,0.0,未触发
0.014313,0.017164,0.014689,0.013912,0.015201,0.012679,1.06,2022-06-24,-0.004793,-0.002214,0.004839,0.002082,0.002809,1.064,1.056,-0.005634,0.017291,-0.002825,1.062,1.059,0.000944,0.003451,420.97,仅买
0.007554,0.015853,0.014154,0.012015,0.01496,0.011741,1.07,2022-06-27,-0.002353,-0.001601,0.004295,0.003408,0.003645,1.071,1.06,-0.01487,0.006648,-0.001883,1.06,1.06,0.009434,0.002597,0.0,未触发
0.010377,0.014939,0.014151,0.010748,0.014484,0.011933,1.079,2022-06-28,0.006207,0.007059,0.012682,0.010387,0.012858,1.079,1.068,0.008483,0.01518,0.012299,1.069,1.07,0.008411,0.003021,0.0,未触发
0.01028,0.013423,0.01419,0.009404,0.014376,0.011341,1.075,2022-06-29,0.014384,0.014336,0.020331,0.014861,0.021152,1.087,1.075,0.002788,0.023719,0.019849,1.079,1.079,-0.003707,0.003917,-49.8,仅买
0.011121,0.012583,0.014319,0.010593,0.014113,0.010729,1.081,2022-06-30,0.011289,0.009674,0.015492,0.005989,0.017158,1.085,1.076,-0.00647,0.017992,0.025763,1.078,1.075,0.005581,0.004008,0.0,未触发
0.008372,0.01111,0.014264,0.009925,0.01404,0.009541,1.084,2022-07-01,0.015119,0.014404,0.019715,0.007456,0.022738,1.086,1.073,0.017891,0.017891,0.020774,1.08,1.081,0.002775,0.004051,3653.21,仅买
0.012026,0.011088,0.014348,0.010506,0.013765,0.010435,1.088,2022-07-04,0.015837,0.01579,0.021036,0.005752,0.025722,1.088,1.08,0.020716,0.028463,0.022642,1.083,1.084,0.00369,0.005133,0.0,未触发
0.00738,0.010885,0.014195,0.009259,0.013658,0.009836,1.09,2022-07-05,0.016632,0.018107,0.023583,0.006103,0.029685,1.094,1.081,0.029328,0.028355,0.016822,1.088,1.088,0.001838,0.005788,2247.58,仅买
0.011949,0.010755,0.014225,0.010452,0.013834,0.01017,1.071,2022-07-06,0.015465,0.018596,0.024244,0.005906,0.032067,1.089,1.062,0.030246,0.027333,0.010195,1.089,1.09,-0.017431,0.005969,-7854.12,仅买
0.024771,0.011814,0.014569,0.0147,0.013836,0.012899,1.077,2022-07-07,-0.004369,0.000748,0.00513,-0.010898,0.014525,1.08,1.068,0.021947,0.001871,-0.003721,1.07,1.071,0.005602,0.005166,0.0,未触发
0.011204,0.011504,0.014334,0.015975,0.013627,0.013466,1.079,2022-07-08,-0.000464,0.00579,0.009624,-0.004621,0.020756,1.085,1.077,0.016997,0.011268,-0.0037,1.077,1.077,0.001857,0.004833,0.0,未触发
0.007428,0.011491,0.013672,0.014468,0.013266,0.012546,1.068,2022-07-11,-0.000371,0.007517,0.010678,-0.00185,0.022797,1.081,1.062,0.017925,0.002788,-0.004613,1.079,1.079,-0.010195,0.003561,-4682.57,仅买
0.017609,0.012214,0.013577,0.01208,0.013505,0.014592,1.068,2022-07-12,-0.010378,-0.00308,-6.2e-05,-0.008357,0.012562,1.078,1.063,-0.001869,0.006598,-0.018382,1.064,1.068,0.0,0.00248,0.0,未触发
0.014045,0.012591,0.013007,0.013027,0.013657,0.015011,1.07,2022-07-13,-0.009368,-0.002708,-0.000499,-0.004289,0.012754,1.072,1.062,-0.010195,-0.007435,-0.020183,1.068,1.068,0.001873,0.000748,1822.5,仅买
0.009363,0.012415,0.012499,0.013672,0.013684,0.01193,1.059,2022-07-14,-0.007053,-0.00028,0.000935,-0.002238,0.015196,1.068,1.056,-0.004651,-0.011091,-0.000934,1.068,1.07,-0.01028,9.3e-05,-1922.11,仅买
0.011215,0.012699,0.011904,0.011541,0.013743,0.011932,1.041,2022-07-15,-0.01525,-0.010419,-0.009262,-0.009169,0.005396,1.06,1.041,-0.020352,-0.002825,-0.016713,1.058,1.059,-0.016997,-0.000607,-5247.04,仅买
0.017941,0.013291,0.012189,0.01284,0.013995,0.014035,1.062,2022-07-18,-0.028102,-0.026284,-0.025707,-0.019035,-0.01102,1.062,1.042,-0.039668,-0.019774,-0.035218,1.042,1.041,0.020173,-0.001727,0.0,未触发
0.019212,0.014474,0.012679,0.016123,0.014288,0.014355,1.067,2022-07-19,-0.006083,-0.006873,-0.006176,0.001887,0.00949,1.07,1.06,-0.023897,0.00473,-0.005618,1.062,1.062,0.004708,-0.00182,0.0,未触发
0.009416,0.014221,0.012488,0.015523,0.014224,0.01343,1.068,2022-07-20,0.00075,-0.002617,-0.001684,0.006794,0.01421,1.071,1.066,-0.021101,0.008507,-0.000936,1.069,1.067,0.000937,-0.001027,0.0,未触发
0.004686,0.012212,0.012013,0.011105,0.013783,0.012494,1.057,2022-07-21,0.00197,-0.002615,-0.000717,0.008118,0.014775,1.071,1.057,-0.002801,0.019084,-0.001869,1.068,1.068,-0.0103,0.000467,-2390.19,仅买
0.013109,0.012402,0.011953,0.00907,0.01369,0.012873,1.052,2022-07-22,-0.006486,-0.012795,-0.010763,-0.001889,0.004291,1.059,1.047,-0.01857,-0.001889,-0.001889,1.057,1.057,-0.00473,0.000514,-49.81,仅买
0.011353,0.012795,0.012143,0.009716,0.01338,0.011555,1.053,2022-07-25,-0.008669,-0.017098,-0.014705,-0.008669,-0.001234,1.058,1.05,-0.025023,-0.007547,0.010567,1.052,1.052,0.000951,0.001122,0.0,未触发
0.007605,0.011795,0.012004,0.010689,0.012983,0.009234,1.068,2022-07-26,-0.006323,-0.015382,-0.013522,-0.006041,-0.001359,1.069,1.049,-0.014045,-0.015888,-0.008475,1.052,1.053,0.014245,9.4e-05,0.0,未触发
0.018993,0.012289,0.01244,0.01265,0.012768,0.011149,1.068,2022-07-27,0.007832,-0.000842,0.000781,0.007928,0.011715,1.069,1.059,0.0,-0.010195,0.000937,1.069,1.068,0.0,-0.000841,417.87,仅买
0.009363,0.012289,0.012352,0.011987,0.012429,0.012085,1.071,2022-07-28,0.008023,-0.000515,0.001219,0.007928,0.01071,1.073,1.067,-0.001869,-0.006512,0.0,1.068,1.068,0.002809,-0.002101,0.0,未触发
0.005618,0.01173,0.012214,0.011325,0.011846,0.010586,1.063,2022-07-29,0.009711,0.002762,0.003749,0.008095,0.012926,1.075,1.062,0.011331,-0.009251,0.013245,1.07,1.071,-0.00747,-0.002475,-984.16,仅买
0.012138,0.011149,0.01222,0.00904,0.011843,0.010743,1.066,2022-08-01,9.4e-05,-0.003749,-0.00378,-0.001503,0.004979,1.068,1.056,0.021134,-0.019373,0.010456,1.062,1.063,0.002822,-0.003083,3245.62,仅买
0.011289,0.010357,0.012415,0.009682,0.011905,0.01148,1.039,2022-08-02,0.002539,9.4e-05,-0.001249,-0.001124,0.007006,1.063,1.03,0.003766,-0.020221,0.012346,1.063,1.066,-0.025328,-0.003319,-8514.78,仅买
0.030957,0.012511,0.013366,0.018128,0.012496,0.013873,1.028,2022-08-03,-0.020273,-0.022899,-0.025968,-0.021104,-0.018901,1.05,1.026,-0.026242,-0.046789,-0.027154,1.041,1.039,-0.010587,-0.005192,-4852.57,仅买
0.023099,0.014352,0.013282,0.021782,0.012793,0.01662,1.031,2022-08-04,-0.026976,-0.031285,-0.035677,-0.024112,-0.029487,1.032,1.02,-0.037453,-0.040149,-0.037453,1.031,1.028,0.002918,-0.006878,1404.83,仅买
0.011673,0.014209,0.013306,0.02191,0.012705,0.017831,1.036,2022-08-05,-0.021729,-0.026348,-0.032016,-0.013775,-0.026899,1.038,1.025,-0.024598,-0.042711,-0.037348,1.031,1.031,0.00485,-0.008567,4314.08,仅买
0.012609,0.014334,0.013565,0.015794,0.012873,0.017925,1.053,2022-08-08,-0.01549,-0.019636,-0.02659,-0.003846,-0.022534,1.054,1.036,-0.015209,-0.039852,-0.0254,1.036,1.036,0.016409,-0.009606,0.0,未触发
0.017375,0.015311,0.013553,0.013886,0.013107,0.019143,1.057,2022-08-09,0.000665,-0.002841,-0.01009,0.015038,-0.00676,1.057,1.048,0.0,-0.014045,-0.012195,1.052,1.053,0.003799,-0.009288,4226.79,仅买
0.008547,0.014267,0.013278,0.012844,0.013049,0.014661,1.052,2022-08-10,0.005518,0.001469,-0.005644,0.01537,-0.003065,1.057,1.048,-0.0103,-0.0103,0.017324,1.056,1.057,-0.00473,-0.007429,-49.8,仅买
0.008515,0.014182,0.013236,0.011479,0.012962,0.011744,1.064,2022-08-11,0.002287,-0.002418,-0.009634,0.005928,-0.007937,1.065,1.051,-0.014981,-0.016822,0.023346,1.051,1.052,0.011407,-0.006266,0.0,未触发
0.013308,0.014951,0.01334,0.010123,0.013127,0.012071,1.073,2022-08-12,0.014396,0.008722,0.002198,0.011022,0.002938,1.073,1.062,-0.006536,0.004721,0.032008,1.063,1.064,0.008459,-0.003872,0.0,未触发
0.010338,0.014771,0.01296,0.01072,0.01307,0.011617,1.073,2022-08-15,0.022002,0.015714,0.011024,0.012455,0.01085,1.078,1.066,0.009407,0.03074,0.035714,1.07,1.073,0.0,-0.000331,5556.32,双边
0.011184,0.01476,0.012559,0.01161,0.013197,0.010378,1.078,2022-08-16,0.021321,0.015185,0.011501,0.008648,0.010485,1.082,1.073,0.006567,0.010358,0.018993,1.073,1.073,0.00466,0.0009,0.0,未触发
0.008388,0.012504,0.012507,0.00997,0.013078,0.010346,1.083,2022-08-17,0.022285,0.019385,0.016598,0.009363,0.014779,1.085,1.077,0.037536,0.010309,0.019868,1.078,1.078,0.004638,0.001942,0.0,未触发
0.007421,0.010936,0.012644,0.008997,0.0125,0.010128,1.075,2022-08-18,0.021698,0.023388,0.020928,0.008192,0.018655,1.083,1.071,0.053502,0.014045,0.029468,1.083,1.083,-0.007387,0.003509,-2357.69,仅买
0.01108,0.010876,0.012543,0.008963,0.012496,0.009682,1.083,2022-08-19,0.009959,0.014965,0.01345,-0.001301,0.010592,1.088,1.073,0.042677,0.017029,0.010338,1.073,1.075,0.007442,0.004124,0.0,未触发
0.013953,0.011011,0.012673,0.010818,0.012713,0.010405,1.091,2022-08-22,0.013002,0.021024,0.020863,0.004266,0.017634,1.093,1.081,0.045367,0.029468,0.00932,1.083,1.083,0.007387,0.00407,0.0,未触发
0.01108,0.010381,0.012846,0.012038,0.012496,0.010385,1.098,2022-08-23,0.01687,0.026727,0.027662,0.008318,0.024557,1.101,1.088,0.036087,0.036087,0.016775,1.091,1.091,0.006416,0.005346,0.0,未触发
0.011916,0.010718,0.012493,0.012316,0.012425,0.01109,1.079,2022-08-24,0.019499,0.031858,0.033282,0.01105,0.030422,1.099,1.077,0.038789,0.02809,0.018553,1.098,1.098,-0.017304,0.006241,-6423.69,仅买
0.020036,0.011871,0.013026,0.014344,0.012781,0.013613,1.099,2022-08-25,-0.000648,0.013479,0.015115,-0.005713,0.012227,1.099,1.079,0.025665,0.0103,-0.003693,1.079,1.079,0.018536,0.006048,0.0,未触发
0.018536,0.012393,0.013672,0.016829,0.013025,0.015104,1.093,2022-08-26,0.014586,0.030908,0.032636,0.008257,0.030393,1.102,1.09,0.032895,0.026144,0.022326,1.098,1.099,-0.00546,0.006515,-1415.64,仅买
0.010919,0.012451,0.013611,0.016497,0.012791,0.014497,1.102,2022-08-29,0.007188,0.02384,0.025328,0.000916,0.024143,1.104,1.079,0.018639,0.028222,0.009234,1.089,1.093,0.008234,0.006458,5459.11,双边
0.022873,0.01362,0.01419,0.017443,0.012913,0.016856,1.095,2022-08-30,0.012775,0.030533,0.03248,0.007128,0.031867,1.105,1.089,0.027027,0.033771,0.010082,1.102,1.102,-0.006352,0.006352,-1864.53,仅买
0.014519,0.014233,0.013368,0.016104,0.013083,0.017377,1.083,2022-08-31,0.004772,0.021312,0.025025,0.00128,0.024769,1.095,1.082,0.01577,0.053898,-0.002732,1.091,1.095,-0.010959,0.007565,-1424.34,仅买
0.011872,0.014678,0.012807,0.016421,0.013322,0.015744,1.092,2022-09-01,-0.00624,0.007536,0.013318,-0.010417,0.013318,1.103,1.081,0.0,0.053502,0.003707,1.081,1.083,0.00831,0.009628,0.0,未触发
0.020314,0.015602,0.013239,0.015568,0.013562,0.016099,1.09,2022-09-02,0.000458,0.013034,0.020624,-0.000915,0.021308,1.094,1.086,0.015814,0.059166,-0.006369,1.092,1.092,-0.001832,0.011163,1323.52,仅买
0.007326,0.014939,0.012975,0.013171,0.013428,0.015381,1.104,2022-09-05,-0.002014,0.008652,0.01755,-0.002197,0.019215,1.124,1.09,0.006464,0.052124,-0.002745,1.09,1.09,0.012844,0.012271,0.0,未触发
0.031193,0.01695,0.013666,0.019611,0.014214,0.017045,1.124,2022-09-06,0.009602,0.019202,0.028987,0.010249,0.031615,1.125,1.105,0.011916,0.048433,0.001815,1.105,1.104,0.018116,0.012952,0.0,未触发
0.018116,0.01757,0.014144,0.018878,0.014185,0.017764,1.12,2022-09-07,0.025454,0.034467,0.045808,0.02312,0.049519,1.124,1.115,0.023679,0.063387,0.026484,1.123,1.124,-0.003559,0.013431,840.54,仅买
0.008007,0.016367,0.014119,0.019105,0.01414,0.016991,1.119,2022-09-08,0.017997,0.02757,0.040409,0.012658,0.045166,1.123,1.113,0.037998,0.064639,0.034164,1.116,1.12,-0.000893,0.014001,0.0,未触发
0.008929,0.015407,0.0139,0.011684,0.01425,0.014714,1.129,2022-09-09,0.015242,0.024069,0.037937,0.006838,0.043308,1.132,1.117,0.018198,0.051692,0.024725,1.118,1.119,0.008937,0.013683,0.0,未触发
0.013405,0.015655,0.014053,0.010114,0.014293,0.01593,1.124,2022-09-13,0.02098,0.03058,0.04508,0.008756,0.051537,1.132,1.121,0.032937,0.05219,0.03578,1.129,1.129,-0.004429,0.013742,-935.37,仅买
0.009743,0.014342,0.013981,0.010692,0.014241,0.01164,1.115,2022-09-14,0.01444,0.023633,0.038593,0.000712,0.045792,1.121,1.11,0.019964,0.04753,0.018116,1.12,1.124,-0.008007,0.013709,-496.2,仅买
0.009786,0.013869,0.014051,0.010978,0.013535,0.009974,1.112,2022-09-15,0.004505,0.013729,0.027871,-0.005707,0.036502,1.128,1.099,0.018265,0.034323,-0.008007,1.115,1.115,-0.002691,0.012287,846.94,仅买
0.026009,0.015283,0.014981,0.01518,0.013632,0.013574,1.082,2022-09-16,-0.000809,0.00967,0.022466,-0.006966,0.032689,1.113,1.08,0.026777,0.026777,-0.007143,1.11,1.112,-0.026978,0.010459,-11309.25,仅买
0.029676,0.016219,0.01591,0.021824,0.014232,0.017724,1.078,2022-09-19,-0.026891,-0.017881,-0.006671,-0.027328,0.004472,1.083,1.068,-0.009158,0.006512,-0.033065,1.08,1.082,-0.003697,0.008236,875.95,仅买
0.013863,0.016873,0.015906,0.023183,0.014274,0.017816,1.078,2022-09-20,-0.029441,-0.02129,-0.011614,-0.021956,0.00048,1.087,1.075,-0.011009,-0.004617,-0.045173,1.079,1.078,0.0,0.005431,876.75,仅买
0.011132,0.014867,0.015908,0.018224,0.014066,0.018093,1.086,2022-09-21,-0.027164,-0.020712,-0.012368,-0.013724,0.000356,1.09,1.069,-0.023551,-0.011916,-0.040925,1.078,1.078,0.007421,0.002504,5515.51,双边
0.019481,0.015003,0.016287,0.014825,0.014431,0.020032,1.085,2022-09-22,-0.016572,-0.012907,-0.005919,-0.001104,0.00767,1.089,1.08,-0.033808,-0.010929,-0.026009,1.084,1.086,-0.000921,0.000273,3178.43,仅买
0.008287,0.015031,0.015699,0.012967,0.014423,0.016488,1.075,2022-09-23,-0.014353,-0.014085,-0.007834,0.002958,0.006587,1.094,1.074,-0.03125,0.005561,-0.024281,1.083,1.085,-0.009217,-0.000772,-972.96,仅买
0.018433,0.015982,0.015694,0.0154,0.014594,0.014239,1.059,2022-09-26,-0.019518,-0.022105,-0.017308,-0.004998,-0.002598,1.074,1.057,-0.039321,-0.021838,-0.00647,1.073,1.075,-0.014884,-0.002178,-4708.57,仅买
0.015814,0.016222,0.015939,0.014178,0.014776,0.014629,1.07,2022-09-27,-0.027905,-0.035168,-0.031521,-0.016348,-0.017063,1.07,1.047,-0.062002,-0.031107,-0.017625,1.06,1.059,0.010387,-0.003495,5609.12,双边
0.021719,0.01742,0.015881,0.018655,0.015128,0.016747,1.06,2022-09-28,-0.012915,-0.023723,-0.021371,-0.004651,-0.006576,1.068,1.057,-0.048043,-0.029038,-0.007421,1.068,1.07,-0.009346,-0.00436,-2858.27,仅买
0.01028,0.017469,0.015669,0.015938,0.015191,0.014907,1.056,2022-09-29,-0.017153,-0.0313,-0.029985,-0.009161,-0.015404,1.068,1.047,-0.049327,-0.031963,-0.023941,1.062,1.06,-0.003774,-0.005408,-1932.92,仅买
0.019811,0.01685,0.016066,0.01727,0.015604,0.017211,1.059,2022-09-30,-0.015752,-0.033763,-0.032849,-0.007519,-0.018891,1.068,1.051,-0.05036,-0.024931,-0.026728,1.053,1.056,0.002841,-0.006906,0.0,未触发
0.016098,0.015492,0.015855,0.015397,0.015771,0.016745,1.053,2022-10-10,-0.010835,-0.029553,-0.029627,-0.001697,-0.01583,1.075,1.052,-0.021257,-0.03022,-0.014884,1.06,1.059,-0.005666,-0.007323,-992.95,仅买
0.021719,0.016277,0.016575,0.019209,0.01603,0.017925,1.052,2022-10-11,-0.014137,-0.033413,-0.03424,-0.006229,-0.021012,1.057,1.041,-0.023191,-0.033945,-0.005666,1.055,1.053,-0.00095,-0.007471,-49.81,仅买
0.015195,0.016684,0.015775,0.017671,0.016167,0.016621,1.068,2022-10-12,-0.01267,-0.032021,-0.034006,-0.003788,-0.021699,1.068,1.04,-0.024119,-0.047101,-0.016822,1.052,1.052,0.015209,-0.008394,5652.31,双边
0.026616,0.017397,0.0162,0.021176,0.016657,0.019888,1.057,2022-10-13,0.004042,-0.01476,-0.018412,0.009834,-0.00682,1.068,1.048,-0.016575,-0.049822,0.007547,1.068,1.068,-0.0103,-0.009367,-2390.19,仅买
0.018727,0.018441,0.016736,0.020179,0.016613,0.019671,1.073,2022-10-14,-0.003676,-0.022066,-0.027867,-0.000756,-0.016851,1.077,1.06,-0.025806,-0.05625,0.000947,1.063,1.057,0.015137,-0.011026,0.0,未触发
0.016083,0.018206,0.017094,0.020475,0.016531,0.019668,1.072,2022-10-17,0.011596,-0.005146,-0.012365,0.011691,-0.002185,1.073,1.055,-0.00186,-0.041108,0.01322,1.073,1.073,-0.000932,-0.011638,881.95,仅买
0.016775,0.018302,0.017262,0.017195,0.016727,0.018679,1.073,2022-10-18,0.009416,-0.00344,-0.012649,0.00714,-0.003594,1.078,1.068,0.012276,-0.050487,0.018044,1.073,1.072,0.000933,-0.012576,1347.83,仅买
0.009328,0.017063,0.017242,0.014062,0.016275,0.017506,1.065,2022-10-19,0.010072,-0.00014,-0.010847,0.004118,-0.002834,1.075,1.063,0.002804,-0.045374,0.019962,1.073,1.073,-0.007456,-0.01256,-1913.31,仅买
0.011184,0.017154,0.017312,0.012429,0.016164,0.014419,1.056,2022-10-20,0.00207,-0.005277,-0.017316,-0.002809,-0.010238,1.065,1.052,0.004717,-0.044843,-0.002809,1.062,1.065,-0.008451,-0.012315,-1462.14,仅买
0.012207,0.016393,0.016621,0.010906,0.016175,0.013115,1.06,2022-10-21,-0.006398,-0.011097,-0.024811,-0.011051,-0.01842,1.067,1.056,0.0,-0.05036,-0.000946,1.058,1.056,0.003788,-0.012028,0.0,未触发
0.010417,0.015825,0.015658,0.011269,0.015845,0.011982,1.04,2022-10-24,-0.002728,-0.006328,-0.020152,-0.004882,-0.014748,1.064,1.034,0.000944,-0.020333,-0.012116,1.061,1.06,-0.018868,-0.010941,-8530.98,仅买
0.028302,0.016483,0.01638,0.016975,0.016544,0.014287,1.036,2022-10-25,-0.020347,-0.023337,-0.037156,-0.017756,-0.033158,1.062,1.024,-0.012346,-0.03525,-0.029851,1.062,1.04,-0.003846,-0.010086,-12290.0,仅买
0.036538,0.018618,0.017651,0.025086,0.016723,0.019729,1.033,2022-10-26,-0.022642,-0.025171,-0.038842,-0.014647,-0.036623,1.04,1.028,-0.015209,-0.038961,-0.034483,1.036,1.036,-0.002896,-0.009691,-1014.96,仅买
0.011583,0.017114,0.017256,0.025474,0.016505,0.019809,1.035,2022-10-27,-0.022243,-0.025564,-0.038921,-0.011483,-0.038891,1.04,1.03,-0.032772,-0.048803,-0.030047,1.034,1.033,0.001936,-0.009854,2367.58,仅买
0.009681,0.01621,0.017325,0.019267,0.016561,0.019304,1.012,2022-10-28,-0.018306,-0.021369,-0.034515,-0.005573,-0.036537,1.035,1.004,-0.020814,-0.046083,-0.019886,1.035,1.035,-0.022222,-0.009599,-12124.19,仅买
0.029952,0.017597,0.017901,0.017072,0.017261,0.023211,0.996,2022-10-31,-0.034535,-0.040258,-0.052819,-0.018619,-0.057084,1.012,0.988,-0.05685,-0.058605,-0.045283,1.012,1.012,-0.01581,-0.01153,-8941.35,仅买
0.023715,0.018291,0.018296,0.021116,0.017605,0.022294,1.006,2022-11-01,-0.04286,-0.052602,-0.06391,-0.025822,-0.071026,1.007,0.989,-0.070896,-0.05949,-0.042308,0.998,0.996,0.01004,-0.012725,4959.9,双边
0.018072,0.019165,0.018114,0.023913,0.017883,0.018601,1.017,2022-11-02,-0.026985,-0.040168,-0.051003,-0.010232,-0.060822,1.022,1.001,-0.062442,-0.059813,-0.028958,1.006,1.006,0.010934,-0.013785,5913.9,双边
0.020875,0.020134,0.018644,0.020887,0.018252,0.020459,1.012,2022-11-03,-0.011758,-0.027678,-0.037661,0.00375,-0.050228,1.015,1.008,-0.04507,-0.040566,-0.015489,1.015,1.017,-0.004916,-0.013348,442.77,仅买
0.006883,0.019602,0.017997,0.015277,0.017615,0.019899,1.03,2022-11-04,-0.012394,-0.030419,-0.039362,0.003371,-0.054662,1.035,1.011,-0.041667,-0.041667,-0.022222,1.011,1.012,0.017787,-0.013096,0.0,未触发
0.023715,0.020932,0.018378,0.017158,0.017416,0.018652,1.037,2022-11-07,0.008124,-0.011801,-0.020664,0.017585,-0.037833,1.043,1.028,-0.028302,-0.027384,0.017787,1.031,1.03,0.006796,-0.011523,0.0,未触发
0.014563,0.019558,0.018021,0.015054,0.017439,0.016822,1.039,2022-11-08,0.015273,-0.004321,-0.012726,0.016268,-0.031309,1.042,1.035,-0.002885,-0.015195,0.041165,1.037,1.037,0.001929,-0.009322,0.0,未触发
0.00675,0.016579,0.017598,0.01501,0.017293,0.014557,1.041,2022-11-09,0.016933,-0.001777,-0.009596,0.011685,-0.029229,1.049,1.039,0.002896,-0.012357,0.032803,1.039,1.039,0.001925,-0.006917,0.0,未触发
0.009625,0.016383,0.016749,0.010313,0.016965,0.012307,1.04,2022-11-10,0.018093,0.001443,-0.006268,0.008916,-0.027118,1.044,1.029,0.007744,-0.025281,0.023599,1.04,1.041,-0.000961,-0.006167,1872.9,仅买
0.014409,0.016856,0.016533,0.010261,0.017169,0.013813,1.06,2022-11-11,0.016618,0.0013,-0.0058,0.002506,-0.027871,1.07,1.048,0.004831,-0.016083,0.027668,1.048,1.04,0.019231,-0.004886,0.0,未触发
0.021154,0.015976,0.016786,0.015063,0.01726,0.0133,1.064,2022-11-14,0.031329,0.021195,0.013804,0.01591,-0.009114,1.081,1.062,0.047431,-0.012116,0.029126,1.065,1.06,0.003774,-0.004125,0.0,未触发
0.017925,0.015397,0.016844,0.017829,0.01733,0.013972,1.076,2022-11-15,0.028417,0.025443,0.017468,0.014493,-0.005236,1.076,1.062,0.068273,-0.007463,0.026037,1.064,1.064,0.011278,-0.003745,0.0,未触发
0.013158,0.014906,0.017035,0.017412,0.017045,0.015254,1.074,2022-11-16,0.033026,0.036859,0.028746,0.018746,0.005937,1.079,1.071,0.069583,0.002796,0.035611,1.076,1.076,-0.001859,-0.002978,414.77,仅买
0.007435,0.013562,0.016848,0.012839,0.01695,0.014816,1.067,2022-11-17,0.025494,0.034483,0.026376,0.010538,0.004129,1.073,1.062,0.056047,0.008451,0.0317,1.073,1.074,-0.006518,-0.001251,-981.56,仅买
0.010242,0.013898,0.01675,0.010278,0.016631,0.013983,1.063,2022-11-18,0.013488,0.027196,0.019329,-0.001123,-0.002166,1.07,1.062,0.054348,0.010417,0.025962,1.067,1.067,-0.003749,9.6e-05,-518.39,仅买
0.007498,0.012276,0.016604,0.008392,0.016344,0.011251,1.062,2022-11-21,0.006533,0.023198,0.015379,-0.005427,-0.005721,1.062,1.049,0.032039,0.00283,0.00283,1.061,1.063,-0.000941,0.000867,2306.08,仅买
0.01223,0.012042,0.0158,0.00999,0.016028,0.010112,1.064,2022-11-22,0.003212,0.021154,0.014133,-0.00599,-0.006331,1.071,1.059,0.024108,0.021154,-0.00188,1.062,1.062,0.001883,0.002313,0.0,未触发
0.011299,0.012497,0.014538,0.010342,0.015898,0.009741,1.065,2022-11-23,0.002733,0.021702,0.015655,-0.001876,-0.004041,1.069,1.061,0.024062,0.027027,-0.011152,1.063,1.064,0.00094,0.003517,0.0,未触发
0.007519,0.012287,0.014335,0.010349,0.015261,0.009758,1.072,2022-11-24,0.00141,0.021093,0.016706,0.000752,-0.002591,1.076,1.066,0.023055,0.030978,-0.00838,1.066,1.065,0.006573,0.004623,0.0,未触发
0.00939,0.011785,0.01432,0.009403,0.01495,0.009587,1.088,2022-11-25,0.004969,0.025985,0.022901,0.006384,0.004074,1.089,1.067,0.030769,0.035749,0.004686,1.073,1.072,0.014925,0.005872,5540.72,双边
0.020522,0.011722,0.013849,0.012477,0.015098,0.012192,1.082,2022-11-28,0.017298,0.037524,0.037673,0.016632,0.019236,1.083,1.069,0.026415,0.075099,0.023518,1.083,1.088,-0.005515,0.009385,1334.92,仅买
0.012868,0.011216,0.013307,0.01426,0.014968,0.01232,1.115,2022-11-29,0.009988,0.027589,0.031622,0.007261,0.013789,1.116,1.084,0.016917,0.086345,0.018832,1.084,1.082,0.030499,0.012452,0.0,未触发
0.029575,0.012858,0.013882,0.020988,0.015643,0.015975,1.112,2022-11-30,0.037016,0.053477,0.061669,0.028218,0.044496,1.125,1.109,0.036245,0.10835,0.047932,1.114,1.115,-0.002691,0.016324,-498.59,仅买
0.01435,0.013549,0.013555,0.018931,0.015748,0.017341,1.109,2022-12-01,0.030584,0.045948,0.057235,0.016639,0.04141,1.12,1.107,0.035382,0.093412,0.044131,1.113,1.112,-0.002698,0.019319,-948.17,仅买
0.011691,0.013694,0.013796,0.018538,0.015731,0.017801,1.105,2022-12-02,0.023818,0.03839,0.052615,0.007083,0.038179,1.109,1.097,0.039363,0.09585,0.034515,1.109,1.109,-0.003607,0.022156,-49.81,仅买
0.010821,0.014026,0.013151,0.012287,0.015745,0.015861,1.119,2022-12-05,0.016185,0.031024,0.047327,0.000362,0.034225,1.121,1.105,0.039511,0.072816,0.015625,1.105,1.105,0.01267,0.022028,0.0,未触发
0.01448,0.014251,0.013147,0.01233,0.015284,0.016183,1.114,2022-12-06,0.023694,0.040108,0.057956,0.006295,0.046854,1.116,1.109,0.053672,0.079074,0.034196,1.116,1.119,-0.004468,0.021748,-49.82,仅买
0.006256,0.013747,0.013122,0.010519,0.014274,0.011519,1.107,2022-12-07,0.01448,0.031864,0.050646,0.001979,0.042014,1.113,1.102,0.046992,0.072185,-0.000897,1.112,1.114,-0.006284,0.02003,-49.82,仅买
0.009874,0.013983,0.013135,0.010203,0.014217,0.010624,1.109,2022-12-08,0.004264,0.022255,0.041621,-0.003421,0.035741,1.113,1.103,0.039437,0.063401,-0.004496,1.108,1.107,0.001807,0.018577,2657.25,仅买
0.009033,0.013947,0.012866,0.008388,0.014196,0.010093,1.111,2022-12-09,0.002712,0.02085,0.041086,-0.00162,0.03779,1.114,1.104,0.034515,0.066346,0.0,1.11,1.109,0.001803,0.017182,3553.21,仅买
0.009017,0.012796,0.012259,0.009308,0.013498,0.009732,1.09,2022-12-12,0.002436,0.020296,0.039743,-0.000899,0.039792,1.109,1.089,0.02114,0.048113,0.00543,1.108,1.111,-0.018902,0.016002,-6817.47,仅买
0.018002,0.01331,0.012263,0.012017,0.013308,0.010436,1.094,2022-12-13,-0.017221,-0.000183,0.017107,-0.014645,0.020759,1.097,1.089,0.007394,0.024436,-0.025916,1.091,1.09,0.00367,0.013338,0.0,未触发
0.007339,0.011086,0.011972,0.011453,0.01295,0.010653,1.089,2022-12-14,-0.011743,0.002658,0.018053,-0.00744,0.024984,1.095,1.089,-0.018834,0.016729,-0.017953,1.094,1.094,-0.00457,0.010652,-49.81,仅买
0.005484,0.0102,0.011874,0.010275,0.012437,0.009775,1.08,2022-12-15,-0.014212,-0.00261,0.011142,-0.008738,0.020714,1.092,1.079,-0.020683,0.013966,-0.01626,1.089,1.089,-0.008264,0.008265,-2345.2,仅买
0.011938,0.010224,0.011959,0.008254,0.012605,0.010356,1.089,2022-12-16,-0.019786,-0.011442,0.000679,-0.011713,0.012785,1.094,1.078,-0.02615,0.012184,-0.02615,1.08,1.08,0.008333,0.005661,0.0,未触发
0.014815,0.010624,0.012325,0.010746,0.012309,0.011516,1.069,2022-12-19,-0.01018,-0.004388,0.007183,0.000551,0.021113,1.092,1.065,-0.01448,0.024459,-0.019802,1.089,1.089,-0.018365,0.0045,-7854.12,仅买
0.024793,0.011655,0.012953,0.017182,0.01265,0.012874,1.058,2022-12-20,-0.023923,-0.022986,-0.012289,-0.01402,0.002501,1.069,1.054,-0.044683,0.006591,-0.019266,1.067,1.069,-0.01029,0.003623,-2392.7,仅买
0.014032,0.012433,0.01309,0.01788,0.012892,0.014212,1.059,2022-12-21,-0.029001,-0.032774,-0.023024,-0.017642,-0.007505,1.067,1.055,-0.050269,-0.005639,-0.032907,1.058,1.058,0.000945,0.00252,0.0,未触发
0.011342,0.01258,0.013281,0.016722,0.01295,0.015384,1.052,2022-12-22,-0.023783,-0.031594,-0.022642,-0.011204,-0.006147,1.068,1.048,-0.04336,-0.005634,-0.027548,1.063,1.059,-0.00661,0.001557,-3812.02,仅买
0.018886,0.013565,0.013756,0.014753,0.013099,0.016774,1.049,2022-12-23,-0.025114,-0.037115,-0.029461,-0.012577,-0.012207,1.057,1.045,-0.051398,-0.018657,-0.025926,1.048,1.052,-0.002852,4.6e-05,0.0,未触发
0.011407,0.013804,0.0133,0.013878,0.012774,0.016092,1.049,2022-12-26,-0.022276,-0.038144,-0.031901,-0.007944,-0.014623,1.052,1.046,-0.055806,-0.035846,-0.036731,1.049,1.049,0.0,-0.002926,0.0,未触发
0.00572,0.012576,0.012943,0.012004,0.012367,0.012277,1.057,2022-12-27,-0.018525,-0.036687,-0.031454,-0.004177,-0.014468,1.06,1.05,-0.037615,-0.030499,-0.018709,1.05,1.049,0.007626,-0.004753,0.0,未触发
0.009533,0.012795,0.011941,0.008886,0.012246,0.011377,1.058,2022-12-28,-0.007605,-0.026748,-0.023496,0.003608,-0.00675,1.062,1.051,-0.033821,-0.052018,-0.000945,1.058,1.057,0.000946,-0.007131,3257.53,仅买
0.010407,0.013287,0.011743,0.008553,0.012345,0.01119,1.052,2022-12-29,-0.003766,-0.0234,-0.022091,0.004748,-0.005779,1.057,1.049,-0.028466,-0.048561,-0.000944,1.057,1.058,-0.005671,-0.009327,-995.76,仅买
0.007561,0.01285,0.011537,0.009167,0.012256,0.008926,1.058,2022-12-30,-0.006798,-0.026377,-0.027187,-0.00095,-0.011356,1.059,1.052,-0.025926,-0.051398,0.0,1.052,1.052,0.005703,-0.011029,0.0,未触发
0.006654,0.012033,0.011329,0.008207,0.012228,0.007975,1.065,2023-01-03,0.001799,-0.018689,-0.021488,0.003034,-0.005701,1.065,1.055,-0.028466,-0.042534,0.00858,1.057,1.058,0.006616,-0.011416,0.0,未触发
0.009452,0.010499,0.011077,0.007889,0.012135,0.008721,1.073,2023-01-04,0.008809,-0.009717,-0.015105,0.006616,0.000689,1.076,1.062,-0.003742,-0.048257,0.015253,1.065,1.065,0.007512,-0.012397,0.0,未触发
0.013146,0.010411,0.011422,0.00975,0.012197,0.009444,1.076,2023-01-05,0.014945,-0.000373,-0.007982,0.011119,0.007875,1.078,1.072,0.014178,-0.036804,0.015137,1.073,1.073,0.002796,-0.011648,0.0,未触发
0.005592,0.009836,0.011208,0.009396,0.012133,0.008481,1.073,2023-01-06,0.016149,0.003872,-0.005545,0.010518,0.010566,1.078,1.07,0.016053,-0.028004,0.017013,1.076,1.076,-0.002788,-0.010615,414.77,仅买
0.007435,0.008691,0.011128,0.008724,0.012067,0.008456,1.074,2023-01-09,0.01131,0.002757,-0.008348,0.003742,0.007496,1.077,1.07,0.019962,-0.032462,0.019962,1.075,1.073,0.000932,-0.009671,1345.42,仅买
0.006524,0.008202,0.011003,0.006517,0.011601,0.00843,1.067,2023-01-10,0.009873,0.00543,-0.006996,0.001679,0.008419,1.073,1.066,0.023832,-0.033303,0.015123,1.07,1.074,-0.006518,-0.009229,417.37,仅买
0.006518,0.008282,0.010429,0.006825,0.011389,0.007843,1.072,2023-01-11,0.001596,-4.7e-05,-0.013012,-0.005221,0.001925,1.076,1.066,0.017159,-0.021101,0.001878,1.066,1.067,0.004686,-0.007811,0.0,未触发
0.009372,0.008266,0.01053,0.007471,0.010716,0.007088,1.069,2023-01-12,0.004874,0.005676,-0.00707,-0.000373,0.006636,1.072,1.064,0.014191,-0.02011,-0.000932,1.072,1.072,-0.002799,-0.006941,416.57,仅买
0.007463,0.007972,0.010629,0.007784,0.010486,0.007462,1.076,2023-01-13,0.00103,0.003803,-0.008533,-0.001867,0.003756,1.077,1.069,0.010397,-0.018365,-0.006506,1.069,1.069,0.006548,-0.006437,0.0,未触发
0.007484,0.007964,0.010407,0.008106,0.010346,0.007472,1.082,2023-01-16,0.005326,0.010566,-0.001021,0.004106,0.010013,1.087,1.077,0.022814,-0.003704,0.002796,1.077,1.076,0.005576,-0.004953,0.0,未触发
0.009294,0.008228,0.010131,0.00808,0.010295,0.008026,1.081,2023-01-17,0.00867,0.016535,0.005265,0.0082,0.015295,1.087,1.077,0.022684,-0.006428,0.007449,1.082,1.082,-0.000924,-0.003557,874.34,仅买
0.009242,0.008207,0.009353,0.008673,0.01012,0.008571,1.081,2023-01-18,0.006237,0.015023,0.005519,0.004647,0.013707,1.084,1.078,0.015023,0.011225,0.013121,1.078,1.081,0.0,-0.001921,0.0,未触发
0.00555,0.007447,0.008929,0.008029,0.010097,0.007807,1.087,2023-01-19,0.005488,0.013929,0.006549,0.002969,0.012994,1.087,1.077,0.007456,0.021739,0.008396,1.082,1.081,0.00555,0.000188,3184.72,仅买
0.009251,0.007813,0.008824,0.008014,0.010076,0.008164,1.096,2023-01-20,0.010035,0.018219,0.012764,0.005178,0.017758,1.097,1.086,0.010223,0.02644,0.016838,1.086,1.087,0.00828,0.002441,0.0,未触发
0.01012,0.008082,0.008386,0.008307,0.010112,0.008691,1.093,2023-01-30,0.016226,0.024538,0.021562,0.009766,0.025209,1.105,1.093,0.021435,0.041825,0.018587,1.099,1.096,-0.002737,0.004696,-959.57,仅买
0.010949,0.008524,0.008363,0.010106,0.010177,0.009022,1.096,2023-01-31,0.011662,0.019637,0.019336,0.004965,0.021114,1.097,1.09,0.017691,0.041945,0.010166,1.093,1.093,0.002745,0.007093,0.0,未触发
0.006404,0.008513,0.008397,0.009158,0.00979,0.008455,1.102,2023-02-01,0.011723,0.020199,0.021943,0.004951,0.022324,1.103,1.091,0.027179,0.044805,0.013876,1.096,1.096,0.005474,0.008732,3143.42,仅买
0.010949,0.008671,0.008468,0.009434,0.00991,0.009534,1.105,2023-02-02,0.014453,0.02364,0.027282,0.006577,0.026389,1.105,1.095,0.027985,0.042573,0.019426,1.103,1.102,0.002722,0.009755,2216.57,仅买
0.009074,0.008832,0.008402,0.008809,0.01003,0.009499,1.096,2023-02-03,0.013854,0.024191,0.029567,0.006009,0.02778,1.103,1.087,0.033676,0.044423,0.016559,1.103,1.105,-0.008145,0.010632,-2769.48,仅买
0.01448,0.009531,0.008748,0.011501,0.010115,0.010371,1.084,2023-02-06,0.003755,0.013782,0.020674,-0.002185,0.018083,1.091,1.082,0.018587,0.041825,0.0,1.089,1.096,-0.010949,0.01061,409.26,仅买
0.008212,0.009423,0.008825,0.010589,0.009895,0.009824,1.092,2023-02-07,-0.007417,0.001478,0.009656,-0.01149,0.006095,1.092,1.084,0.001848,0.024575,-0.008234,1.084,1.084,0.00738,0.009749,0.0,未触发
0.00738,0.009237,0.008722,0.010024,0.009314,0.010019,1.088,2023-02-08,-0.001098,0.007612,0.016381,-0.003468,0.012658,1.093,1.086,0.010176,0.025352,-0.00365,1.091,1.092,-0.003663,0.008796,-49.81,仅买
0.00641,0.009323,0.008385,0.007334,0.00906,0.009111,1.093,2023-02-09,-0.005394,0.003227,0.011717,-0.004575,0.008185,1.095,1.086,0.006475,0.013979,-0.012704,1.086,1.088,0.004596,0.007385,0.0,未触发
0.008272,0.009225,0.008519,0.007354,0.008958,0.008951,1.095,2023-02-10,-0.00137,0.007048,0.015296,0.002201,0.012006,1.097,1.09,0.00552,0.015799,-0.01086,1.096,1.093,0.00183,0.005978,1318.71,仅买
0.006404,0.008853,0.008468,0.007029,0.008542,0.007336,1.1,2023-02-13,0.000548,0.00787,0.015801,0.004219,0.012998,1.1,1.089,-0.000912,0.020503,-0.000912,1.096,1.095,0.004566,0.004949,3143.42,仅买
0.010046,0.008763,0.008644,0.008241,0.008497,0.007702,1.104,2023-02-14,0.004474,0.011262,0.018833,0.005852,0.016996,1.105,1.1,0.006404,0.024209,0.01476,1.1,1.1,0.003636,0.004943,0.0,未触发
0.004545,0.008577,0.008545,0.006999,0.008457,0.007136,1.097,2023-02-15,0.007391,0.013216,0.020804,0.007299,0.020066,1.105,1.095,0.007299,0.034677,0.010989,1.105,1.104,-0.006341,0.005398,-1859.32,仅买
0.009058,0.008388,0.008529,0.007883,0.008442,0.007665,1.089,2023-02-16,0.001461,0.005638,0.013083,-0.000729,0.01327,1.105,1.083,-0.004537,0.023321,0.008272,1.097,1.097,-0.007293,0.005855,-1872.52,仅买
0.020055,0.009486,0.009159,0.011219,0.008763,0.010022,1.089,2023-02-17,-0.004388,-0.00261,0.004736,-0.007293,0.005649,1.098,1.089,-0.01448,0.018709,-0.00366,1.09,1.089,0.0,0.005989,0.0,未触发
0.008264,0.008865,0.009198,0.012459,0.008787,0.010394,1.112,2023-02-20,-0.003751,-0.003204,0.003594,-0.006206,0.005308,1.113,1.089,-0.006387,0.012082,-0.005479,1.089,1.089,0.02112,0.005569,0.0,未触发
0.022039,0.010247,0.009835,0.016786,0.009299,0.012792,1.125,2023-02-21,0.014691,0.016453,0.023093,0.012566,0.025767,1.127,1.114,0.02583,0.027726,0.010909,1.114,1.112,0.011691,0.005746,0.0,未触发
0.011691,0.010678,0.009958,0.013998,0.009374,0.014221,1.127,2023-02-22,0.023472,0.026273,0.033153,0.020501,0.036755,1.13,1.119,0.03022,0.040703,0.019022,1.125,1.125,0.001778,0.006057,2172.07,仅买
0.009778,0.011015,0.010169,0.014502,0.009262,0.014365,1.128,2023-02-23,0.021666,0.025944,0.033281,0.016781,0.037594,1.136,1.123,0.035846,0.042553,0.027347,1.125,1.127,0.000887,0.007013,0.0,未触发
0.011535,0.011341,0.010283,0.011001,0.00946,0.012661,1.124,2023-02-24,0.019339,0.024942,0.032557,0.010572,0.037512,1.13,1.116,0.032022,0.037718,0.035813,1.128,1.128,-0.003546,0.007968,-49.82,仅买
0.012411,0.011942,0.010398,0.011241,0.009626,0.013491,1.123,2023-02-27,0.013069,0.02001,0.027297,0.000712,0.033009,1.131,1.119,0.026484,0.025547,0.03214,1.119,1.124,-0.00089,0.00865,0.0,未触发
0.010676,0.012005,0.010384,0.011541,0.009764,0.011218,1.128,2023-02-28,0.010074,0.017717,0.024853,-0.002133,0.031537,1.129,1.118,0.020909,0.027447,0.009892,1.123,1.123,0.004452,0.008638,3511.6,仅买
0.009795,0.01253,0.010554,0.010961,0.009873,0.010839,1.136,2023-03-01,0.012386,0.020768,0.02751,0.001776,0.035401,1.137,1.128,0.021739,0.029197,0.002667,1.129,1.128,0.007092,0.008073,0.0,未触发
0.007979,0.012422,0.010405,0.009483,0.009827,0.010479,1.142,2023-03-02,0.016009,0.026429,0.03279,0.007271,0.042409,1.144,1.132,0.035552,0.030853,0.007986,1.136,1.136,0.005282,0.00751,4791.04,仅买
0.010563,0.011473,0.01048,0.009446,0.00993,0.010285,1.147,2023-03-03,0.016557,0.030128,0.035953,0.010083,0.047434,1.148,1.138,0.048669,0.033484,0.012411,1.143,1.142,0.004378,0.007315,3886.58,仅买
0.008757,0.011522,0.010194,0.0091,0.009973,0.009554,1.141,2023-03-06,0.015763,0.032264,0.03826,0.010395,0.051409,1.15,1.139,0.05326,0.046533,0.020463,1.147,1.147,-0.005231,0.008349,-1357.46,仅买
0.00959,0.010278,0.010262,0.009637,0.009983,0.009337,1.135,2023-03-07,0.007861,0.024237,0.030993,0.001932,0.045334,1.152,1.135,0.026079,0.052583,0.016028,1.141,1.141,-0.005259,0.009561,-488.0,仅买
0.014899,0.010598,0.010638,0.011082,0.010171,0.010358,1.133,2023-03-08,0.001677,0.016888,0.023906,-0.004561,0.039584,1.136,1.125,0.008889,0.039377,0.006206,1.133,1.135,-0.001762,0.010045,1715.29,仅买
0.009692,0.01059,0.010802,0.011394,0.010309,0.0107,1.129,2023-03-09,-0.000617,0.013054,0.020506,-0.005792,0.037451,1.137,1.127,0.005324,0.04136,-0.002641,1.133,1.133,-0.00353,0.010526,-932.38,仅买
0.008826,0.010319,0.01083,0.011139,0.010295,0.010353,1.109,2023-03-10,-0.004234,0.007856,0.015623,-0.007036,0.033441,1.128,1.109,0.000887,0.032937,-0.011384,1.128,1.129,-0.017715,0.010464,-6254.31,仅买
0.016829,0.010761,0.011351,0.011782,0.010519,0.011967,1.122,2023-03-13,-0.020578,-0.010616,-0.002758,-0.018063,0.015134,1.123,1.109,-0.013345,0.012785,-0.03313,1.109,1.109,0.011722,0.008775,0.0,未触发
0.012624,0.010955,0.01148,0.01276,0.010575,0.012574,1.114,2023-03-14,-0.009009,0.0,0.008056,-0.003198,0.026861,1.125,1.109,-0.00089,0.02,-0.016652,1.122,1.122,-0.00713,0.007181,-1386.55,仅买
0.01426,0.011402,0.011966,0.014571,0.010836,0.012446,1.128,2023-03-15,-0.014857,-0.007572,0.000329,-0.006599,0.019167,1.13,1.115,-0.012411,0.009058,-0.018502,1.116,1.114,0.012567,0.005689,0.0,未触发
0.013465,0.011951,0.012186,0.01345,0.01092,0.013201,1.118,2023-03-16,-0.00177,0.003514,0.012113,0.006783,0.03144,1.128,1.116,-0.007042,0.028259,-0.004413,1.125,1.128,-0.008865,0.005052,-1382.95,仅买
0.010638,0.011958,0.011716,0.012788,0.010972,0.013563,1.123,2023-03-17,-0.008514,-0.006664,0.002751,-0.000179,0.021844,1.133,1.118,-0.021016,0.02663,-0.009743,1.118,1.118,0.004472,0.004731,0.0,未触发
0.013417,0.012424,0.011973,0.012507,0.010937,0.012881,1.119,2023-03-20,-0.001955,-0.003726,0.006423,0.001784,0.025743,1.134,1.117,-0.020924,0.031221,0.012624,1.123,1.123,-0.003562,0.00562,395.36,仅买
0.015138,0.012979,0.011628,0.013064,0.011168,0.013384,1.119,2023-03-21,-0.003562,-0.007583,0.001791,-0.00125,0.021622,1.124,1.116,-0.019281,0.006295,-0.002674,1.119,1.119,0.0,0.004947,0.0,未触发
0.007149,0.012204,0.011401,0.011901,0.01116,0.011961,1.123,2023-03-22,-0.00214,-0.007319,0.000984,-0.00214,0.020846,1.129,1.118,-0.014097,-0.005333,0.004488,1.119,1.119,0.003575,0.004232,0.0,未触发
0.00983,0.012218,0.011404,0.010706,0.011274,0.011235,1.123,2023-03-23,0.002321,-0.003593,0.003515,0.002321,0.023483,1.124,1.116,-0.008826,-0.003549,-0.004433,1.123,1.123,0.0,0.002669,1730.89,仅买
0.007124,0.012047,0.011183,0.008034,0.011236,0.010532,1.115,2023-03-24,0.002858,-0.003372,0.002619,0.001427,0.022489,1.123,1.114,-0.005314,-0.004433,0.004472,1.123,1.123,-0.007124,0.001155,-1385.35,仅买
0.008014,0.011166,0.010963,0.008323,0.01129,0.009451,1.105,2023-03-27,-0.00482,-0.010077,-0.005116,-0.004286,0.014236,1.114,1.098,0.00541,-0.008007,-0.007124,1.113,1.115,-0.008969,-0.000754,-2744.88,仅买
0.01435,0.011339,0.011147,0.009829,0.011433,0.009293,1.107,2023-03-28,-0.012246,-0.018171,-0.014185,-0.010743,0.004287,1.109,1.103,-0.015152,-0.016028,-0.012511,1.105,1.105,0.00181,-0.001862,0.0,未触发
0.00543,0.010456,0.010929,0.009265,0.011463,0.00895,1.103,2023-03-29,-0.009839,-0.015475,-0.012489,-0.006819,0.005221,1.109,1.102,-0.006284,-0.018617,-0.010724,1.107,1.107,-0.003613,-0.002528,-49.81,仅买
0.006323,0.009741,0.010846,0.008701,0.011371,0.008248,1.109,2023-03-30,-0.011206,-0.017591,-0.016233,-0.006843,0.000892,1.109,1.096,-0.022163,-0.029049,-0.017809,1.103,1.103,0.00544,-0.003815,4482.96,仅买
0.011786,0.009856,0.010907,0.007846,0.011096,0.009181,1.113,2023-03-31,-0.005024,-0.010793,-0.011469,0.001083,0.005561,1.116,1.109,-0.00805,-0.028897,-0.012467,1.109,1.109,0.003607,-0.005059,0.0,未触发
0.006312,0.009146,0.010785,0.00814,0.011031,0.00884,1.119,2023-04-03,-0.000539,-0.005717,-0.00861,0.005057,0.008259,1.121,1.114,-0.008905,-0.029643,-0.001794,1.115,1.113,0.005391,-0.00617,0.0,未触发
0.006289,0.008261,0.01062,0.008129,0.010506,0.007228,1.123,2023-04-04,0.004849,0.000626,-0.003473,0.007926,0.012761,1.124,1.114,0.0,-0.019281,0.01267,1.119,1.119,0.003575,-0.006353,3077.63,仅买
0.008937,0.00844,0.010322,0.007179,0.010414,0.007929,1.119,2023-04-06,0.008079,0.004742,0.000148,0.008622,0.015493,1.124,1.116,0.003575,-0.010573,0.014453,1.123,1.123,-0.003562,-0.005959,-940.17,仅买
0.007124,0.008169,0.010193,0.00745,0.010325,0.00809,1.12,2023-04-07,0.004849,0.001791,-0.003177,0.002149,0.011175,1.123,1.116,-0.003562,-0.012357,0.014506,1.118,1.119,0.000894,-0.005121,0.0,未触发
0.006256,0.008082,0.010065,0.007439,0.010149,0.006983,1.118,2023-04-10,0.006018,0.00309,-0.002049,0.001073,0.011408,1.121,1.116,-0.002671,-0.007972,0.009919,1.12,1.12,-0.001786,-0.004059,1289.31,仅买
0.004464,0.007727,0.009447,0.005948,0.009885,0.006614,1.128,2023-04-11,0.003951,0.000895,-0.003654,-0.001607,0.008919,1.128,1.116,0.002691,0.008115,0.004492,1.119,1.118,0.008945,-0.002144,0.0,未触发
0.010733,0.007365,0.009352,0.007151,0.009886,0.007503,1.137,2023-04-12,0.010843,0.009577,0.005109,0.005706,0.017117,1.138,1.128,0.020814,0.005348,0.008043,1.129,1.128,0.007979,-0.000894,0.0,未触发
0.008865,0.007709,0.009082,0.008021,0.009855,0.007488,1.138,2023-04-13,0.016177,0.016585,0.012857,0.011206,0.024155,1.142,1.134,0.0271,0.020646,0.012467,1.137,1.137,0.00088,0.000671,0.0,未触发
0.007036,0.00778,0.008761,0.008878,0.009824,0.007471,1.136,2023-04-14,0.013899,0.017025,0.013688,0.008686,0.024041,1.142,1.131,0.031732,0.008865,0.016979,1.138,1.138,-0.001757,0.001746,1268.02,仅买
0.009666,0.007568,0.008712,0.008522,0.009794,0.008153,1.153,2023-04-17,0.009688,0.014422,0.012087,0.004066,0.021215,1.155,1.133,0.024346,0.0161,0.014286,1.136,1.136,0.014965,0.002956,0.0,未触发
0.019366,0.008874,0.00901,0.012023,0.010148,0.011133,1.157,2023-04-18,0.021167,0.028225,0.027049,0.012825,0.035303,1.157,1.15,0.035939,0.026714,0.031306,1.153,1.153,0.003469,0.003894,0.0,未触发
0.006071,0.008852,0.008556,0.011701,0.01003,0.010201,1.155,2023-04-19,0.021273,0.030047,0.030123,0.011187,0.03773,1.16,1.154,0.033959,0.033959,0.025709,1.157,1.157,-0.001729,0.005325,0.0,未触发
0.005186,0.008477,0.008458,0.010208,0.009707,0.009465,1.157,2023-04-20,0.016636,0.026621,0.027732,0.006273,0.034792,1.159,1.146,0.028495,0.032172,0.015831,1.154,1.155,0.001732,0.005901,2549.25,仅买
0.011255,0.00889,0.008529,0.007504,0.009759,0.010309,1.148,2023-04-21,0.015001,0.026847,0.02878,0.004689,0.035409,1.164,1.144,0.033959,0.030276,0.016696,1.157,1.157,-0.007779,0.006971,-3506.45,仅买
0.017286,0.009993,0.009038,0.011242,0.010041,0.011833,1.142,2023-04-24,0.004638,0.01773,0.020203,-0.005199,0.02642,1.155,1.14,0.025,0.022262,0.010563,1.146,1.148,-0.005226,0.007278,5621.79,双边
0.013066,0.010853,0.00929,0.013869,0.009915,0.010573,1.149,2023-04-25,-0.002707,0.011201,0.013879,-0.008508,0.020356,1.152,1.135,0.021467,0.024215,-0.00954,1.143,1.142,0.00613,0.007134,3449.21,仅买
0.014886,0.011268,0.009317,0.015079,0.009991,0.012336,1.15,2023-04-26,0.001569,0.015421,0.01928,-0.001043,0.025755,1.157,1.136,0.018617,0.039819,-0.006914,1.148,1.149,0.00087,0.007389,5611.4,双边
0.018277,0.01221,0.009959,0.01541,0.010125,0.014954,1.154,2023-04-27,0.001306,0.014378,0.019082,0.000696,0.025824,1.158,1.145,0.011434,0.038844,-0.004329,1.151,1.15,0.003478,0.007689,2990.82,仅买
0.011304,0.012636,0.010208,0.014822,0.010053,0.014964,1.17,2023-04-28,0.003391,0.015622,0.021842,0.004701,0.028597,1.17,1.152,0.01406,0.046238,-0.002593,1.154,1.154,0.013865,0.008431,0.0,未触发
0.015598,0.01323,0.010399,0.01506,0.010218,0.014626,1.19,2023-05-04,0.014304,0.026946,0.034422,0.014744,0.041852,1.194,1.161,0.02993,0.055005,0.019164,1.165,1.17,0.017094,0.010018,5528.2,双边
0.028205,0.014113,0.011494,0.018369,0.010711,0.017654,1.197,2023-05-05,0.028344,0.040983,0.050031,0.023568,0.058185,1.202,1.183,0.03209,0.069182,0.042032,1.191,1.19,0.005882,0.012219,3308.4,仅买
0.015966,0.015103,0.011977,0.019923,0.010739,0.01787,1.221,2023-05-08,0.03083,0.043546,0.05379,0.021157,0.06263,1.225,1.193,0.034572,0.069705,0.041775,1.196,1.197,0.02005,0.013698,0.0,未触发
0.026734,0.017258,0.012867,0.023635,0.011391,0.019561,1.205,2023-05-09,0.045556,0.059942,0.071711,0.029164,0.081871,1.232,1.205,0.057143,0.087266,0.061739,1.221,1.221,-0.013104,0.016098,5273.4,双边
0.022113,0.018344,0.013617,0.021604,0.011801,0.021723,1.185,2023-05-10,0.027631,0.042162,0.055136,0.00702,0.065853,1.207,1.18,0.041487,0.076854,0.044194,1.204,1.205,-0.016598,0.017602,-6692.69,仅买
0.022407,0.018856,0.014424,0.023751,0.01231,0.023085,1.185,2023-05-11,0.007396,0.021992,0.035749,-0.012171,0.046743,1.193,1.179,0.03223,0.058036,0.012821,1.184,1.185,0.0,0.01773,5438.51,双边
0.011814,0.01873,0.014792,0.018778,0.012437,0.019807,1.178,2023-05-12,0.003727,0.019048,0.033641,-0.011347,0.045358,1.194,1.177,0.037653,0.059928,-0.004202,1.184,1.185,-0.005907,0.017233,5438.51,双边
0.014346,0.018676,0.014972,0.016189,0.012437,0.019483,1.179,2023-05-15,-0.004647,0.010855,0.025358,-0.014061,0.037992,1.182,1.157,0.025239,0.044326,-0.015873,1.176,1.178,0.000849,0.015954,3775.89,仅买
0.021222,0.018971,0.01559,0.015794,0.012963,0.01838,1.172,2023-05-16,-0.006237,0.009893,0.024089,-0.006237,0.03773,1.202,1.17,0.025217,0.036939,-0.034398,1.181,1.179,-0.005937,0.013455,5452.8,双边
0.027142,0.020555,0.016596,0.020903,0.013657,0.019386,1.166,2023-05-17,-0.013634,0.002438,0.015979,-0.006611,0.030435,1.173,1.162,0.015598,0.029877,-0.027386,1.17,1.172,-0.005119,0.011157,-477.1,仅买
0.009386,0.019933,0.016582,0.01925,0.013577,0.016782,1.172,2023-05-18,-0.018353,-0.003972,0.009116,-0.008503,0.024005,1.181,1.166,-0.003419,0.026408,-0.016034,1.166,1.166,0.005146,0.009616,0.0,未触发
0.012864,0.018399,0.016256,0.016464,0.013796,0.016992,1.16,2023-05-19,-0.011804,0.000341,0.012585,-0.001193,0.028025,1.17,1.157,-0.015126,0.016479,-0.01097,1.17,1.172,-0.010239,0.007525,-3468.05,仅买
0.011092,0.017912,0.016508,0.011114,0.013956,0.016341,1.159,2023-05-22,-0.018862,-0.010028,0.001036,-0.008378,0.016786,1.165,1.155,-0.030911,0.002593,-0.01528,1.159,1.16,-0.000862,0.005492,1675.69,仅买
0.008621,0.016101,0.016679,0.010859,0.013945,0.013821,1.147,2023-05-23,-0.01454,-0.01105,-0.000862,-0.005833,0.015405,1.162,1.144,-0.050778,0.003463,-0.016964,1.16,1.159,-0.010354,0.003855,-4359.61,仅买
0.015531,0.015442,0.016893,0.011748,0.014225,0.011499,1.131,2023-05-24,-0.019909,-0.020872,-0.012002,-0.011888,0.004598,1.145,1.127,-0.048133,-0.008643,-0.021331,1.145,1.147,-0.013949,0.001967,-4852.18,仅买
0.015693,0.014771,0.016813,0.013281,0.01454,0.01276,1.123,2023-05-25,-0.029101,-0.033829,-0.026091,-0.019761,-0.009459,1.13,1.114,-0.04557,-0.014808,-0.030017,1.13,1.131,-0.007073,-4.3e-05,-1376.95,仅买
0.014147,0.015004,0.016867,0.015124,0.014863,0.013017,1.134,2023-05-26,-0.03081,-0.039884,-0.033119,-0.018357,-0.016451,1.136,1.119,-0.052321,-0.016637,-0.041809,1.123,1.123,0.009795,-0.001664,5292.32,双边
0.015138,0.015084,0.01688,0.014993,0.015009,0.013826,1.143,2023-05-29,-0.017586,-0.029857,-0.023816,-0.004215,-0.006976,1.15,1.131,-0.037351,-0.013055,-0.022414,1.137,1.134,0.007937,-0.002432,5666.0,双边
0.016755,0.014637,0.016804,0.015347,0.015272,0.015453,1.144,2023-05-30,-0.006692,-0.021865,-0.016238,0.006516,0.000686,1.15,1.13,-0.030534,-0.006087,-0.013805,1.143,1.143,0.000875,-0.002901,1262.31,仅买
0.017498,0.013672,0.017114,0.016464,0.015621,0.015846,1.133,2023-05-31,-0.003398,-0.02059,-0.015547,0.00793,0.001444,1.142,1.129,-0.023891,-0.008666,-0.002616,1.142,1.144,-0.009615,-0.002902,-2238.71,仅买
0.011364,0.01387,0.016902,0.015205,0.015678,0.01498,1.129,2023-06-01,-0.010135,-0.028469,-0.024929,-0.002114,-0.008055,1.139,1.124,-0.028302,-0.031624,0.001768,1.13,1.133,-0.00353,-0.003759,5701.1,双边
0.013239,0.013908,0.016154,0.014034,0.015474,0.014799,1.136,2023-06-02,-0.00991,-0.02936,-0.027702,-0.006687,-0.011297,1.138,1.13,-0.036689,-0.051261,0.005343,1.13,1.129,0.0062,-0.005557,0.0,未触发
0.007086,0.013507,0.01571,0.010563,0.015507,0.013188,1.142,2023-06-05,-0.00167,-0.020774,-0.021083,-0.00088,-0.005094,1.143,1.131,-0.02069,-0.050961,0.001764,1.136,1.136,0.005282,-0.007528,4791.04,仅买
0.010563,0.013701,0.014901,0.010296,0.015687,0.01195,1.133,2023-06-06,0.005105,-0.012239,-0.015546,0.004574,5.8e-05,1.151,1.13,-0.014668,-0.064701,-0.000875,1.14,1.142,-0.007881,-0.010611,-1365.25,仅买
0.018389,0.013987,0.014715,0.012013,0.015924,0.012128,1.144,2023-06-07,-0.001586,-0.016962,-0.02263,-0.00141,-0.007823,1.145,1.134,-0.012206,-0.059751,-0.009615,1.135,1.133,0.009709,-0.01327,0.0,未触发
0.009709,0.013389,0.01408,0.012887,0.015672,0.011797,1.155,2023-06-08,0.006954,-0.00565,-0.013027,0.006334,0.001591,1.157,1.136,0.011494,-0.034599,0.009709,1.144,1.144,0.009615,-0.013463,5630.9,双边
0.018357,0.01381,0.014407,0.015485,0.015848,0.012821,1.154,2023-06-09,0.01378,0.005222,-0.00391,0.011384,0.010543,1.158,1.15,0.028495,-0.025316,0.023029,1.155,1.155,-0.000866,-0.012165,815.93,仅买
0.006926,0.012989,0.014036,0.011664,0.015583,0.012789,1.146,2023-06-12,0.011128,0.005402,-0.004915,0.007332,0.009197,1.154,1.145,0.017637,-0.020374,0.015845,1.154,1.154,-0.006932,-0.010603,-1782.53,仅买
0.007799,0.012093,0.013365,0.011027,0.015234,0.012236,1.145,2023-06-13,0.003854,-0.000131,-0.0117,-0.000349,0.001734,1.15,1.141,0.002625,-0.02799,0.003503,1.145,1.146,-0.000873,-0.008649,1696.5,仅买
0.007853,0.011129,0.0124,0.007526,0.015119,0.010129,1.139,2023-06-14,0.00289,0.000175,-0.012307,-0.003308,0.000612,1.15,1.137,0.000874,-0.023038,0.010591,1.144,1.145,-0.00524,-0.006724,-923.77,仅买
0.011354,0.011128,0.012499,0.009002,0.014977,0.010458,1.139,2023-06-15,-0.002889,-0.003892,-0.016606,-0.007667,-0.004936,1.141,1.133,0.005296,-0.023156,-0.004371,1.14,1.139,0.0,-0.006128,1265.62,仅买
0.007024,0.010506,0.012207,0.008744,0.014271,0.008191,1.136,2023-06-16,-0.003761,-0.002452,-0.01516,-0.004893,-0.005168,1.143,1.132,0.008857,-0.028157,-0.013853,1.14,1.139,-0.002634,-0.006266,388.66,仅买
0.009658,0.010763,0.012135,0.009345,0.014061,0.008737,1.123,2023-06-19,-0.006385,-0.004033,-0.016024,-0.004382,-0.008034,1.136,1.123,0.0,-0.02069,-0.015598,1.136,1.136,-0.011444,-0.006273,-4010.52,仅买
0.011444,0.010851,0.012276,0.009375,0.013551,0.009466,1.116,2023-06-20,-0.016121,-0.013874,-0.024524,-0.011792,-0.019442,1.123,1.114,-0.016637,-0.031061,-0.02007,1.123,1.123,-0.006233,-0.006413,-1385.35,仅买
0.008014,0.009814,0.0119,0.009705,0.013081,0.009499,1.11,2023-06-21,-0.020795,-0.018685,-0.0281,-0.012913,-0.025455,1.118,1.109,-0.015004,-0.027027,-0.025328,1.115,1.116,-0.005376,-0.006595,-946.57,仅买
0.008065,0.009649,0.011519,0.009174,0.012603,0.008841,1.095,2023-06-26,-0.023145,-0.023059,-0.031216,-0.013158,-0.030511,1.109,1.089,-0.02972,-0.018568,-0.025461,1.109,1.11,-0.013514,-0.00634,-5909.92,仅买
0.018018,0.009615,0.011713,0.011366,0.01281,0.01104,1.115,2023-06-27,-0.031231,-0.035072,-0.041799,-0.018817,-0.043334,1.116,1.092,-0.051948,-0.024933,-0.03863,1.095,1.095,0.018265,-0.006131,0.0,未触发
0.021918,0.011115,0.012052,0.016,0.013062,0.013492,1.12,2023-06-28,-0.010121,-0.016625,-0.022501,0.002878,-0.026002,1.121,1.109,-0.033795,-0.016755,-0.018486,1.115,1.115,0.004484,-0.005918,3985.58,仅买
0.010762,0.011411,0.011752,0.016899,0.012714,0.013355,1.118,2023-06-29,-0.003381,-0.011212,-0.016422,0.007919,-0.02182,1.141,1.115,-0.022688,-0.020122,-0.002671,1.12,1.12,-0.001786,-0.005357,5306.71,双边
0.023214,0.012947,0.012038,0.018631,0.012583,0.016395,1.122,2023-06-30,-0.002765,-0.011844,-0.016624,0.005757,-0.02378,1.126,1.119,-0.023581,-0.022727,0.001792,1.119,1.118,0.003578,-0.005144,0.0,未触发
0.006261,0.012438,0.011783,0.013413,0.012478,0.016035,1.133,2023-07-03,0.002323,-0.007826,-0.011831,0.007181,-0.020472,1.136,1.122,-0.014925,-0.009709,0.010811,1.122,1.122,0.009804,-0.004709,0.0,未触发
0.012478,0.012983,0.011745,0.013984,0.012466,0.014927,1.13,2023-07-04,0.012692,0.001724,-0.000999,0.010164,-0.011157,1.134,1.125,-0.005268,0.003543,0.034703,1.134,1.133,-0.002648,-0.003305,-49.82,仅买
0.007944,0.012812,0.011787,0.008894,0.012361,0.012132,1.126,2023-07-05,0.010553,-0.000663,-0.002765,0.004802,-0.013933,1.133,1.124,-0.005282,-0.005282,0.013453,1.13,1.13,-0.00354,-0.002734,392.56,仅买
0.007965,0.012464,0.011657,0.009462,0.012339,0.011572,1.123,2023-07-06,0.006705,-0.003496,-0.00533,0.000178,-0.017466,1.13,1.119,0.002671,-0.014011,0.005357,1.126,1.126,-0.002664,-0.002428,394.16,仅买
0.009769,0.012639,0.011227,0.008559,0.012147,0.008883,1.126,2023-07-07,0.003395,-0.005711,-0.007278,-0.003372,-0.020141,1.13,1.12,0.006272,-0.008826,0.004472,1.122,1.123,0.002671,-0.001724,0.0,未触发
0.008905,0.012723,0.011186,0.008879,0.01192,0.009412,1.131,2023-07-10,0.00464,-0.00226,-0.00448,-0.001419,-0.017609,1.133,1.125,0.014414,-0.015734,0.003565,1.13,1.126,0.00444,-0.002034,2162.08,仅买
0.007105,0.011632,0.010624,0.008593,0.011686,0.008337,1.134,2023-07-11,0.00587,0.003238,-0.000295,0.003371,-0.013433,1.134,1.126,0.032877,-0.020779,-0.001765,1.131,1.131,0.002653,-0.003271,2602.05,仅买
0.007073,0.010148,0.010631,0.007694,0.011417,0.008163,1.128,2023-07-12,0.006837,0.006792,0.002357,0.005319,-0.010903,1.136,1.126,0.01704,-0.017331,0.00354,1.134,1.134,-0.005291,-0.003891,-1813.33,仅买
0.008818,0.009953,0.010682,0.007666,0.011152,0.008334,1.138,2023-07-13,0.000799,0.002266,-0.002506,-0.000354,-0.016007,1.144,1.128,0.007143,-0.015707,0.001776,1.128,1.128,0.008865,-0.003982,0.0,未触发
0.014184,0.00905,0.010999,0.010025,0.011042,0.009217,1.142,2023-07-14,0.007882,0.011466,0.006516,0.005833,-0.007284,1.145,1.138,0.017889,-0.006114,0.013357,1.142,1.138,0.003515,-0.003851,1263.51,仅买
0.006151,0.009039,0.010738,0.009718,0.010868,0.008666,1.136,2023-07-17,0.009637,0.014886,0.009785,0.006522,-0.003882,1.141,1.13,0.017825,0.002634,0.01421,1.141,1.142,-0.005254,-0.002924,-488.0,仅买
0.009632,0.008755,0.010869,0.009989,0.010748,0.009172,1.136,2023-07-18,0.004066,0.009688,0.004273,0.000352,-0.00887,1.139,1.13,0.002648,-0.002634,0.004421,1.136,1.136,0.0,-0.001996,1270.41,仅买
0.007923,0.008753,0.010782,0.007902,0.010776,0.009342,1.143,2023-07-19,0.003534,0.009688,0.004273,0.0,-0.008567,1.143,1.133,0.00531,0.0,0.001764,1.133,1.136,0.006162,-0.00111,0.0,未触发
0.008803,0.008836,0.01065,0.008786,0.010717,0.009339,1.14,2023-07-20,0.008203,0.015008,0.010431,0.003512,-0.002284,1.148,1.137,0.015098,0.017809,0.013298,1.143,1.143,-0.002625,0.000578,-49.82,仅买
0.009624,0.008822,0.010731,0.008783,0.010425,0.008427,1.14,2023-07-21,0.004051,0.011266,0.007572,0.000527,-0.004657,1.143,1.135,0.015138,0.021505,0.001757,1.14,1.14,0.0,0.001955,2142.58,仅买
0.007018,0.008633,0.010678,0.008481,0.010335,0.0086,1.141,2023-07-24,0.002815,0.009922,0.00769,0.000878,-0.004541,1.143,1.134,0.012433,0.027027,-0.001751,1.139,1.14,0.000877,0.003155,2583.45,仅买
0.007895,0.008712,0.010172,0.008179,0.009987,0.008252,1.161,2023-07-25,0.002812,0.008753,0.00899,0.000877,-0.003653,1.161,1.145,0.008842,0.042009,0.004401,1.145,1.141,0.017528,0.005333,0.0,未触发
0.014023,0.009407,0.009777,0.009645,0.010223,0.009472,1.161,2023-07-26,0.017975,0.024352,0.026465,0.013974,0.013634,1.163,1.157,0.02381,0.041256,0.022007,1.16,1.161,0.0,0.007377,0.0,未触发
0.005168,0.009042,0.009498,0.009028,0.010135,0.008745,1.165,2023-07-27,0.015038,0.022502,0.026011,0.010796,0.013472,1.172,1.161,0.029255,0.036607,0.015748,1.161,1.161,0.003445,0.008303,0.0,未触发
0.009475,0.008571,0.008811,0.009555,0.010189,0.008716,1.184,2023-07-28,0.016136,0.023906,0.02894,0.009882,0.016801,1.186,1.16,0.023726,0.042039,0.02193,1.163,1.165,0.016309,0.009314,0.0,未触发
0.022318,0.010188,0.009613,0.01232,0.010555,0.011776,1.193,2023-07-31,0.028939,0.037777,0.044337,0.018582,0.033174,1.202,1.187,0.036778,0.055258,0.038596,1.187,1.184,0.007601,0.010719,0.0,未触发
0.012669,0.010491,0.009623,0.01482,0.010743,0.01273,1.193,2023-08-01,0.03165,0.042923,0.050608,0.017224,0.040982,1.198,1.189,0.050176,0.052957,0.045574,1.191,1.193,0.0,0.011316,0.0,未触发
0.007544,0.010453,0.009603,0.014177,0.010673,0.011435,1.183,2023-08-02,0.02659,0.040059,0.048853,0.011703,0.041042,1.193,1.179,0.050176,0.055752,0.027562,1.192,1.193,-0.008382,0.012043,-2566.1,仅买
0.011735,0.010747,0.009792,0.010649,0.010682,0.012748,1.191,2023-08-03,0.014493,0.028785,0.038235,-0.000507,0.032887,1.191,1.176,0.034996,0.050622,0.018949,1.181,1.183,0.006762,0.012726,5452.8,双边
0.01268,0.011052,0.009937,0.010653,0.010838,0.013389,1.185,2023-08-04,0.016906,0.032689,0.042968,0.001851,0.040084,1.202,1.184,0.044737,0.060552,0.022318,1.193,1.191,-0.005038,0.013623,-887.99,仅买
0.015113,0.011862,0.010247,0.013176,0.011073,0.011948,1.177,2023-08-07,0.00791,0.024865,0.035447,-0.003364,0.034844,1.184,1.172,0.039474,0.052398,0.000845,1.184,1.185,-0.006751,0.013454,-1738.54,仅买
0.010127,0.012085,0.010399,0.01264,0.01081,0.01144,1.173,2023-08-08,-0.00195,0.015925,0.026006,-0.007421,0.027978,1.179,1.17,0.031551,0.040672,-0.013412,1.173,1.177,-0.003398,0.012807,0.0,未触发
0.007647,0.011447,0.010427,0.010962,0.010334,0.01146,1.17,2023-08-09,-0.006353,0.010771,0.020799,-0.007446,0.024559,1.174,1.167,0.010336,0.034392,-0.016764,1.173,1.173,-0.002558,0.011726,-476.0,仅买
0.005968,0.011527,0.010285,0.007914,0.010174,0.010307,1.175,2023-08-10,-0.00965,0.006365,0.016713,-0.007802,0.022072,1.177,1.168,0.007752,0.037234,-0.010989,1.17,1.17,0.004274,0.011044,0.0,未触发
0.007692,0.011349,0.00996,0.007102,0.009657,0.009309,1.159,2023-08-11,-0.006258,0.00906,0.019375,-0.00085,0.026395,1.177,1.157,0.008584,0.032513,-0.013434,1.177,1.175,-0.013617,0.009668,-5996.73,仅买
0.017021,0.01082,0.010504,0.010227,0.010015,0.009691,1.156,2023-08-14,-0.017713,-0.005406,0.00442,-0.010079,0.012522,1.159,1.142,-0.021115,0.014886,-0.021941,1.156,1.159,-0.002588,0.007827,1680.09,仅买
0.014668,0.011019,0.010755,0.013127,0.010088,0.010599,1.165,2023-08-15,-0.017174,-0.008831,0.001155,-0.009086,0.010136,1.167,1.154,-0.031014,0.017606,-0.017842,1.156,1.156,0.007785,0.006689,0.0,未触发
0.011246,0.01139,0.010922,0.014312,0.010199,0.011319,1.164,2023-08-16,-0.007159,-0.002355,0.007931,0.0,0.017927,1.17,1.155,-0.02347,0.025528,-0.00682,1.162,1.165,-0.000858,0.006247,2101.08,仅买
0.012876,0.011504,0.011125,0.01293,0.010362,0.012701,1.163,2023-08-17,-0.006402,-0.004107,0.005963,0.000172,0.016979,1.165,1.153,-0.016061,0.018373,-0.005128,1.161,1.164,-0.000859,0.005333,2533.65,仅买
0.010309,0.011267,0.011159,0.011477,0.01038,0.013224,1.158,2023-08-18,-0.004877,-0.00594,0.003942,0.001378,0.015868,1.175,1.157,-0.02351,0.020175,-0.010213,1.163,1.163,-0.004299,0.004723,-49.83,仅买
0.015477,0.011303,0.011582,0.012887,0.010599,0.012915,1.149,2023-08-21,-0.006861,-0.010975,-0.001294,-0.002756,0.011104,1.163,1.147,-0.022785,0.015789,-0.000863,1.158,1.158,-0.007772,0.004763,-2208.21,仅买
0.013817,0.011672,0.011879,0.013201,0.010823,0.012745,1.159,2023-08-22,-0.012208,-0.018997,-0.009568,-0.009312,0.002866,1.159,1.144,-0.023789,0.007011,-0.006055,1.154,1.149,0.008703,0.004244,2982.43,仅买
0.013055,0.012213,0.01183,0.014116,0.011022,0.013107,1.155,2023-08-23,-0.00241,-0.010374,-0.001665,0.000345,0.011226,1.164,1.152,-0.011935,-0.001723,-0.00515,1.157,1.159,-0.003451,0.002912,1246.41,仅买
0.010354,0.012651,0.012089,0.012409,0.011074,0.012602,1.147,2023-08-24,-0.004568,-0.013537,-0.005882,-0.001556,0.00756,1.158,1.144,-0.012821,-0.005168,-0.007732,1.155,1.155,-0.006926,0.001754,-1781.34,仅买
0.012121,0.013094,0.012222,0.011843,0.011005,0.012965,1.15,2023-08-25,-0.009071,-0.019616,-0.013022,-0.005721,0.000538,1.157,1.143,-0.02383,-0.015451,-0.013758,1.146,1.147,0.002616,0.0,0.0,未触发
0.012206,0.012613,0.011716,0.01156,0.011207,0.01231,1.164,2023-08-28,-0.005706,-0.015622,-0.010668,-0.001736,0.002907,1.212,1.163,-0.007765,-0.028716,-0.006908,1.212,1.15,0.012174,-0.002221,-16961.48,仅买
0.042609,0.015407,0.013213,0.022312,0.012306,0.018069,1.169,2023-08-29,0.005702,-0.0024,0.000573,0.007792,0.0146,1.171,1.157,0.00692,-0.024308,0.013055,1.167,1.164,0.004296,-0.003799,1663.69,仅买
0.012027,0.015485,0.013437,0.022281,0.012443,0.017863,1.162,2023-08-30,0.009674,0.002917,0.003922,0.010372,0.01847,1.17,1.157,0.003433,-0.020117,0.008628,1.168,1.169,-0.005988,-0.004739,-2189.71,仅买
0.011121,0.01531,0.013407,0.021919,0.01252,0.018017,1.148,2023-08-31,0.003801,-0.00219,-0.002632,0.003108,0.012078,1.164,1.146,-0.001718,-0.017751,0.006061,1.159,1.162,-0.012048,-0.005381,-2638.1,仅买
0.015491,0.015828,0.013547,0.01288,0.012716,0.018691,1.161,2023-09-01,-0.007006,-0.012388,-0.014874,-0.009149,-0.000334,1.163,1.15,-0.012898,-0.036104,0.000872,1.15,1.148,0.011324,-0.006453,0.0,未触发
0.011324,0.015412,0.013358,0.012645,0.012859,0.018514,1.177,2023-09-04,0.003978,-0.000172,-0.004317,0.000172,0.010737,1.18,1.163,0.002591,-0.020253,0.009565,1.163,1.161,0.013781,-0.006035,0.0,未触发
0.014643,0.015495,0.013583,0.013819,0.013084,0.012921,1.169,2023-09-05,0.015355,0.013607,0.008367,0.01169,0.024339,1.178,1.166,0.024369,0.0,0.011168,1.178,1.177,-0.006797,-0.004799,-2171.72,仅买
0.010195,0.015209,0.013711,0.012054,0.012956,0.012555,1.169,2023-09-06,0.007585,0.006891,0.001285,0.004813,0.017156,1.17,1.163,0.008628,-0.00341,0.0,1.165,1.169,0.0,-0.003946,0.0,未触发
0.005988,0.014772,0.013712,0.010275,0.012984,0.011528,1.161,2023-09-07,0.006371,0.006934,0.001056,0.003606,0.016816,1.172,1.16,0.012121,-0.000855,0.006024,1.167,1.169,-0.006843,-0.003091,-478.2,仅买
0.010265,0.014587,0.013841,0.008816,0.01301,0.010483,1.156,2023-09-08,-0.00172,0.000646,-0.005681,-0.005482,0.009624,1.161,1.151,0.012206,-0.011915,0.011324,1.161,1.161,-0.004307,-0.00185,-910.98,仅买
0.008613,0.014228,0.01342,0.008289,0.012553,0.009941,1.163,2023-09-11,-0.006531,-0.003534,-0.009171,-0.008916,0.005028,1.165,1.156,0.005217,-0.002588,-0.004307,1.156,1.156,0.006055,-0.000947,0.0,未触发
0.007785,0.010745,0.013076,0.008888,0.012391,0.008569,1.163,2023-09-12,-0.00043,0.002197,-0.002316,-0.000516,0.010762,1.165,1.161,-0.000859,0.006055,-0.011895,1.163,1.163,0.0,-0.000646,0.0,未触发
0.003439,0.009886,0.012686,0.006613,0.012254,0.007218,1.166,2023-09-13,8.6e-05,0.002284,-0.00146,0.000516,0.010367,1.17,1.161,-0.005133,-0.001717,-0.005133,1.163,1.163,0.00258,-0.00056,0.0,未触发
0.007739,0.009548,0.012429,0.006321,0.01212,0.007568,1.176,2023-09-14,0.002321,0.004783,0.001603,0.003615,0.012343,1.177,1.163,0.003442,0.001718,-0.002566,1.166,1.166,0.008576,-0.000431,0.0,未触发
0.012007,0.0092,0.012514,0.007728,0.012098,0.007917,1.177,2023-09-15,0.00849,0.012833,0.010628,0.009615,0.02014,1.184,1.172,0.02439,0.011178,0.01292,1.178,1.176,0.00085,0.000733,-474.2,仅买
0.010204,0.009088,0.01225,0.009983,0.011934,0.008235,1.175,2023-09-18,0.007964,0.012865,0.011719,0.006843,0.020019,1.177,1.167,0.013781,0.016408,0.018166,1.176,1.177,-0.001699,0.001681,1225.41,仅买
0.008496,0.008473,0.011984,0.010236,0.01188,0.008377,1.184,2023-09-19,0.006424,0.010014,0.010058,0.003073,0.017111,1.186,1.174,-0.001699,0.022628,0.010318,1.175,1.175,0.00766,0.002499,0.0,未触发
0.010213,0.008475,0.011842,0.009638,0.011966,0.009732,1.188,2023-09-20,0.012831,0.016658,0.017474,0.007145,0.023882,1.19,1.177,0.012831,0.02157,0.018057,1.182,1.184,0.003378,0.003663,3756.98,仅买
0.01098,0.008974,0.011873,0.009896,0.012133,0.01038,1.179,2023-09-21,0.014604,0.01865,0.020385,0.00678,0.026335,1.189,1.177,0.016253,0.028571,0.018868,1.185,1.188,-0.007576,0.004998,-1315.46,仅买
0.010101,0.008958,0.011772,0.010431,0.012213,0.009999,1.183,2023-09-22,0.005372,0.009547,0.012539,-0.001355,0.017666,1.184,1.172,0.015504,0.027899,0.002551,1.176,1.179,0.003393,0.005813,4626.04,仅买
0.010178,0.009114,0.011671,0.01042,0.011985,0.009994,1.181,2023-09-25,0.006466,0.011543,0.015276,0.001015,0.020223,1.187,1.178,0.023356,0.028696,0.005098,1.184,1.183,-0.001691,0.006411,-49.82,仅买
0.007608,0.009096,0.009921,0.009296,0.01175,0.009816,1.176,2023-09-26,0.003228,0.0091,0.012836,-0.001691,0.017796,1.181,1.173,0.015477,0.014605,0.005106,1.18,1.181,-0.004234,0.006017,-897.18,仅买
0.006774,0.00943,0.009658,0.008187,0.0116,0.009128,1.172,2023-09-27,-0.002121,0.004527,0.00823,-0.004571,0.012818,1.177,1.17,0.011178,0.005988,-0.006757,1.172,1.176,-0.003401,0.005238,0.0,未触发
0.005952,0.009251,0.0094,0.006778,0.01137,0.008123,1.171,2023-09-28,-0.006022,0.000683,0.004571,-0.005262,0.008707,1.177,1.17,0.005146,0.008606,-0.013468,1.176,1.172,-0.000853,0.004244,-474.9,仅买
0.005973,0.008648,0.008924,0.006233,0.011225,0.007297,1.167,2023-10-09,-0.006448,-0.001152,0.003485,-0.004759,0.007153,1.17,1.158,-0.004252,0.020035,-0.006785,1.17,1.171,-0.003416,0.003853,804.73,仅买
0.010248,0.008652,0.00887,0.007391,0.011051,0.007311,1.157,2023-10-10,-0.009001,-0.004818,-0.0002,-0.005454,0.003123,1.17,1.156,-0.008496,0.005168,-0.013525,1.167,1.167,-0.008569,0.002693,-2620.09,仅买
0.011997,0.009002,0.008738,0.009406,0.01099,0.008189,1.153,2023-10-11,-0.015989,-0.012504,-0.008994,-0.009926,-0.005843,1.159,1.149,-0.015319,-0.016992,-0.020322,1.157,1.157,-0.003457,0.001111,-481.9,仅买
0.008643,0.008845,0.00866,0.010296,0.010843,0.008562,1.163,2023-10-12,-0.016799,-0.015245,-0.01225,-0.00945,-0.009549,1.165,1.155,-0.026182,-0.013687,-0.019558,1.155,1.153,0.008673,0.000128,0.0,未触发
0.008673,0.008615,0.008794,0.009771,0.010787,0.009107,1.162,2023-10-13,-0.006153,-0.00645,-0.003911,0.000688,-0.00146,1.165,1.157,-0.021044,-0.005133,-0.007679,1.16,1.163,-0.00086,-0.000555,0.0,未触发
0.006879,0.008292,0.008625,0.008065,0.010612,0.009288,1.164,2023-10-16,-0.005563,-0.007347,-0.005194,0.001379,-0.002661,1.165,1.157,-0.014419,0.000861,-0.007686,1.163,1.162,0.001721,-0.001493,1669.69,仅买
0.006885,0.007963,0.008539,0.007479,0.010435,0.008615,1.167,2023-10-17,-0.002229,-0.005978,-0.00388,0.003621,-0.001258,1.167,1.161,-0.016061,0.00692,-0.002571,1.165,1.164,0.002577,-0.001407,2095.57,仅买
0.005155,0.007718,0.008407,0.006306,0.009186,0.007247,1.157,2023-10-18,0.001545,-0.003586,-0.001398,0.004476,0.000872,1.167,1.156,-0.011854,0.003439,0.008643,1.167,1.167,-0.008569,-0.000384,-2620.09,仅买
0.009426,0.007983,0.008706,0.007155,0.0091,0.007403,1.138,2023-10-19,-0.005416,-0.011871,-0.009616,-0.004817,-0.008002,1.155,1.138,-0.016156,-0.005159,0.003469,1.155,1.157,-0.016422,4.3e-05,-5244.37,仅买
0.014693,0.008857,0.009054,0.009758,0.009219,0.008607,1.131,2023-10-20,-0.018881,-0.026935,-0.025212,-0.016932,-0.024223,1.139,1.129,-0.02901,-0.024014,-0.021496,1.136,1.138,-0.006151,-0.000897,-489.9,仅买
0.008787,0.009138,0.008893,0.010969,0.008995,0.008989,1.12,2023-10-23,-0.021542,-0.031056,-0.030738,-0.017718,-0.0301,1.131,1.112,-0.034159,-0.038265,-0.026678,1.131,1.131,-0.009726,-0.002862,-4911.57,仅买
0.016799,0.009794,0.009223,0.013427,0.009178,0.010972,1.125,2023-10-24,-0.027102,-0.038131,-0.039039,-0.019779,-0.039259,1.128,1.116,-0.040274,-0.048428,-0.037801,1.123,1.12,0.004464,-0.005636,2621.25,仅买
0.010714,0.009665,0.009334,0.0121,0.009047,0.012084,1.135,2023-10-25,-0.020035,-0.031758,-0.033311,-0.008111,-0.034749,1.139,1.13,-0.027658,-0.042553,-0.03599,1.13,1.125,0.008889,-0.007941,0.0,未触发
0.008,0.009601,0.009223,0.011838,0.008974,0.011799,1.142,2023-10-26,-0.009771,-0.021088,-0.023768,0.004603,-0.025807,1.142,1.13,-0.015611,-0.041385,-0.019015,1.133,1.135,0.006167,-0.009779,0.0,未触发
0.010573,0.009791,0.009203,0.009762,0.009127,0.010975,1.146,2023-10-27,-0.001836,-0.013093,-0.016986,0.010083,-0.019532,1.15,1.138,-0.018057,-0.038721,0.003515,1.142,1.142,0.003503,-0.01056,3452.4,仅买
0.010508,0.010154,0.009223,0.009694,0.009135,0.011319,1.133,2023-10-30,0.003063,-0.008222,-0.013118,0.010939,-0.01583,1.146,1.132,-0.013769,-0.02799,0.013263,1.146,1.146,-0.011344,-0.010066,-3103.77,仅买
0.012216,0.010687,0.009325,0.011099,0.009255,0.010402,1.135,2023-10-31,-0.005617,-0.017346,-0.023669,-0.002816,-0.026284,1.137,1.127,-0.026632,-0.042265,0.011607,1.132,1.133,0.001765,-0.00979,3041.23,仅买
0.008826,0.011054,0.009386,0.010517,0.009289,0.010025,1.134,2023-11-01,-0.001056,-0.013644,-0.021158,-0.002811,-0.023754,1.135,1.127,-0.027421,-0.03895,0.008889,1.135,1.135,-0.000881,-0.009639,831.14,仅买
0.007048,0.010817,0.0094,0.009364,0.00941,0.009834,1.135,2023-11-02,8.8e-05,-0.012711,-0.021204,-0.003515,-0.023788,1.14,1.132,-0.019879,-0.035714,-0.000881,1.132,1.134,0.000882,-0.009358,0.0,未触发
0.007055,0.010053,0.009455,0.007643,0.009387,0.009131,1.132,2023-11-03,0.001235,-0.010246,-0.019467,-0.001408,-0.022254,1.138,1.13,-0.002636,-0.03157,-0.00613,1.135,1.135,-0.002643,-0.008988,-49.82,仅买
0.007048,0.009879,0.009509,0.007051,0.009222,0.008439,1.129,2023-11-06,-0.0015,-0.011181,-0.020818,-0.001588,-0.024012,1.135,1.125,0.000884,-0.033305,-0.012216,1.134,1.132,-0.00265,-0.00926,-1372.46,仅买
0.008834,0.009082,0.009438,0.007646,0.009176,0.007762,1.128,2023-11-07,-0.004936,-0.012162,-0.022059,-0.00353,-0.025814,1.131,1.122,0.008036,-0.032562,-0.00353,1.129,1.129,-0.000886,-0.00876,392.96,仅买
0.007972,0.008808,0.009237,0.007951,0.009159,0.007591,1.125,2023-11-08,-0.00608,-0.011783,-0.021598,-0.003181,-0.025991,1.13,1.122,0.002667,-0.025065,-0.006167,1.127,1.128,-0.00266,-0.008039,1280.92,仅买
0.007092,0.008717,0.009159,0.007966,0.009055,0.0076,1.134,2023-11-09,-0.007849,-0.013201,-0.022532,-0.004249,-0.02791,1.135,1.124,-0.008811,-0.024284,-0.007937,1.125,1.125,0.008,-0.007444,0.0,未触发
0.009778,0.008638,0.009214,0.008281,0.009014,0.008145,1.129,2023-11-10,0.000794,-0.00404,-0.013169,0.003895,-0.019625,1.132,1.125,-0.007005,-0.024936,-0.000881,1.132,1.134,-0.004409,-0.007107,833.34,仅买
0.006173,0.008204,0.009179,0.007681,0.008884,0.00797,1.131,2023-11-13,-0.002121,-0.006992,-0.016093,0.0,-0.0233,1.132,1.122,-0.014834,-0.028399,-0.00265,1.13,1.129,0.001771,-0.006857,1719.7,仅买
0.008857,0.007868,0.009278,0.008269,0.00884,0.007974,1.13,2023-11-14,-0.000177,-0.003788,-0.012859,0.001417,-0.021175,1.132,1.125,-0.001765,-0.028351,0.001771,1.131,1.131,-0.000884,-0.00665,834.14,仅买
0.006189,0.007605,0.009329,0.007073,0.008792,0.007618,1.135,2023-11-15,-0.000619,-0.003044,-0.012267,0.000177,-0.021673,1.135,1.132,-0.004405,-0.031705,0.001773,1.134,1.13,0.004425,-0.007009,0.0,未触发
0.002655,0.007165,0.008991,0.0059,0.008655,0.00673,1.135,2023-11-16,0.003714,0.00234,-0.006709,0.002827,-0.016919,1.136,1.13,0.000882,-0.019015,0.008889,1.134,1.135,0.0,-0.006754,1272.81,仅买
0.005286,0.006988,0.008521,0.00471,0.008633,0.005832,1.131,2023-11-17,0.003714,0.002473,-0.005636,0.00265,-0.016507,1.133,1.126,0.0,-0.002636,0.000882,1.131,1.135,-0.003524,-0.005621,1276.12,仅买
0.006167,0.0069,0.00839,0.004703,0.008639,0.005831,1.134,2023-11-20,0.000265,-0.00106,-0.007982,-0.001236,-0.01952,1.135,1.127,-0.000883,0.0,0.001771,1.13,1.131,0.002653,-0.004178,0.0,未触发
0.007073,0.006724,0.007903,0.006176,0.008533,0.005474,1.139,2023-11-21,0.002475,0.000971,-0.00439,0.000883,-0.016578,1.145,1.133,0.004429,0.0125,0.002653,1.134,1.134,0.004409,-0.002114,0.0,未触发
0.010582,0.006985,0.007897,0.007941,0.008486,0.006353,1.136,2023-11-22,0.005917,0.004764,0.000527,0.003701,-0.012099,1.143,1.135,0.009752,0.012444,0.007965,1.135,1.139,-0.002634,0.000132,0.0,未触发
0.007024,0.006978,0.007848,0.008226,0.008432,0.007227,1.141,2023-11-23,0.002294,0.002073,-0.001611,0.000881,-0.014374,1.144,1.133,0.009778,0.000881,0.000881,1.135,1.136,0.004401,0.001148,0.0,未触发
0.009683,0.006969,0.007803,0.009096,0.008466,0.008106,1.144,2023-11-24,0.006084,0.006528,0.00343,0.004225,-0.009835,1.146,1.14,0.006173,-0.000876,0.005286,1.141,1.141,0.002629,0.001237,0.0,未触发
0.005259,0.006878,0.007541,0.007322,0.008412,0.007924,1.14,2023-11-27,0.007397,0.009263,0.006599,0.004566,-0.007189,1.143,1.135,0.013286,-0.001745,0.011494,1.143,1.144,-0.003497,0.001148,387.56,仅买
0.006993,0.006691,0.00728,0.007312,0.008416,0.007908,1.141,2023-11-28,0.00308,0.005424,0.003786,0.0,-0.010517,1.141,1.133,0.007958,0.006178,0.005291,1.139,1.14,0.000877,0.000839,2144.58,仅买
0.007018,0.006774,0.007189,0.006423,0.008478,0.007195,1.135,2023-11-29,0.002989,0.00604,0.005434,0.000526,-0.009319,1.141,1.132,0.009735,0.005286,0.001756,1.14,1.141,-0.005259,0.000485,-488.29,仅买
0.007888,0.007297,0.007231,0.007299,0.008426,0.007368,1.135,2023-11-30,-0.002286,0.000705,0.000794,-0.004561,-0.014044,1.137,1.131,0.0,0.000882,-0.00088,1.133,1.135,0.0,0.000485,0.0,未触发
0.005286,0.007297,0.007143,0.006731,0.008113,0.006489,1.142,2023-12-01,-0.002286,0.000705,0.000882,-0.003512,-0.013658,1.143,1.135,0.0,0.0,-0.005259,1.135,1.135,0.006167,0.000529,0.0,未触发
0.007048,0.007385,0.007143,0.006741,0.008055,0.006847,1.14,2023-12-04,0.002898,0.006433,0.006729,0.002986,-0.007489,1.143,1.137,0.009726,0.008834,-0.001748,1.142,1.142,-0.001751,0.001059,1701.29,仅买
0.005254,0.007203,0.006964,0.005863,0.00767,0.006499,1.126,2023-12-05,0.000614,0.004184,0.004376,0.00123,-0.008925,1.139,1.125,0.005291,0.009743,0.0,1.138,1.14,-0.012281,0.001235,-2685.48,仅买
0.012281,0.007373,0.007179,0.008194,0.007722,0.007551,1.126,2023-12-06,-0.010545,-0.008061,-0.007988,-0.008454,-0.020373,1.128,1.116,-0.011414,-0.001773,-0.013146,1.126,1.126,0.0,0.000882,1282.12,仅买
0.010657,0.007737,0.007358,0.009397,0.007811,0.008105,1.127,2023-12-07,-0.009675,-0.008104,-0.007726,-0.00688,-0.019761,1.13,1.119,-0.008803,0.000889,-0.00793,1.125,1.126,0.000888,0.000882,2172.07,仅买
0.009769,0.007745,0.007357,0.010902,0.007784,0.009002,1.125,2023-12-08,-0.007573,-0.006917,-0.006406,-0.004593,-0.018293,1.131,1.122,-0.01227,-0.006173,-0.007048,1.127,1.127,-0.001775,0.000573,837.34,仅买
0.007986,0.008018,0.007448,0.009471,0.0077,0.009189,1.137,2023-12-11,-0.007674,-0.008505,-0.007557,-0.003366,-0.019522,1.138,1.11,-0.016608,-0.003543,-0.014886,1.12,1.125,0.010667,-4.4e-05,5306.71,双边
0.024889,0.009808,0.008249,0.014215,0.008122,0.013116,1.143,2023-12-12,0.003176,0.001806,0.002911,0.0078,-0.00879,1.143,1.129,-0.002632,0.005305,-0.002632,1.135,1.137,0.005277,-0.000264,5235.92,仅买
0.012313,0.010337,0.008556,0.015063,0.008239,0.013123,1.135,2023-12-13,0.008292,0.006516,0.007966,0.010074,-0.00327,1.143,1.134,0.001753,0.011504,0.015098,1.14,1.143,-0.006999,0.000396,-488.29,仅买
0.007874,0.010336,0.008817,0.015025,0.008266,0.012566,1.135,2023-12-14,0.001235,-0.000528,0.000882,0.001412,-0.009843,1.139,1.134,0.0,0.0,0.007993,1.136,1.135,0.0,0.000352,0.0,未触发
0.004405,0.010248,0.008772,0.008197,0.008178,0.011493,1.129,2023-12-15,0.001235,-0.000528,0.000882,0.0,-0.009397,1.137,1.125,0.0,0.0,0.007098,1.135,1.135,-0.005286,0.000661,-1811.73,仅买
0.010573,0.0106,0.008993,0.007617,0.008295,0.012011,1.126,2023-12-18,-0.002914,-0.005724,-0.004321,-0.005987,-0.013959,1.132,1.122,-0.011384,-0.001768,0.003556,1.125,1.129,-0.002657,0.000749,0.0,未触发
0.008857,0.01096,0.009082,0.007945,0.008296,0.008804,1.123,2023-12-19,-0.004333,-0.008017,-0.00688,-0.006704,-0.015849,1.125,1.118,-0.012281,-0.007055,-0.009675,1.125,1.126,-0.002664,0.000132,-49.82,仅买
0.006217,0.010354,0.008864,0.008549,0.008238,0.007585,1.118,2023-12-20,-0.006722,-0.009962,-0.00938,-0.005843,-0.017727,1.128,1.118,-0.002664,-0.014047,-0.017498,1.123,1.123,-0.004452,-0.001145,-49.82,仅买
0.008905,0.010179,0.008958,0.007993,0.008298,0.007791,1.117,2023-12-21,-0.010444,-0.013587,-0.013587,-0.007281,-0.021159,1.118,1.107,-0.007105,-0.015845,-0.014978,1.116,1.118,-0.000894,-0.001937,846.14,仅买
0.009839,0.010186,0.008966,0.00832,0.0083,0.008878,1.114,2023-12-22,-0.010454,-0.013425,-0.013977,-0.004988,-0.02102,1.121,1.112,-0.008873,-0.021034,-0.015859,1.117,1.117,-0.002686,-0.002994,397.76,仅买
0.008057,0.010193,0.009105,0.008934,0.008363,0.008375,1.114,2023-12-25,-0.012149,-0.01477,-0.016191,-0.005002,-0.022721,1.115,1.107,-0.009778,-0.026224,-0.013286,1.114,1.114,0.0,-0.004227,1745.29,仅买
0.007181,0.008422,0.009115,0.008359,0.008307,0.00804,1.111,2023-12-26,-0.01013,-0.013636,-0.015698,-0.002864,-0.021734,1.122,1.108,-0.020229,-0.022807,-0.010657,1.114,1.114,-0.002693,-0.005022,-49.82,仅买
0.012567,0.008448,0.009392,0.009269,0.00852,0.00931,1.117,2023-12-27,-0.00998,-0.014984,-0.017799,-0.003409,-0.023368,1.117,1.105,-0.027997,-0.026293,-0.010686,1.111,1.111,0.005401,-0.005642,3550.01,仅买
0.010801,0.00874,0.009538,0.010183,0.008791,0.009689,1.115,2023-12-28,-0.003035,-0.008873,-0.011971,0.002153,-0.017244,1.118,1.111,-0.015859,-0.015859,-0.000894,1.116,1.117,-0.001791,-0.005647,846.14,仅买
0.006267,0.008926,0.009587,0.009878,0.008824,0.008975,1.118,2023-12-29,-0.00304,-0.009769,-0.013158,0.000718,-0.018183,1.12,1.113,-0.017621,-0.017621,-0.001791,1.114,1.115,0.002691,-0.005476,0.0,未触发
0.006278,0.008497,0.009549,0.007782,0.008827,0.008619,1.13,2024-01-02,0.000627,-0.006046,-0.010123,0.002691,-0.014775,1.135,1.117,-0.009743,-0.021016,0.003591,1.117,1.118,0.010733,-0.005218,0.0,未触发
0.0161,0.009221,0.010091,0.009548,0.009128,0.010403,1.141,2024-01-03,0.011005,0.00507,0.00062,0.010553,-0.003659,1.144,1.13,0.003552,-0.008772,0.014363,1.131,1.13,0.009735,-0.004516,0.0,未触发
0.012389,0.009839,0.010096,0.011589,0.009189,0.010367,1.147,2024-01-04,0.019205,0.014177,0.010301,0.014944,0.006276,1.148,1.138,0.016028,0.013321,0.027003,1.142,1.141,0.005259,-0.002527,4327.96,仅买
0.008764,0.009824,0.010002,0.012418,0.009247,0.00996,1.15,2024-01-05,0.021917,0.01856,0.015284,0.014865,0.011657,1.165,1.144,0.025939,0.01865,0.026858,1.147,1.147,0.002616,-0.000799,0.0,未触发
0.018309,0.010671,0.010429,0.013154,0.009534,0.012368,1.137,2024-01-08,0.021587,0.020182,0.017669,0.011256,0.014497,1.146,1.135,0.029543,0.020408,0.03139,1.146,1.15,-0.011304,0.00111,-1794.94,仅买
0.009565,0.010822,0.010508,0.012213,0.009678,0.013026,1.145,2024-01-09,0.007979,0.008113,0.006373,-0.003506,0.003398,1.146,1.13,0.020646,0.010667,0.016995,1.135,1.137,0.007036,0.002712,5676.39,双边
0.014072,0.011511,0.009967,0.013982,0.009914,0.01262,1.139,2024-01-10,0.012289,0.014846,0.013304,0.000874,0.01074,1.145,1.136,0.027828,0.007036,0.013274,1.143,1.145,-0.00524,0.003513,-487.2,仅买
0.00786,0.011041,0.009744,0.010499,0.009942,0.011714,1.134,2024-01-11,0.004498,0.009707,0.008054,-0.004022,0.005858,1.138,1.129,0.025203,-0.0035,-0.001753,1.135,1.139,-0.00439,0.002667,831.14,仅买
0.007902,0.010751,0.009745,0.009945,0.009942,0.011542,1.135,2024-01-12,-0.001409,0.005319,0.003658,-0.006135,0.001782,1.139,1.129,0.015219,-0.000881,-0.011334,1.13,1.134,0.000882,0.001687,0.0,未触发
0.008818,0.011006,0.009966,0.008193,0.01006,0.009644,1.139,2024-01-15,-0.002286,0.006206,0.004543,-0.002636,0.002709,1.141,1.13,0.017937,0.0,-0.013043,1.131,1.135,0.003524,0.000665,0.0,未触发
0.009692,0.011347,0.009922,0.008804,0.010148,0.009669,1.142,2024-01-16,-0.000614,0.009304,0.008173,0.000527,0.006124,1.146,1.133,0.018784,0.008857,0.001759,1.137,1.139,0.002634,0.000576,3027.93,仅买
0.011414,0.010879,0.01005,0.009974,0.010353,0.009137,1.126,2024-01-17,0.000964,0.011246,0.010769,0.003691,0.008448,1.145,1.125,0.010619,0.01421,-0.00262,1.141,1.142,-0.014011,0.000931,-2678.89,仅买
0.017513,0.011391,0.010615,0.012873,0.010528,0.011068,1.118,2024-01-18,-0.011761,-0.003055,-0.003393,-0.008104,-0.005696,1.125,1.091,-0.013146,0.002671,-0.011414,1.124,1.126,-0.007105,0.001241,-939.37,仅买
0.030195,0.013534,0.011679,0.019707,0.011179,0.015526,1.114,2024-01-19,-0.016278,-0.010138,-0.01024,-0.012367,-0.012513,1.122,1.11,-0.025283,0.0,-0.014109,1.115,1.118,-0.003578,0.001285,1295.32,仅买
0.010733,0.012776,0.011724,0.019481,0.011211,0.015909,1.079,2024-01-22,-0.016683,-0.013548,-0.013403,-0.012236,-0.01564,1.114,1.071,-0.031304,-0.002686,-0.018502,1.114,1.114,-0.031418,0.001152,-13513.14,仅买
0.0386,0.01568,0.013251,0.026509,0.012232,0.021691,1.091,2024-01-23,-0.042676,-0.043058,-0.0431,-0.032981,-0.045625,1.094,1.066,-0.051011,-0.031418,-0.052678,1.073,1.079,0.011121,-0.000842,5540.72,双边
0.02595,0.016868,0.014189,0.025094,0.012267,0.024598,1.115,2024-01-24,-0.027369,-0.031428,-0.031141,-0.013205,-0.034414,1.115,1.085,-0.047162,-0.020646,-0.044658,1.091,1.091,0.021998,-0.002568,5448.32,双边
0.027498,0.018831,0.014936,0.030682,0.012773,0.026595,1.144,2024-01-25,-0.003842,-0.010296,-0.009006,0.010513,-0.012881,1.146,1.115,-0.021071,0.0036,-0.009769,1.116,1.115,0.026009,-0.002523,0.0,未触发
0.027803,0.020822,0.015786,0.027083,0.013437,0.026117,1.161,2024-01-26,0.021155,0.014229,0.016497,0.031932,0.012643,1.164,1.143,0.008818,0.024172,0.023256,1.144,1.144,0.01486,-0.001328,0.0,未触发
0.018357,0.021775,0.016391,0.024552,0.013903,0.027641,1.164,2024-01-29,0.03393,0.027206,0.030809,0.038462,0.027297,1.173,1.16,0.022907,0.041256,0.04219,1.16,1.161,0.002584,0.000841,0.0,未触发
0.011197,0.021926,0.016637,0.019119,0.013923,0.022161,1.147,2024-01-30,0.034299,0.027769,0.032403,0.025551,0.029466,1.167,1.146,0.021949,0.041145,0.078777,1.16,1.164,-0.014605,0.004434,-2635.69,仅买
0.018041,0.022589,0.016734,0.015865,0.014229,0.020579,1.146,2024-01-31,0.018741,0.011999,0.016694,0.000698,0.014162,1.157,1.139,0.004378,0.015044,0.051329,1.143,1.147,-0.000872,0.006214,5636.1,双边
0.015693,0.022407,0.016899,0.014977,0.014545,0.018218,1.136,2024-02-01,0.016048,0.010894,0.015118,-0.005554,0.013009,1.145,1.128,0.017762,0.004382,0.027803,1.144,1.146,-0.008726,0.006258,-1797.73,仅买
0.014834,0.020871,0.017202,0.01619,0.014743,0.015624,1.134,2024-02-02,0.005577,0.002559,0.005725,-0.012861,0.004007,1.151,1.112,0.0161,-0.00959,-0.006993,1.135,1.136,-0.001761,0.004566,3033.53,仅买
0.034331,0.02323,0.018003,0.021619,0.015559,0.018819,1.134,2024-02-05,0.002032,0.001501,0.003451,-0.009953,0.002239,1.144,1.106,0.017953,-0.013913,-0.023256,1.13,1.134,0.0,0.001814,5701.1,双边
0.03351,0.022721,0.019201,0.027558,0.016408,0.023282,1.157,2024-02-06,-0.002814,0.001634,0.002859,-0.004739,0.002165,1.164,1.123,0.050973,-0.002639,-0.025773,1.126,1.134,0.020282,-0.000353,0.0,未触发
0.036155,0.023742,0.020305,0.034665,0.017374,0.026905,1.178,2024-02-07,0.01154,0.021408,0.021904,0.013667,0.0221,1.178,1.149,0.060495,0.01048,0.008718,1.155,1.157,0.01815,-0.000573,5577.59,双边
0.025065,0.023499,0.021165,0.031577,0.01779,0.028779,1.184,2024-02-08,0.024259,0.03816,0.038404,0.026311,0.039916,1.196,1.176,0.056502,0.034241,0.027923,1.177,1.178,0.005093,0.000926,0.0,未触发
0.016978,0.022416,0.021619,0.026066,0.017996,0.029208,1.205,2024-02-19,0.025908,0.041154,0.041642,0.022983,0.04446,1.206,1.174,0.034965,0.044092,0.042254,1.188,1.184,0.017736,0.003618,5420.3,双边
0.027027,0.023283,0.022529,0.023023,0.018688,0.027747,1.218,2024-02-20,0.040138,0.056369,0.057327,0.028508,0.061892,1.221,1.198,0.037898,0.061674,0.06261,1.208,1.205,0.010788,0.007419,5330.6,双边
0.019087,0.024072,0.022999,0.021031,0.019115,0.024862,1.219,2024-02-21,0.046482,0.064081,0.065617,0.024907,0.071979,1.237,1.211,0.046392,0.069359,0.074074,1.217,1.218,0.000821,0.011041,5290.3,双边
0.021346,0.024403,0.023496,0.022487,0.01929,0.021901,1.239,2024-02-22,0.040902,0.061384,0.063731,0.015157,0.071523,1.24,1.217,0.062772,0.067426,0.053587,1.219,1.219,0.016407,0.013904,0.0,未触发
0.018868,0.02472,0.023563,0.019767,0.019506,0.020661,1.231,2024-02-23,0.049644,0.073517,0.07811,0.021434,0.08751,1.243,1.226,0.081152,0.100355,0.051783,1.238,1.239,-0.006457,0.017141,-857.39,仅买
0.013721,0.024609,0.02274,0.017978,0.019671,0.02001,1.21,2024-02-26,0.034541,0.06139,0.068545,0.007035,0.078989,1.232,1.206,0.083627,0.101073,0.039696,1.232,1.231,-0.017059,0.019873,-6542.31,仅买
0.021121,0.023288,0.023259,0.017903,0.019765,0.018829,1.217,2024-02-27,0.010438,0.038983,0.048497,-0.010953,0.059514,1.22,1.204,0.067019,0.086176,0.004149,1.208,1.21,0.005785,0.020952,5330.6,双边
0.013223,0.021259,0.02199,0.016022,0.019887,0.017656,1.209,2024-02-28,0.009288,0.038839,0.052131,-0.005069,0.064509,1.223,1.205,0.073192,0.127896,-0.000821,1.215,1.217,-0.006574,0.023457,-461.31,仅买
0.01479,0.019123,0.021432,0.016378,0.019911,0.016345,1.218,2024-02-29,-0.001652,0.026839,0.043291,-0.00999,0.056449,1.218,1.202,0.044944,0.108158,-0.008203,1.205,1.209,0.007444,0.025163,0.0,未触发
0.013234,0.01794,0.020719,0.013749,0.02009,0.015218,1.218,2024-03-01,0.002469,0.029978,0.048674,0.000822,0.063121,1.223,1.214,0.033956,0.092377,-0.016949,1.216,1.218,0.0,0.024607,0.0,未触发
0.007389,0.016981,0.019698,0.011805,0.020073,0.013952,1.225,2024-03-04,-0.000328,0.026765,0.046152,0.002964,0.061839,1.228,1.212,0.028716,0.064685,-0.010561,1.216,1.218,0.005747,0.022806,5294.21,双边
0.013136,0.015592,0.019437,0.011253,0.020217,0.012355,1.232,2024-03-05,0.003769,0.029888,0.04946,0.006243,0.066547,1.233,1.221,0.016598,0.055125,0.012397,1.223,1.225,0.005714,0.021338,0.0,未触发
0.009796,0.014663,0.019367,0.010107,0.02022,0.011669,1.232,2024-03-06,0.008348,0.032821,0.052662,0.009505,0.071242,1.24,1.231,0.011494,0.058419,0.012325,1.232,1.232,0.0,0.018224,0.0,未触发
0.007305,0.013258,0.018831,0.010079,0.020083,0.010172,1.239,2024-03-07,0.007277,0.029154,0.04997,0.005714,0.069816,1.248,1.233,0.010664,0.074106,0.019024,1.235,1.232,0.005682,0.016732,0.0,未触发
0.012175,0.012589,0.018655,0.009759,0.019905,0.00996,1.244,2024-03-08,0.013,0.030996,0.052557,0.007973,0.074138,1.246,1.231,0.0,0.081152,0.017241,1.239,1.239,0.004036,0.016236,3178.01,仅买
0.012107,0.012428,0.018518,0.010529,0.019302,0.010904,1.234,2024-03-11,0.016008,0.030526,0.053047,0.007777,0.076637,1.244,1.222,0.010561,0.09507,0.021346,1.241,1.244,-0.008039,0.017619,-2064.24,仅买
0.017685,0.012084,0.017686,0.013989,0.019534,0.011814,1.211,2024-03-12,0.005869,0.018026,0.041057,-0.00178,0.066336,1.232,1.209,0.019835,0.088183,0.007347,1.23,1.234,-0.018639,0.019084,-6147.03,仅买
0.018639,0.012626,0.016942,0.016143,0.018869,0.013582,1.206,2024-03-13,-0.012396,-0.004112,0.017875,-0.017045,0.045167,1.211,1.196,-0.00493,0.067901,-0.017045,1.21,1.211,-0.004129,0.019407,776.53,仅买
0.012386,0.012385,0.015754,0.016237,0.018417,0.014598,1.211,2024-03-14,-0.016233,-0.010218,0.010417,-0.016955,0.03982,1.215,1.204,-0.002481,0.042351,-0.021104,1.206,1.206,0.004146,0.017835,0.0,未触发
0.009121,0.011974,0.014957,0.013382,0.017804,0.013988,1.21,2024-03-15,-0.01159,-0.007458,0.011893,-0.008352,0.043111,1.211,1.2,-0.005747,0.028014,-0.022599,1.211,1.211,-0.000826,0.015269,1188.51,仅买
0.009083,0.012143,0.014562,0.010197,0.01718,0.013383,1.206,2024-03-18,-0.011761,-0.009334,0.009202,-0.003623,0.041129,1.21,1.199,-0.006568,0.021959,-0.027331,1.209,1.21,-0.003306,0.011805,-49.83,仅买
0.009091,0.011739,0.013665,0.009098,0.016871,0.011664,1.202,2024-03-19,-0.013497,-0.012649,0.004609,-0.002316,0.036632,1.211,1.201,-0.01551,0.00083,-0.02269,1.204,1.206,-0.003317,0.007672,0.0,未触发
0.008292,0.011588,0.013125,0.008822,0.016774,0.009595,1.208,2024-03-20,-0.01435,-0.015279,0.000222,-0.004143,0.032114,1.211,1.197,-0.024351,-0.013136,-0.007432,1.201,1.202,0.004992,0.003824,5361.8,双边
0.011647,0.012023,0.012641,0.009677,0.016561,0.009447,1.211,2024-03-21,-0.007477,-0.009917,0.003517,0.000497,0.03605,1.211,1.204,-0.019481,-0.009024,0.001658,1.209,1.208,0.002483,0.001354,2017.57,仅买
0.005795,0.011385,0.011987,0.008578,0.016231,0.008782,1.207,2024-03-22,-0.002718,-0.006318,0.004201,0.002982,0.037318,1.211,1.198,-0.022599,-0.022599,0.0,1.207,1.211,-0.003303,-0.001147,2021.07,仅买
0.010735,0.011247,0.011838,0.009392,0.016095,0.009112,1.208,2024-03-25,-0.002974,-0.008624,-0.001076,0.000166,0.03258,1.22,1.2,-0.029743,-0.019496,-0.002479,1.204,1.207,0.000829,-0.003193,5347.51,双边
0.01657,0.011136,0.01161,0.011033,0.015503,0.010608,1.206,2024-03-26,0.0,-0.007721,-0.002285,0.000663,0.032096,1.21,1.197,-0.02107,-0.001653,0.001658,1.206,1.208,-0.001656,-0.003316,779.14,仅买
0.010762,0.010348,0.011487,0.012689,0.014744,0.011102,1.2,2024-03-27,-0.001242,-0.008916,-0.005907,-0.001656,0.02904,1.211,1.2,-0.004129,-0.009039,0.003328,1.202,1.206,-0.004975,-0.003113,0.0,未触发
0.009121,0.010022,0.011203,0.012151,0.013843,0.010596,1.2,2024-03-28,-0.005717,-0.013482,-0.01202,-0.005305,0.022669,1.207,1.192,-0.004975,-0.007444,-0.006623,1.2,1.2,0.0,-0.003033,1199.91,仅买
0.0125,0.01036,0.011167,0.010794,0.013424,0.011938,1.211,2024-03-29,-0.00481,-0.012752,-0.012617,-0.003488,0.021378,1.211,1.198,-0.009083,-0.014778,-0.009083,1.2,1.2,0.009167,-0.002626,0.0,未触发
0.010833,0.010535,0.011339,0.010818,0.01322,0.011957,1.216,2024-04-01,0.004229,-0.003415,-0.004303,0.004979,0.029368,1.217,1.206,0.000826,-0.005747,0.003314,1.211,1.211,0.004129,-0.00193,2839.63,仅买
0.009083,0.010534,0.011136,0.010806,0.012621,0.01046,1.221,2024-04-02,0.00754,0.00107,-0.000493,0.00779,0.032141,1.224,1.214,0.008292,-0.007347,0.006623,1.216,1.216,0.004112,-0.002218,0.0,未触发
0.008224,0.010527,0.011058,0.00938,0.012259,0.009952,1.232,2024-04-03,0.010093,0.005642,0.003534,0.009425,0.034877,1.233,1.219,0.015807,-0.008929,0.012438,1.219,1.221,0.009009,-0.002219,0.0,未触发
0.011466,0.010509,0.011266,0.009591,0.01193,0.010421,1.23,2024-04-08,0.017173,0.014702,0.012214,0.013158,0.042698,1.242,1.224,0.019868,0.0,0.026667,1.232,1.232,-0.001623,-0.00185,5225.3,双边
0.01461,0.01139,0.011388,0.011433,0.011788,0.010843,1.226,2024-04-09,0.013931,0.01343,0.01082,0.006547,0.0397,1.235,1.221,0.01569,-0.007264,0.025,1.228,1.23,-0.003252,-0.001481,-456.91,仅买
0.011382,0.011455,0.011351,0.012486,0.01171,0.010953,1.23,2024-04-10,0.009053,0.010884,0.007671,0.000816,0.035167,1.235,1.222,0.015742,-0.014469,0.012386,1.225,1.226,0.003263,-0.001934,0.0,未触发
0.010604,0.010859,0.010997,0.012199,0.01136,0.011257,1.241,2024-04-11,0.010516,0.014349,0.010405,0.001792,0.037376,1.245,1.221,0.018212,-0.003241,0.011513,1.225,1.23,0.008943,-0.001729,5255.21,双边
0.019512,0.011734,0.011041,0.013833,0.011569,0.013515,1.234,2024-04-12,0.01663,0.022156,0.018772,0.007469,0.045126,1.243,1.232,0.029022,0.024773,0.01638,1.237,1.241,-0.005641,-4.1e-05,758.52,仅买
0.008864,0.011708,0.010865,0.012993,0.011372,0.012994,1.257,2024-04-15,0.008088,0.01522,0.012333,0.001461,0.037934,1.261,1.23,0.028333,0.023217,0.001623,1.237,1.234,0.018639,0.001112,5204.5,双边
0.025122,0.01297,0.011665,0.017833,0.011768,0.015097,1.256,2024-04-16,0.022117,0.032189,0.030103,0.015676,0.055534,1.271,1.248,0.0475,0.037985,0.021951,1.257,1.257,-0.000796,0.003378,5517.69,双边
0.018298,0.013716,0.012125,0.017428,0.012131,0.01648,1.275,2024-04-17,0.017581,0.029424,0.028216,0.009971,0.052896,1.276,1.246,0.037159,0.038017,0.02447,1.254,1.256,0.015127,0.006019,5531.68,双边
0.023885,0.015197,0.012865,0.022435,0.01249,0.019136,1.279,2024-04-18,0.02806,0.04205,0.042348,0.017883,0.066737,1.292,1.27,0.04852,0.057214,0.036585,1.271,1.275,0.003137,0.00903,0.0,未触发
0.017255,0.0161,0.013313,0.019813,0.012738,0.018685,1.286,2024-04-19,0.026485,0.04204,0.044281,0.014918,0.067999,1.295,1.275,0.047502,0.06406,0.03062,1.277,1.279,0.005473,0.010955,0.0,未触发
0.015637,0.016517,0.013513,0.018926,0.013016,0.020039,1.262,2024-04-22,0.027649,0.044425,0.048455,0.01212,0.071696,1.292,1.258,0.043831,0.06457,0.042139,1.286,1.286,-0.018663,0.012999,-7825.46,仅买
0.026439,0.0177,0.014545,0.019777,0.013492,0.020303,1.241,2024-04-23,0.005898,0.022815,0.028246,-0.00755,0.049713,1.254,1.237,0.026016,0.042114,0.003978,1.253,1.262,-0.01664,0.01318,-3241.68,仅买
0.013471,0.017909,0.014682,0.018515,0.013537,0.019337,1.242,2024-04-24,-0.012021,0.004411,0.011218,-0.021756,0.030488,1.243,1.227,0.012235,0.028169,-0.011943,1.237,1.241,0.000806,0.012663,2779.42,仅买
0.012893,0.018137,0.014498,0.017601,0.013377,0.017139,1.246,2024-04-25,-0.012169,0.003839,0.011813,-0.015848,0.029495,1.247,1.237,0.009756,0.028146,-0.025882,1.237,1.242,0.003221,0.011197,0.0,未触发
0.008052,0.016991,0.014362,0.011472,0.013024,0.015298,1.239,2024-04-26,-0.009381,0.005447,0.014107,-0.007488,0.030433,1.249,1.23,0.004029,0.033167,-0.025801,1.243,1.246,-0.005618,0.009655,-452.01,仅买
0.015249,0.01763,0.014669,0.012064,0.01312,0.01522,1.238,2024-04-29,-0.015338,-0.001772,0.007508,-0.005618,0.022558,1.239,1.222,0.004052,0.0325,-0.036547,1.239,1.239,-0.000807,0.00804,353.65,仅买
0.013721,0.01649,0.01473,0.01234,0.013273,0.012677,1.24,2024-04-30,-0.014645,-0.004103,0.005959,-0.002578,0.020007,1.248,1.232,-0.015115,0.031667,-0.019017,1.238,1.238,0.001616,0.007497,5199.31,双边
0.012924,0.015952,0.014834,0.013965,0.013401,0.012568,1.254,2024-05-06,-0.011795,-0.003656,0.006766,-0.000806,0.02031,1.254,1.238,-0.012739,0.023947,-0.000806,1.244,1.24,0.01129,0.007284,5174.6,双边
0.012903,0.014854,0.015025,0.013183,0.013528,0.01257,1.254,2024-05-07,0.001038,0.006057,0.016812,0.008525,0.030516,1.254,1.245,-0.016471,0.03125,0.009662,1.252,1.254,0.0,0.007436,1547.29,仅买
0.007177,0.013846,0.014973,0.011001,0.013491,0.012395,1.255,2024-05-08,0.00304,0.004727,0.015385,0.007229,0.029247,1.26,1.249,-0.019547,0.027027,0.006421,1.252,1.254,0.000797,0.007141,0.0,未触发
0.008772,0.01316,0.014838,0.009617,0.013395,0.011099,1.264,2024-05-09,0.006335,0.004603,0.014907,0.005448,0.028548,1.265,1.254,-0.024106,0.018669,0.012914,1.255,1.255,0.007171,0.006486,0.0,未触发
0.008765,0.011393,0.014546,0.008238,0.013494,0.010108,1.269,2024-05-10,0.013389,0.010432,0.020727,0.008457,0.034257,1.271,1.257,0.001585,0.027642,0.021002,1.264,1.264,0.003956,0.006315,3509.49,仅买
0.011076,0.011153,0.014531,0.009538,0.013506,0.009739,1.273,2024-05-13,0.015119,0.012689,0.023057,0.007783,0.036468,1.275,1.256,0.022562,0.035073,0.023387,1.268,1.269,0.003152,0.00687,3498.68,仅买
0.014972,0.011361,0.014749,0.011604,0.013452,0.010152,1.27,2024-05-14,0.0158,0.014141,0.024492,0.007918,0.037772,1.274,1.262,0.02496,0.034959,0.015152,1.268,1.273,-0.002357,0.00706,1921.56,仅买
0.009427,0.011499,0.014245,0.011825,0.013408,0.010602,1.27,2024-05-15,0.011469,0.010583,0.020326,0.003001,0.033417,1.277,1.263,0.019262,0.023368,0.012759,1.268,1.27,0.0,0.00689,2315.84,仅买
0.011024,0.011076,0.014353,0.011808,0.013471,0.011053,1.273,2024-05-16,0.008978,0.009138,0.018417,0.00063,0.031835,1.278,1.268,0.02502,0.029173,0.011952,1.268,1.27,0.002362,0.007404,0.0,未触发
0.007874,0.010491,0.013491,0.009441,0.013317,0.010875,1.284,2024-05-17,0.008556,0.010879,0.018835,0.001574,0.032944,1.286,1.268,0.028271,0.012729,0.00712,1.273,1.273,0.008641,0.006675,5447.69,双边
0.01414,0.010613,0.013283,0.011012,0.013427,0.011487,1.297,2024-05-20,0.013738,0.018482,0.025641,0.007849,0.040462,1.3,1.284,0.035484,0.022293,0.01182,1.287,1.284,0.010125,0.006065,0.0,未触发
0.012461,0.010569,0.012711,0.011492,0.01354,0.010985,1.301,2024-05-21,0.020537,0.027897,0.033796,0.014232,0.049692,1.305,1.294,0.03429,0.017255,0.018853,1.296,1.297,0.003084,0.005218,0.0,未触发
0.008481,0.010699,0.012273,0.011694,0.013548,0.010796,1.3,2024-05-22,0.019912,0.030169,0.034784,0.012451,0.051752,1.313,1.299,0.03748,0.017201,0.024409,1.3,1.301,-0.000769,0.004934,0.0,未触发
0.010761,0.010898,0.012029,0.010568,0.013525,0.010743,1.284,2024-05-23,0.015546,0.028807,0.032128,0.006971,0.049798,1.299,1.282,0.035857,0.010886,0.023622,1.299,1.3,-0.012308,0.004052,-4283.53,仅买
0.013077,0.011329,0.011361,0.010773,0.013474,0.011784,1.281,2024-05-24,0.001482,0.015261,0.01797,-0.007114,0.03625,1.297,1.281,0.015823,0.017433,0.008641,1.284,1.284,-0.002336,0.004288,0.0,未触发
0.012461,0.011468,0.01131,0.0121,0.01351,0.011448,1.301,2024-05-27,-0.001792,0.011289,0.014118,-0.008974,0.033134,1.301,1.281,0.009456,0.032232,-0.002336,1.281,1.281,0.015613,0.004759,0.0,未触发
0.015613,0.011532,0.011446,0.013717,0.013677,0.012079,1.295,2024-05-28,0.011585,0.024692,0.028025,0.005876,0.047982,1.303,1.293,0.021995,0.047504,0.003084,1.3,1.301,-0.004612,0.006221,-49.84,仅买
0.007686,0.011358,0.011428,0.01192,0.013283,0.01192,1.297,2024-05-29,0.004967,0.018002,0.021831,0.002167,0.042058,1.306,1.292,0.019685,0.039326,-0.004612,1.293,1.295,0.001544,0.007285,0.0,未触发
0.010811,0.011336,0.011206,0.01137,0.013347,0.01193,1.287,2024-05-30,0.004414,0.017255,0.021716,0.004181,0.042437,1.304,1.284,0.02126,0.046812,-0.002308,1.297,1.297,-0.00771,0.009022,-2748.21,仅买
0.01542,0.012091,0.011291,0.011306,0.013024,0.012398,1.29,2024-05-31,-0.004409,0.007476,0.01304,-0.004024,0.033444,1.296,1.286,0.010998,0.03958,0.002336,1.286,1.287,0.002331,0.010081,0.0,未触发
0.00777,0.011454,0.011034,0.011334,0.012673,0.01146,1.278,2024-06-03,-0.002552,0.007852,0.014497,-0.003091,0.034856,1.289,1.273,0.004673,0.040323,0.007026,1.286,1.29,-0.009302,0.01046,-1216.19,仅买
0.012403,0.011448,0.011009,0.011864,0.01229,0.010818,1.286,2024-06-04,-0.010376,-0.002459,0.00498,-0.008841,0.024504,1.286,1.272,-0.014649,0.019139,-0.017679,1.278,1.278,0.00626,0.009058,4644.33,仅买
0.010955,0.011696,0.011197,0.010376,0.01208,0.011472,1.271,2024-06-05,-0.003023,0.002534,0.011086,-0.001243,0.030174,1.287,1.27,-0.01153,0.025518,-0.00695,1.286,1.286,-0.011664,0.008372,-4715.21,仅买
0.013219,0.011942,0.01142,0.012192,0.012,0.011953,1.273,2024-06-06,-0.012432,-0.009778,-0.000315,-0.00889,0.017628,1.282,1.271,-0.022308,0.012749,-0.020046,1.273,1.271,0.001574,0.006706,0.0,未触发
0.008655,0.011499,0.011414,0.010943,0.011407,0.0106,1.285,2024-06-07,-0.010032,-0.008567,0.00097,-0.005158,0.018767,1.286,1.274,-0.008567,0.00712,-0.010878,1.276,1.273,0.009427,0.005127,0.0,未触发
0.009427,0.011196,0.011332,0.010433,0.011272,0.010932,1.265,2024-06-11,-0.001011,0.000156,0.009242,0.005005,0.027808,1.284,1.258,0.003123,0.012608,-0.003876,1.284,1.285,-0.015564,0.003789,-6279.93,仅买
0.020233,0.011658,0.011595,0.012772,0.011517,0.012498,1.278,2024-06-12,-0.013799,-0.015104,-0.007064,-0.008621,0.011393,1.279,1.258,-0.027671,-0.006284,-0.010172,1.263,1.265,0.010277,0.002537,5491.09,双边
0.016601,0.012549,0.011954,0.01542,0.011802,0.013627,1.265,2024-06-13,-0.002342,-0.005293,0.002301,0.002825,0.020875,1.278,1.26,-0.013127,0.006299,-0.006221,1.276,1.278,-0.010172,0.001598,-3575.86,仅买
0.014085,0.012877,0.012107,0.016973,0.011763,0.0138,1.265,2024-06-14,-0.010017,-0.015219,-0.008569,-0.00644,0.009698,1.267,1.257,-0.024672,-0.003937,-0.004721,1.262,1.265,0.0,0.000779,2722.73,仅买
0.007905,0.012125,0.012108,0.012863,0.011569,0.01365,1.249,2024-06-17,-0.00831,-0.014913,-0.009268,-0.00519,0.008973,1.266,1.246,-0.017094,-0.006284,-0.006284,1.262,1.265,-0.012648,0.000117,-4010.63,仅买
0.01581,0.012929,0.012192,0.0126,0.011665,0.014927,1.251,2024-06-18,-0.017696,-0.026045,-0.022029,-0.01218,-0.004305,1.254,1.241,-0.031783,-0.027259,-0.028016,1.248,1.249,0.001601,-0.001868,3154.81,仅买
0.010408,0.01273,0.012089,0.011375,0.011582,0.012962,1.249,2024-06-19,-0.014029,-0.022733,-0.020386,-0.008402,-0.003306,1.256,1.247,-0.021127,-0.035466,-0.011067,1.252,1.251,-0.001599,-0.003348,748.73,仅买
0.007194,0.012354,0.012025,0.011138,0.011583,0.01108,1.247,2024-06-20,-0.012726,-0.022309,-0.021824,-0.005415,-0.00552,1.254,1.243,-0.028771,-0.039969,-0.022692,1.247,1.249,-0.001601,-0.005682,2355.45,仅买
0.008807,0.011912,0.011927,0.008803,0.011584,0.010025,1.248,2024-06-21,-0.012434,-0.021846,-0.023187,-0.004153,-0.007627,1.252,1.242,-0.018883,-0.040769,-0.014229,1.247,1.247,0.000802,-0.007551,2355.45,仅买
0.008019,0.011849,0.011674,0.008007,0.011559,0.010048,1.232,2024-06-24,-0.009681,-0.019677,-0.021995,-0.000641,-0.007318,1.246,1.226,-0.019639,-0.028037,-0.013439,1.246,1.248,-0.012821,-0.008644,-4061.63,仅买
0.016026,0.012509,0.011852,0.010951,0.011724,0.010091,1.234,2024-06-25,-0.018248,-0.030379,-0.033599,-0.01076,-0.020369,1.242,1.231,-0.041245,-0.038251,-0.013611,1.232,1.232,0.001623,-0.009201,0.0,未触发
0.008929,0.011378,0.011518,0.010991,0.011523,0.009795,1.24,2024-06-26,-0.01422,-0.026238,-0.031042,-0.006441,-0.019117,1.242,1.228,-0.024506,-0.051499,-0.013589,1.234,1.234,0.004862,-0.010038,4406.05,仅买
0.011345,0.010853,0.011701,0.0121,0.011587,0.010625,1.235,2024-06-27,-0.00641,-0.019375,-0.025566,-0.000161,-0.014791,1.243,1.232,-0.029734,-0.042471,-0.007206,1.238,1.24,-0.004032,-0.010176,353.95,仅买
0.008871,0.010331,0.011604,0.009715,0.011515,0.010638,1.243,2024-06-28,-0.008032,-0.020929,-0.028604,-0.002262,-0.019219,1.248,1.233,-0.023715,-0.047803,-0.009623,1.234,1.235,0.006478,-0.01055,0.0,未触发
0.012146,0.010756,0.01144,0.010787,0.011657,0.011463,1.27,2024-07-01,0.000161,-0.012865,-0.021542,0.005013,-0.013427,1.27,1.242,-0.017391,-0.034188,-0.004006,1.242,1.243,0.021722,-0.010879,0.0,未触发
0.022526,0.011427,0.012178,0.014514,0.011937,0.012763,1.266,2024-07-02,0.020162,0.009378,7.9e-05,0.020572,0.007217,1.272,1.257,0.016813,-0.015504,0.030844,1.267,1.27,-0.00315,-0.009759,739.32,仅买
0.011811,0.011567,0.012149,0.015494,0.011915,0.01334,1.258,2024-07-03,0.015725,0.006679,-0.002259,0.012152,0.003382,1.267,1.254,0.01199,-0.00939,0.025932,1.263,1.266,-0.006319,-0.007615,-841.39,仅买
0.010269,0.011875,0.012114,0.014869,0.011975,0.013124,1.249,2024-07-04,0.008579,0.001433,-0.007443,0.00287,-0.003446,1.262,1.247,0.007206,-0.021773,0.014516,1.256,1.258,-0.007154,-0.006564,-1243.77,仅买
0.011924,0.012186,0.012049,0.011334,0.012013,0.013735,1.246,2024-07-05,0.001202,-0.00486,-0.01322,-0.006522,-0.010798,1.252,1.236,0.001604,-0.017309,0.011336,1.248,1.249,-0.002402,-0.004994,-49.83,仅买
0.01281,0.012666,0.012257,0.011667,0.012005,0.013868,1.238,2024-07-08,-0.001042,-0.006181,-0.014604,-0.009381,-0.013382,1.248,1.236,-0.001603,-0.02121,0.002414,1.245,1.246,-0.006421,-0.004328,-1254.58,仅买
0.009631,0.012026,0.012267,0.011455,0.01191,0.011289,1.253,2024-07-09,-0.007933,-0.010708,-0.01982,-0.010708,-0.019872,1.254,1.231,0.00487,-0.036576,-0.025197,1.238,1.238,0.012116,-0.005405,5199.31,双边
0.018578,0.012991,0.012185,0.013673,0.012009,0.012642,1.231,2024-07-10,0.00256,0.001759,-0.006686,0.003363,-0.008297,1.25,1.229,0.015397,-0.009486,-0.010269,1.25,1.253,-0.017558,-0.005407,-6049.54,仅买
0.01676,0.013533,0.012193,0.01499,0.012312,0.013941,1.234,2024-07-11,-0.014333,-0.013977,-0.022473,-0.009973,-0.025581,1.236,1.227,-0.007258,-0.036776,-0.021463,1.235,1.231,0.002437,-0.006169,354.95,仅买
0.007311,0.013377,0.011854,0.014216,0.012195,0.013018,1.232,2024-07-12,-0.011851,-0.010346,-0.018454,-0.00516,-0.023206,1.24,1.23,-0.00081,-0.024506,-0.01201,1.234,1.234,-0.001621,-0.006533,760.33,仅买
0.008104,0.012972,0.011864,0.010725,0.011951,0.012077,1.243,2024-07-15,-0.012583,-0.01064,-0.018613,-0.004525,-0.024467,1.244,1.227,-0.00885,-0.026087,-0.011236,1.231,1.232,0.008929,-0.00678,5229.21,双边
0.013799,0.0121,0.011763,0.009738,0.012152,0.01291,1.237,2024-07-16,-0.001606,-0.001566,-0.008614,0.003552,-0.015588,1.243,1.232,-0.02126,-0.004804,0.004039,1.242,1.243,-0.004827,-0.005154,-854.79,仅买
0.00885,0.011803,0.011685,0.010251,0.012034,0.010965,1.232,2024-07-17,-0.004106,-0.005827,-0.012323,0.001295,-0.019849,1.238,1.227,-0.022907,-0.011191,-0.012769,1.238,1.237,-0.004042,-0.005237,-857.39,仅买
0.008892,0.011666,0.01177,0.010514,0.011965,0.009391,1.232,2024-07-18,-0.006051,-0.009168,-0.014899,-0.002914,-0.023204,1.233,1.219,-0.020668,-0.013611,0.000812,1.231,1.232,0.0,-0.004045,1980.57,仅买
0.011364,0.01161,0.011898,0.009702,0.011903,0.010202,1.226,2024-07-19,-0.004686,-0.00857,-0.013874,-0.002591,-0.022507,1.231,1.22,-0.013611,-0.012029,-0.001621,1.231,1.232,-0.00487,-0.003408,-1674.15,仅买
0.008929,0.011222,0.011944,0.009728,0.011912,0.010367,1.215,2024-07-22,-0.00793,-0.012525,-0.017445,-0.006483,-0.026804,1.225,1.203,-0.016051,-0.017628,-0.00487,1.224,1.226,-0.008972,-0.002971,-1683.34,仅买
0.017945,0.012053,0.01204,0.012746,0.012196,0.011196,1.201,2024-07-23,-0.014998,-0.020714,-0.024436,-0.010908,-0.035204,1.213,1.2,-0.018578,-0.013799,-0.022526,1.213,1.215,-0.011523,-0.003414,-3347.27,仅买
0.0107,0.011265,0.012128,0.012524,0.011878,0.011566,1.199,2024-07-24,-0.022226,-0.030709,-0.034022,-0.016541,-0.045803,1.203,1.192,-0.0415,-0.026742,-0.029103,1.199,1.201,-0.001665,-0.004179,1201.11,仅买
0.009159,0.010505,0.012019,0.012601,0.01163,0.011619,1.193,2024-07-25,-0.021304,-0.030719,-0.033584,-0.012844,-0.046799,1.197,1.185,-0.025995,-0.033065,-0.026786,1.197,1.199,-0.005004,-0.005147,367.85,仅买
0.010008,0.010775,0.012076,0.009956,0.011494,0.011348,1.194,2024-07-26,-0.022932,-0.03393,-0.036556,-0.011435,-0.05099,1.199,1.187,-0.033225,-0.034008,-0.031656,1.195,1.193,0.000838,-0.006237,1205.31,仅买
0.010059,0.01097,0.011971,0.009742,0.011566,0.011574,1.197,2024-07-29,-0.01906,-0.031198,-0.033902,-0.005332,-0.04964,1.198,1.189,-0.030844,-0.039421,-0.026101,1.194,1.194,0.002513,-0.00733,2880.93,仅买
0.007538,0.010344,0.011222,0.009202,0.01129,0.009493,1.188,2024-07-30,-0.012865,-0.025879,-0.030115,0.000167,-0.046709,1.195,1.183,-0.037007,-0.05748,-0.014815,1.195,1.197,-0.007519,-0.009591,-1304.97,仅买
0.010025,0.010462,0.011133,0.009207,0.011278,0.009358,1.208,2024-07-31,-0.016312,-0.030125,-0.035766,-0.005192,-0.053047,1.208,1.188,-0.039612,-0.061611,-0.010824,1.188,1.188,0.016835,-0.01142,0.0,未触发
0.016835,0.011256,0.011461,0.011466,0.011599,0.010893,1.206,2024-08-01,0.00224,-0.01178,-0.018445,0.010033,-0.036516,1.211,1.204,-0.019481,-0.039746,0.007506,1.207,1.208,-0.001656,-0.011803,0.0,未触发
0.005795,0.010699,0.011154,0.010885,0.011498,0.01005,1.203,2024-08-02,0.002744,-0.011678,-0.01898,0.006174,-0.037484,1.208,1.197,-0.021104,-0.034428,0.010897,1.203,1.206,-0.002488,-0.011863,1612.49,仅买
0.009121,0.010718,0.01097,0.010584,0.011535,0.009863,1.189,2024-08-05,0.002166,-0.012396,-0.020225,0.002166,-0.039099,1.206,1.187,-0.01876,-0.03451,0.007538,1.201,1.203,-0.011638,-0.011643,-2963.79,仅买
0.015794,0.010503,0.011278,0.010237,0.011527,0.011514,1.185,2024-08-06,-0.007347,-0.021922,-0.030496,-0.008175,-0.049269,1.198,1.176,-0.021399,-0.03958,-0.006683,1.191,1.189,-0.003364,-0.010701,-1728.95,仅买
0.018503,0.011284,0.011274,0.014473,0.011847,0.01321,1.189,2024-08-07,-0.009363,-0.022479,-0.032469,-0.011017,-0.051355,1.194,1.181,-0.013322,-0.05427,-0.002525,1.184,1.185,0.003376,-0.010327,0.0,未触发
0.01097,0.011465,0.010985,0.015089,0.011834,0.012037,1.194,2024-08-08,-0.005187,-0.017477,-0.027853,-0.004521,-0.047123,1.197,1.185,-0.00834,-0.034119,-0.015728,1.189,1.189,0.004205,-0.010021,4154.96,仅买
0.010093,0.011473,0.011124,0.013189,0.011875,0.012896,1.188,2024-08-09,-0.001088,-0.011712,-0.022673,0.001678,-0.042144,1.198,1.188,0.000838,-0.032415,-0.00995,1.195,1.194,-0.005025,-0.009916,-886.59,仅买
0.008375,0.011305,0.011138,0.009813,0.011749,0.012747,1.194,2024-08-12,-0.005608,-0.014885,-0.026123,-0.000841,-0.045873,1.2,1.186,-0.005025,-0.035714,-0.012469,1.188,1.188,0.005051,-0.009975,0.0,未触发
0.011785,0.01173,0.011037,0.010084,0.011391,0.011945,1.197,2024-08-13,-0.000335,-0.007894,-0.019168,0.003361,-0.039897,1.198,1.189,-0.002506,-0.039421,0.004205,1.196,1.194,0.002513,-0.009995,1204.11,仅买
0.007538,0.011481,0.010971,0.009232,0.011249,0.009752,1.191,2024-08-14,0.001422,-0.003745,-0.014842,0.003858,-0.036193,1.198,1.191,0.007576,-0.032336,0.010127,1.197,1.197,-0.005013,-0.008868,-467.51,仅买
0.005848,0.010382,0.010819,0.00839,0.011101,0.008728,1.202,2024-08-15,-0.002178,-0.007045,-0.017975,-0.001509,-0.039606,1.207,1.189,-0.014073,-0.033279,0.001682,1.191,1.191,0.009236,-0.008842,0.0,未触发
0.015113,0.011314,0.011007,0.0095,0.011208,0.009732,1.203,2024-08-16,0.007375,0.003381,-0.007623,0.006363,-0.029458,1.205,1.2,-0.003317,-0.024351,0.0067,1.202,1.202,0.000832,-0.008443,0.0,未触发
0.00416,0.010818,0.010768,0.008374,0.010919,0.008889,1.212,2024-08-19,0.008213,0.00518,-0.005621,0.004677,-0.027591,1.213,1.201,0.0,-0.01876,0.012626,1.203,1.203,0.007481,-0.007587,0.0,未触发
0.009975,0.010236,0.01037,0.009749,0.010931,0.008527,1.2,2024-08-20,0.013802,0.012827,0.002537,0.009159,-0.019404,1.214,1.194,0.019344,-0.002469,0.015075,1.212,1.212,-0.009901,-0.005692,-4174.62,仅买
0.016502,0.010036,0.01066,0.010212,0.010862,0.01032,1.189,2024-08-21,0.002506,0.002841,-0.005937,-0.001332,-0.027789,1.197,1.184,0.012658,-0.000833,0.002506,1.195,1.2,-0.009167,-0.004078,-886.59,仅买
0.010833,0.010022,0.010743,0.012437,0.010664,0.011317,1.188,2024-08-22,-0.006683,-0.005936,-0.013905,-0.010157,-0.03532,1.193,1.186,0.0,-0.00834,-0.001679,1.189,1.189,-0.000841,-0.002793,0.0,未触发
0.005887,0.009602,0.010537,0.011074,0.010617,0.009471,1.189,2024-08-23,-0.007021,-0.006564,-0.01348,-0.008678,-0.034709,1.192,1.182,-0.005025,-0.004191,-0.011647,1.186,1.188,0.000842,-0.001753,2900.53,仅买
0.008418,0.009606,0.010455,0.008379,0.010627,0.010323,1.187,2024-08-26,-0.006268,-0.00552,-0.011473,-0.00552,-0.032612,1.189,1.179,0.000842,-0.004188,-0.011638,1.189,1.189,-0.001682,-0.001003,1211.61,仅买
0.00841,0.009268,0.010499,0.007572,0.010447,0.01001,1.188,2024-08-27,-0.007359,-0.006778,-0.011602,-0.003024,-0.032889,1.188,1.183,-0.005863,-0.008354,-0.020627,1.187,1.187,0.000842,-0.001295,1213.71,仅买
0.004212,0.008936,0.010208,0.007013,0.010293,0.007552,1.182,2024-08-28,-0.005775,-0.005941,-0.009422,-0.000168,-0.03089,1.189,1.178,-0.007519,0.0,-0.01,1.185,1.188,-0.005051,-0.001254,-49.83,仅买
0.009259,0.009277,0.00983,0.007294,0.010305,0.007237,1.165,2024-08-29,-0.01005,-0.009884,-0.013054,-0.004044,-0.034419,1.181,1.165,-0.007557,-0.021523,-0.005887,1.18,1.182,-0.014382,-0.001923,-3862.94,仅买
0.013536,0.009119,0.010217,0.009003,0.010377,0.008767,1.17,2024-08-30,-0.021255,-0.022446,-0.025431,-0.014549,-0.046931,1.182,1.159,-0.030782,-0.033997,-0.01936,1.165,1.165,0.004292,-0.003429,5528.2,双边
0.019742,0.010678,0.010748,0.014179,0.010738,0.011032,1.171,2024-09-02,-0.014322,-0.016889,-0.019717,-0.007128,-0.041494,1.179,1.16,-0.027431,-0.027431,-0.01598,1.169,1.17,0.000855,-0.0046,5509.99,双边
0.016239,0.011304,0.01077,0.016506,0.010681,0.012598,1.165,2024-09-03,-0.01006,-0.015304,-0.017672,-0.003574,-0.039179,1.176,1.159,-0.033828,-0.015139,-0.013479,1.171,1.171,-0.005124,-0.004937,-903.58,仅买
0.014518,0.011106,0.010571,0.016833,0.010808,0.014659,1.163,2024-09-04,-0.01221,-0.019525,-0.021721,-0.004784,-0.042794,1.168,1.156,-0.029167,-0.016878,-0.01936,1.163,1.165,-0.001717,-0.005774,2099.57,仅买
0.0103,0.011052,0.010537,0.013686,0.010846,0.014867,1.164,2024-09-05,-0.011727,-0.020136,-0.022415,-0.003257,-0.04293,1.168,1.159,-0.021867,-0.021867,-0.016074,1.163,1.163,0.00086,-0.00578,2529.45,仅买
0.007739,0.011237,0.01042,0.010852,0.010771,0.013708,1.153,2024-09-06,-0.008856,-0.018053,-0.020779,-0.002229,-0.040778,1.168,1.151,-0.020202,-0.025126,-0.000858,1.16,1.164,-0.00945,-0.005328,-1342.76,仅买
0.014605,0.011856,0.010731,0.010881,0.010922,0.01268,1.133,2024-09-09,-0.015203,-0.025894,-0.028916,-0.008769,-0.048379,1.151,1.129,-0.030278,-0.029461,-0.01453,1.151,1.153,-0.017346,-0.00542,-6131.12,仅买
0.019081,0.012923,0.011096,0.013808,0.011307,0.013248,1.135,2024-09-10,-0.027802,-0.040318,-0.044043,-0.019557,-0.063391,1.137,1.123,-0.045493,-0.051089,-0.032451,1.134,1.133,0.001765,-0.007232,1272.81,仅买
0.012357,0.013738,0.011337,0.015347,0.011385,0.012816,1.113,2024-09-11,-0.021636,-0.036093,-0.040926,-0.0127,-0.060236,1.132,1.108,-0.044613,-0.051796,-0.025751,1.132,1.135,-0.019383,-0.009005,-6673.48,仅买
0.021145,0.014926,0.012102,0.017528,0.011528,0.014985,1.115,2024-09-12,-0.03486,-0.051636,-0.056993,-0.023342,-0.076719,1.122,1.109,-0.058376,-0.065491,-0.042992,1.112,1.113,0.001797,-0.011206,0.0,未触发
0.01168,0.014741,0.01193,0.015061,0.011725,0.015774,1.112,2024-09-13,-0.028915,-0.046397,-0.052864,-0.0131,-0.073369,1.124,1.111,-0.042918,-0.072379,-0.042096,1.115,1.115,-0.002691,-0.013624,398.56,仅买
0.011659,0.013932,0.012305,0.014828,0.011809,0.015184,1.124,2024-09-18,-0.026611,-0.045248,-0.052972,-0.008559,-0.074118,1.127,1.109,-0.049573,-0.075644,-0.035559,1.109,1.112,0.010791,-0.01601,0.0,未触发
0.016187,0.013927,0.012616,0.013175,0.011822,0.014606,1.129,2024-09-19,-0.012042,-0.031285,-0.040983,0.003751,-0.062721,1.134,1.114,-0.040137,-0.072607,-0.007944,1.125,1.124,0.004448,-0.017195,5727.09,双边
0.017794,0.014255,0.01268,0.015213,0.011799,0.015693,1.126,2024-09-20,-0.004497,-0.02399,-0.03518,0.009297,-0.057176,1.131,1.121,-0.030901,-0.059167,-0.005286,1.13,1.129,-0.002657,-0.017622,834.94,仅买
0.008857,0.01411,0.012581,0.014279,0.011728,0.013235,1.138,2024-09-23,-0.003892,-0.023925,-0.036014,0.004281,-0.058187,1.142,1.125,-0.031814,-0.052986,0.01168,1.126,1.126,0.010657,-0.017042,0.0,未触发
0.015098,0.014846,0.013042,0.013916,0.011895,0.013919,1.189,2024-09-24,0.009044,-0.01138,-0.024181,0.010837,-0.046861,1.191,1.142,-0.022337,-0.042088,0.020628,1.142,1.138,0.044815,-0.015523,0.0,未触发
0.043058,0.017692,0.014774,0.022338,0.013051,0.020199,1.206,2024-09-25,0.05091,0.032925,0.019522,0.041886,-0.003395,1.232,1.205,0.031223,0.0,0.069245,1.21,1.189,0.014298,-0.011677,363.35,仅买
0.022708,0.018054,0.015489,0.026955,0.013415,0.021503,1.252,2024-09-26,0.059102,0.04683,0.033744,0.041811,0.011759,1.254,1.203,0.064431,0.016007,0.072954,1.205,1.206,0.038143,-0.00711,0.0,未触发
0.042289,0.021048,0.017393,0.036018,0.014574,0.026402,1.274,2024-09-27,0.088317,0.083748,0.07149,0.059042,0.050556,1.277,1.238,0.103084,0.053872,0.108946,1.258,1.252,0.017572,-0.001297,5513.49,双边
0.03115,0.022048,0.018487,0.032049,0.015417,0.030861,1.347,2024-09-30,0.092156,0.098418,0.087742,0.051329,0.068777,1.361,1.271,0.144654,0.077834,0.131439,1.271,1.274,0.0573,0.005418,0.0,未触发
0.070644,0.027944,0.021342,0.048027,0.017268,0.04197,1.367,2024-10-08,0.132218,0.152316,0.145343,0.074505,0.128471,1.48,1.322,0.208072,0.156223,0.183656,1.47,1.347,0.014848,0.015507,-37118.87,仅买
0.117298,0.038508,0.02622,0.073031,0.021039,0.056818,1.254,2024-10-09,0.124918,0.159654,0.156971,0.060348,0.143295,1.338,1.25,0.229317,0.168376,0.149706,1.338,1.367,-0.082663,0.024064,0.0,未触发
0.064375,0.043327,0.028627,0.084105,0.022853,0.065151,1.297,2024-10-10,0.021006,0.060062,0.060077,-0.034493,0.048553,1.325,1.258,0.115658,0.07088,0.039801,1.258,1.254,0.03429,0.026822,0.0,未触发
0.053429,0.04689,0.030573,0.078367,0.024084,0.067379,1.276,2024-10-11,0.041767,0.090328,0.093438,-0.008258,0.083844,1.308,1.263,0.148804,0.113305,0.035942,1.308,1.297,-0.016191,0.029691,-12661.81,仅买
0.034695,0.049474,0.031792,0.050833,0.024879,0.068088,1.309,2024-10-14,0.012698,0.067604,0.073111,-0.024614,0.065627,1.317,1.279,0.133215,0.097163,0.00157,1.279,1.276,0.025862,0.030478,0.0,未触发
0.029781,0.050943,0.032894,0.039302,0.025675,0.059915,1.28,2024-10-15,0.024978,0.088611,0.097142,0.006459,0.092047,1.31,1.28,0.150264,0.12457,-0.028211,1.303,1.309,-0.022154,0.028658,-6188.74,仅买
0.022918,0.048929,0.03331,0.029131,0.026159,0.04104,1.297,2024-10-16,-0.00482,0.058901,0.070115,-0.002494,0.067141,1.306,1.268,0.076535,0.110147,-0.063643,1.274,1.28,0.013281,0.02545,5443.49,双边
0.029688,0.049627,0.03384,0.027462,0.026868,0.034102,1.278,2024-10-17,0.001312,0.065735,0.081014,0.004025,0.080503,1.307,1.275,0.075456,0.144748,0.03429,1.304,1.297,-0.014649,0.028784,-8484.22,仅买
0.024672,0.047865,0.034456,0.025759,0.02755,0.028351,1.291,2024-10-18,-0.015332,0.04399,0.062521,-0.007764,0.064069,1.304,1.26,0.020767,0.125991,-0.014649,1.283,1.278,0.010172,0.029087,5405.68,双边
0.034429,0.048193,0.03512,0.029596,0.028389,0.028297,1.281,2024-10-21,-0.006617,0.046997,0.070096,0.0,0.074013,1.302,1.271,0.013344,0.159928,0.011755,1.301,1.291,-0.007746,0.031668,-8119.74,仅买
0.024012,0.04353,0.035737,0.027705,0.028738,0.027144,1.286,2024-10-22,-0.009281,0.031941,0.058415,-0.003423,0.064971,1.289,1.274,-0.048998,0.148879,-0.02139,1.274,1.281,0.003903,0.032351,0.0,未触发
0.01171,0.032971,0.03574,0.023384,0.02847,0.024902,1.287,2024-10-23,0.000856,0.028759,0.059163,-0.000466,0.068239,1.293,1.283,-0.059254,0.156475,0.004687,1.287,1.286,0.000778,0.034125,1115.6,仅买
0.007776,0.027311,0.035319,0.014499,0.028188,0.02052,1.281,2024-10-24,-0.000932,0.02289,0.056621,0.001868,0.068005,1.288,1.277,0.026316,0.145018,-0.00771,1.287,1.287,-0.004662,0.033854,-49.84,仅买
0.008547,0.022823,0.034857,0.009344,0.027989,0.017295,1.284,2024-10-25,-0.004353,0.012008,0.048367,-0.003268,0.061852,1.287,1.279,-0.012336,0.134632,0.002347,1.281,1.281,0.002342,0.034024,0.0,未触发
0.006245,0.019978,0.034726,0.007523,0.027854,0.011658,1.295,2024-10-28,-0.002641,0.008087,0.047365,0.000156,0.06309,1.295,1.279,0.00627,0.14032,-0.005422,1.279,1.284,0.008567,0.032967,0.0,未触发
0.012461,0.018246,0.034594,0.009084,0.028012,0.009348,1.275,2024-10-29,0.006998,0.010495,0.052589,0.006529,0.07069,1.298,1.274,-0.010695,0.137961,0.010929,1.298,1.295,-0.015444,0.032384,-7368.28,仅买
0.018533,0.017807,0.033368,0.012413,0.028142,0.010712,1.265,2024-10-30,-0.008168,-0.008438,0.032918,-0.007319,0.052979,1.28,1.257,-0.003906,0.07233,-0.008554,1.273,1.275,-0.007843,0.028639,-2798.6,仅买
0.018039,0.016642,0.033134,0.016344,0.028108,0.012765,1.26,2024-10-31,-0.013491,-0.018467,0.021177,-0.011719,0.043744,1.266,1.249,-0.024672,0.048922,-0.017094,1.265,1.265,-0.003953,0.02432,-840.2,仅买
0.013439,0.015519,0.031692,0.01667,0.028144,0.013743,1.271,2024-11-01,-0.016009,-0.02265,0.013731,-0.012384,0.03859,1.278,1.257,-0.014085,0.00639,-0.016393,1.257,1.26,0.00873,0.018486,0.0,未触发
0.016667,0.013743,0.030968,0.016048,0.027995,0.015828,1.28,2024-11-04,-0.005866,-0.014003,0.018266,-0.001728,0.046751,1.281,1.263,-0.015492,-0.002355,-0.010125,1.274,1.271,0.007081,0.012052,3873.97,仅买
0.014162,0.012758,0.028144,0.014756,0.028077,0.016168,1.297,2024-11-05,0.001252,-0.004433,0.020978,0.007715,0.053093,1.297,1.277,-0.000781,-0.04974,-0.011583,1.28,1.28,0.013281,0.003238,0.0,未触发
0.015625,0.013149,0.02306,0.015485,0.028209,0.015586,1.293,2024-11-06,0.013677,0.011543,0.029474,0.017574,0.065706,1.3,1.286,0.008554,-0.051207,0.017255,1.295,1.297,-0.003084,-0.002839,-435.93,仅买
0.010794,0.013451,0.020381,0.013527,0.02803,0.014137,1.319,2024-11-07,0.010077,0.006892,0.021731,0.009998,0.060909,1.32,1.286,0.004662,0.0311,0.022134,1.288,1.293,0.020108,-0.003608,0.0,未触发
0.026295,0.015226,0.019024,0.017572,0.028313,0.016709,1.303,2024-11-08,0.027339,0.026259,0.037086,0.020898,0.080262,1.327,1.295,0.029664,0.016962,0.046825,1.321,1.319,-0.01213,-0.003064,-6484.03,仅买
0.024261,0.017028,0.018503,0.02045,0.028827,0.018227,1.293,2024-11-11,0.013377,0.012747,0.019775,0.003543,0.0655,1.298,1.278,0.014798,0.02116,0.025177,1.298,1.303,-0.007675,-0.001901,-1975.75,仅买
0.015349,0.017316,0.017781,0.021968,0.028835,0.018465,1.285,2024-11-12,0.005756,0.0056,0.007873,-0.006149,0.055898,1.303,1.279,-0.001544,-0.012223,0.010156,1.293,1.293,-0.006187,7.8e-05,-1982.74,仅买
0.018561,0.017319,0.017563,0.01939,0.028018,0.019052,1.292,2024-11-13,-0.001244,-0.000816,-0.000855,-0.010473,0.047982,1.294,1.277,0.007843,0.003906,-0.009252,1.283,1.285,0.005447,0.003003,5405.68,双边
0.01323,0.016838,0.01674,0.015713,0.027702,0.019539,1.276,2024-11-14,0.002094,0.004822,0.002353,-0.004929,0.052289,1.293,1.273,0.021344,-0.003855,-0.000773,1.292,1.292,-0.012384,0.001285,-4305.52,仅买
0.01548,0.017042,0.016281,0.015757,0.026809,0.017376,1.272,2024-11-15,-0.011542,-0.007545,-0.010674,-0.010699,0.038144,1.284,1.272,0.012698,-0.001565,-0.0326,1.276,1.276,-0.003135,0.00035,-49.84,仅买
0.009404,0.016316,0.01503,0.012705,0.026084,0.014405,1.293,2024-11-18,-0.014717,-0.009924,-0.013724,-0.009037,0.033754,1.31,1.278,0.000787,-0.014717,-0.023791,1.278,1.272,0.016509,-0.001438,0.0,未触发
0.025157,0.017416,0.015087,0.01668,0.024568,0.016367,1.292,2024-11-19,0.000542,0.005952,0.00396,0.007323,0.049527,1.296,1.275,0.010156,0.009368,0.0,1.293,1.293,-0.000773,-0.00035,-49.83,仅买
0.016241,0.017477,0.015313,0.016934,0.021199,0.015902,1.295,2024-11-20,0.000155,0.004939,0.005135,0.005447,0.047454,1.295,1.285,-0.003855,0.004666,0.005447,1.29,1.292,0.002322,-0.000311,3437.49,仅买
0.00774,0.017172,0.015312,0.016379,0.019311,0.014805,1.295,2024-11-21,0.002322,0.006959,0.006398,0.007312,0.04871,1.298,1.29,0.001547,0.006216,0.002322,1.295,1.295,0.0,0.000194,1880.56,仅买
0.006178,0.01516,0.015193,0.010053,0.017736,0.012944,1.262,2024-11-22,0.004187,0.006412,0.006451,0.004343,0.047367,1.298,1.261,-0.018196,0.010929,0.01489,1.294,1.295,-0.025483,0.000817,-8934.29,仅买
0.028571,0.015591,0.016309,0.014163,0.017532,0.016778,1.262,2024-11-25,-0.018281,-0.018395,-0.018841,-0.01973,0.019674,1.272,1.255,-0.031466,-0.017134,-0.007862,1.264,1.262,0.0,0.000701,1136.61,仅买
0.013471,0.015403,0.01636,0.016073,0.016989,0.01444,1.261,2024-11-26,-0.015908,-0.017134,-0.017644,-0.014986,0.018659,1.267,1.256,-0.023975,-0.025483,-0.023975,1.257,1.262,-0.000792,-0.00105,0.0,未触发
0.008716,0.014419,0.015869,0.016919,0.016515,0.012935,1.274,2024-11-27,-0.014844,-0.017377,-0.017938,-0.01098,0.016867,1.275,1.248,-0.018677,-0.01098,-0.023994,1.261,1.261,0.010309,-0.001828,5500.88,双边
0.021412,0.015237,0.016038,0.014533,0.016239,0.01567,1.272,2024-11-28,-0.003286,-0.007595,-0.007221,0.002518,0.02615,1.278,1.269,-0.013932,0.007115,-0.016216,1.274,1.274,-0.00157,-0.001788,342.55,仅买
0.007064,0.014395,0.015719,0.012397,0.015652,0.015847,1.28,2024-11-29,-0.004539,-0.009616,-0.008625,0.004581,0.023386,1.286,1.272,-0.003135,0.009524,-0.017761,1.272,1.272,0.006289,-0.001865,0.0,未触发
0.011006,0.014556,0.015436,0.013161,0.014872,0.012334,1.287,2024-12-02,0.001095,-0.003736,-0.002105,0.008033,0.02847,1.288,1.275,0.006289,0.007081,0.014263,1.28,1.28,0.005469,-0.000661,3465.38,仅买
0.010156,0.013056,0.015236,0.009409,0.01441,0.011671,1.3,2024-12-03,0.007042,0.00144,0.003196,0.00957,0.032408,1.3,1.28,-0.00464,0.005469,0.01981,1.284,1.287,0.010101,0.000896,5401.48,双边
0.01554,0.012985,0.015231,0.012234,0.014537,0.013036,1.3,2024-12-04,0.016578,0.011437,0.012961,0.013566,0.041027,1.307,1.289,0.006192,0.002313,0.030928,1.298,1.3,0.0,0.001558,1490.88,仅买
0.013846,0.013596,0.015384,0.013181,0.01474,0.011523,1.298,2024-12-05,0.016181,0.011162,0.012619,0.009474,0.039238,1.302,1.296,0.003861,0.005414,0.020408,1.301,1.3,-0.001538,0.00148,718.72,仅买
0.004615,0.01344,0.0143,0.011334,0.014609,0.011033,1.315,2024-12-06,0.014379,0.010431,0.010615,0.003867,0.035804,1.32,1.298,0.002317,-0.015921,0.02044,1.299,1.298,0.013097,0.000195,0.0,未触发
0.016949,0.012278,0.013934,0.011804,0.014965,0.012221,1.319,2024-12-09,0.023426,0.023187,0.023028,0.011538,0.047252,1.328,1.312,0.041997,0.00921,0.027344,1.316,1.315,0.003042,0.000311,5268.49,双边
0.012167,0.012147,0.013775,0.011244,0.014956,0.012624,1.319,2024-12-10,0.022005,0.025262,0.025501,0.009645,0.048281,1.351,1.318,0.045166,0.020108,0.024864,1.342,1.319,0.0,0.00105,-7126.95,仅买
0.025019,0.013778,0.014098,0.018045,0.015172,0.014519,1.326,2024-12-11,0.017433,0.023909,0.024333,0.006717,0.045981,1.33,1.318,0.045995,0.026459,0.014615,1.32,1.319,0.005307,0.002256,0.0,未触发
0.009098,0.012546,0.013892,0.015428,0.014874,0.01357,1.333,2024-12-12,0.018746,0.027987,0.028146,0.008058,0.048857,1.334,1.321,0.040816,0.026316,0.02,1.328,1.326,0.005279,0.003306,3338.48,仅买
0.009804,0.01282,0.013608,0.01464,0.014753,0.014607,1.311,2024-12-13,0.019347,0.031135,0.031627,0.008016,0.051649,1.332,1.309,0.047956,0.044671,0.026965,1.332,1.333,-0.016504,0.006344,-6429.62,仅买
0.017254,0.013445,0.014,0.012052,0.014772,0.014668,1.318,2024-12-16,0.000153,0.01259,0.013555,-0.008021,0.031607,1.326,1.308,0.024219,0.03066,-0.003042,1.31,1.311,0.005339,0.007392,0.0,未触发
0.01373,0.013802,0.013429,0.013596,0.014758,0.014981,1.311,2024-12-17,0.00312,0.017015,0.01797,-0.002573,0.034361,1.324,1.308,0.024087,0.019335,-0.000758,1.316,1.318,-0.005311,0.007346,-49.84,仅买
0.01214,0.013462,0.013224,0.014375,0.014642,0.012405,1.318,2024-12-18,-0.003042,0.010872,0.012199,-0.006668,0.026196,1.328,1.312,0.008462,0.014706,-0.006065,1.312,1.311,0.005339,0.006754,0.0,未触发
0.012204,0.013298,0.013447,0.012691,0.014689,0.013026,1.305,2024-12-19,0.000911,0.015369,0.016949,-0.000152,0.029071,1.315,1.299,0.013846,0.017761,-0.006033,1.315,1.318,-0.009863,0.006318,-2711.11,仅买
0.01214,0.014051,0.013745,0.012161,0.014217,0.013494,1.295,2024-12-20,-0.009488,0.004967,0.007281,-0.00579,0.016593,1.307,1.294,0.005393,0.007722,-0.021005,1.301,1.305,-0.007663,0.004487,-818.41,仅买
0.009962,0.013352,0.012815,0.011435,0.01374,0.012035,1.296,2024-12-23,-0.015583,-0.003999,-0.000232,-0.010997,0.006594,1.308,1.293,-0.015209,0.026149,-0.012204,1.293,1.295,0.000772,0.004248,0.0,未触发
0.011583,0.013293,0.01272,0.011228,0.013615,0.011606,1.31,2024-12-24,-0.013098,-0.004532,0.000463,-0.006897,0.005314,1.31,1.295,-0.017437,0.026941,-0.016692,1.296,1.296,0.010802,0.004591,0.0,未触发
0.011574,0.011949,0.012863,0.01104,0.013382,0.011493,1.316,2024-12-25,-0.001753,0.004332,0.010621,0.003985,0.014586,1.317,1.305,-0.006823,0.038858,-0.000763,1.308,1.31,0.00458,0.005744,0.0,未触发
0.00916,0.011955,0.012251,0.010772,0.013246,0.010884,1.31,2024-12-26,0.003584,0.00731,0.014623,0.008893,0.017788,1.315,1.306,-0.007541,0.032967,-0.001517,1.313,1.316,-0.004559,0.006471,711.72,仅买
0.006839,0.011659,0.012239,0.009191,0.012958,0.009824,1.312,2024-12-27,0.000764,0.001261,0.009115,0.003524,0.012391,1.314,1.299,-0.017254,0.029874,0.003831,1.308,1.31,0.001527,0.007547,3007.61,仅买
0.01145,0.011078,0.012262,0.00915,0.013026,0.010121,1.328,2024-12-30,0.002215,0.001565,0.009619,0.002445,0.01344,1.331,1.311,0.000763,0.025,0.013127,1.311,1.312,0.012195,0.007499,0.0,未触发
0.015244,0.01123,0.012516,0.011178,0.012696,0.010854,1.322,2024-12-31,0.013663,0.012195,0.021015,0.009732,0.02605,1.337,1.321,0.007587,0.031857,0.024691,1.328,1.328,-0.004518,0.007758,703.11,仅买
0.012048,0.01122,0.012341,0.012914,0.012556,0.010948,1.295,2025-01-02,0.008237,0.006778,0.015621,0.003339,0.022007,1.328,1.288,0.008391,0.016923,0.00916,1.322,1.322,-0.020424,0.006708,-10260.74,仅买
0.030257,0.013026,0.013162,0.019183,0.013307,0.015168,1.284,2025-01-03,-0.01062,-0.013596,-0.005122,-0.014009,0.000605,1.305,1.28,-0.017451,-0.003846,-0.015957,1.295,1.295,-0.008494,0.004899,5355.28,双边
0.019305,0.013742,0.013896,0.020537,0.013744,0.017661,1.289,2025-01-06,-0.017447,-0.021453,-0.013294,-0.018499,-0.007728,1.292,1.275,-0.016092,-0.010786,-0.019847,1.285,1.284,0.003894,0.002904,3062.8,仅买
0.01324,0.01407,0.013711,0.020934,0.013233,0.018019,1.286,2025-01-07,-0.013168,-0.016669,-0.010137,-0.0112,-0.004031,1.291,1.274,-0.004633,-0.019772,-0.01753,1.286,1.289,-0.002327,0.000687,1116.5,仅买
0.013189,0.014231,0.013762,0.015244,0.013224,0.017608,1.284,2025-01-08,-0.01471,-0.017721,-0.013047,-0.007103,-0.006054,1.287,1.268,-0.007716,-0.025019,-0.031627,1.285,1.286,-0.001555,-0.002134,-49.84,仅买
0.014774,0.014551,0.01325,0.013734,0.013426,0.018153,1.266,2025-01-09,-0.014279,-0.017936,-0.015161,-0.002796,-0.007651,1.281,1.263,-0.019847,-0.026535,-0.028744,1.281,1.284,-0.014019,-0.004303,-4342.93,仅买
0.014019,0.015037,0.013496,0.013994,0.013179,0.014905,1.247,2025-01-10,-0.024353,-0.029476,-0.028769,-0.012326,-0.021172,1.268,1.246,-0.037994,-0.045249,-0.022394,1.261,1.266,-0.015008,-0.006398,-3618.16,仅买
0.017378,0.01609,0.013874,0.01539,0.013523,0.01452,1.235,2025-01-13,-0.034307,-0.04088,-0.042733,-0.0215,-0.035477,1.248,1.231,-0.048092,-0.064516,-0.028816,1.244,1.247,-0.009623,-0.009145,-2461.12,仅买
0.013633,0.016309,0.013693,0.01501,0.013611,0.014598,1.257,2025-01-14,-0.037862,-0.047325,-0.050852,-0.022634,-0.044068,1.259,1.236,-0.058689,-0.057971,-0.041893,1.237,1.235,0.017814,-0.011062,0.0,未触发
0.018623,0.016647,0.013938,0.016545,0.013893,0.015685,1.26,2025-01-15,-0.015276,-0.028068,-0.033201,-0.000636,-0.026738,1.27,1.255,-0.053464,-0.046282,-0.022551,1.256,1.257,0.002387,-0.012145,0.0,未触发
0.011933,0.016635,0.013928,0.01473,0.013773,0.015117,1.27,2025-01-16,-0.008108,-0.023823,-0.029899,0.005587,-0.024088,1.275,1.26,-0.046899,-0.038902,-0.018692,1.26,1.26,0.007937,-0.012773,0.0,未触发
0.011905,0.0148,0.013913,0.014154,0.013708,0.014694,1.266,2025-01-17,0.001735,-0.014243,-0.021446,0.012921,-0.016127,1.27,1.258,-0.019305,-0.036419,0.00316,1.269,1.27,-0.00315,-0.012342,344.14,仅买
0.009449,0.013814,0.013778,0.011096,0.013869,0.013109,1.264,2025-01-20,0.0,-0.015858,-0.023726,0.006679,-0.019036,1.271,1.261,-0.014019,-0.029885,0.015237,1.269,1.266,-0.00158,-0.010576,-837.8,仅买
0.007899,0.01328,0.013675,0.009751,0.013567,0.011962,1.256,2025-01-21,0.000396,-0.016228,-0.023988,0.000475,-0.020332,1.268,1.253,-0.019395,-0.023938,0.023482,1.264,1.264,-0.006329,-0.008871,-1631.75,仅买
0.011867,0.013148,0.013689,0.009738,0.013557,0.010611,1.244,2025-01-22,-0.00357,-0.02093,-0.028591,-0.0057,-0.026042,1.258,1.241,-0.023328,-0.030864,-0.000796,1.258,1.256,-0.009554,-0.00808,-3228.88,仅买
0.013535,0.013024,0.013787,0.0111,0.013175,0.010931,1.26,2025-01-23,-0.009948,-0.027783,-0.036008,-0.012698,-0.034961,1.265,1.249,-0.031153,-0.050382,-0.012698,1.249,1.244,0.012862,-0.008677,0.0,未触发
0.012862,0.012908,0.013972,0.012755,0.0133,0.011122,1.266,2025-01-24,0.003265,-0.013119,-0.021942,0.00159,-0.022485,1.271,1.253,-0.004739,-0.042553,-0.007874,1.26,1.26,0.004762,-0.009004,5505.08,双边
0.014286,0.012599,0.014345,0.013561,0.013449,0.01209,1.282,2025-01-27,0.006519,-0.006708,-0.015578,0.006359,-0.017907,1.286,1.267,0.015237,-0.033588,0.0,1.267,1.266,0.012638,-0.009212,0.0,未触发
0.015008,0.012737,0.014523,0.014052,0.013374,0.013511,1.258,2025-02-05,0.015446,0.00703,-0.002386,0.01617,-0.005636,1.284,1.255,0.038057,-0.022866,0.014241,1.283,1.282,-0.018721,-0.009184,-8622.81,仅买
0.022621,0.013136,0.014891,0.017305,0.013671,0.015662,1.26,2025-02-06,-0.003643,-0.009098,-0.019537,-0.00317,-0.023974,1.26,1.249,0.000796,-0.052711,0.001592,1.258,1.258,0.00159,-0.010368,1937.07,仅买
0.008744,0.012817,0.014726,0.015458,0.013558,0.014704,1.27,2025-02-07,-0.002059,-0.005093,-0.016675,-0.00411,-0.021954,1.271,1.253,0.0,-0.046899,0.012862,1.259,1.26,0.007937,-0.010238,5509.29,双边
0.014286,0.013056,0.013928,0.015217,0.013627,0.014989,1.266,2025-02-10,0.005861,0.003794,-0.007632,0.00221,-0.013899,1.272,1.263,0.0,-0.019305,0.007937,1.272,1.27,-0.00315,-0.009046,-442.81,仅买
0.007087,0.012819,0.013317,0.010039,0.013459,0.013549,1.27,2025-02-11,0.002693,0.001345,-0.009751,-0.000947,-0.01633,1.272,1.266,0.0,-0.014019,0.0,1.266,1.266,0.00316,-0.008042,0.0,未触发
0.004739,0.012503,0.012892,0.008704,0.013285,0.011495,1.271,2025-02-12,0.005383,0.005264,-0.005975,0.004111,-0.0128,1.272,1.263,0.004747,-0.01474,-0.00936,1.27,1.27,0.000787,-0.007619,1524.88,仅买
0.007087,0.012025,0.012587,0.006304,0.013135,0.008388,1.272,2025-02-13,0.004981,0.006653,-0.004543,0.00284,-0.011741,1.277,1.269,0.011943,-0.011664,0.010334,1.269,1.271,0.000787,-0.005474,0.0,未触发
0.006294,0.011301,0.012163,0.00604,0.012959,0.007899,1.272,2025-02-14,0.00355,0.007924,-0.00277,0.001733,-0.010797,1.273,1.266,0.022508,-0.009346,0.009524,1.272,1.272,0.0,-0.003514,1522.09,仅买
0.005503,0.010565,0.011737,0.006295,0.012837,0.006142,1.27,2025-02-17,0.002601,0.007684,-0.001622,0.001417,-0.01054,1.272,1.263,0.009524,0.004739,0.001575,1.272,1.272,-0.001572,-0.002292,-49.83,仅买
0.007075,0.009844,0.011222,0.006291,0.012845,0.00614,1.267,2025-02-18,0.000709,0.005184,-0.002148,-0.000787,-0.012019,1.273,1.261,0.00316,0.018444,0.00316,1.268,1.27,-0.002362,-0.000672,-49.84,仅买
0.009449,0.009288,0.011013,0.007342,0.012778,0.007082,1.261,2025-02-19,-0.000473,0.001541,-0.00333,-0.002676,-0.014289,1.265,1.257,-0.0117,0.025911,-0.002362,1.265,1.267,-0.004736,0.001346,-49.83,仅买
0.006314,0.007658,0.010397,0.007613,0.01248,0.006927,1.257,2025-02-20,-0.005442,-0.003359,-0.006304,-0.005834,-0.01855,1.26,1.254,0.002385,0.003182,-0.007868,1.26,1.261,-0.003172,0.002099,346.94,仅买
0.004758,0.007259,0.010038,0.00684,0.012237,0.00662,1.249,2025-02-21,-0.008362,-0.006403,-0.007762,-0.006638,-0.021219,1.258,1.247,-0.002381,-0.002381,-0.011792,1.257,1.257,-0.006364,0.002456,-1640.55,仅买
0.008751,0.006706,0.009881,0.006608,0.01152,0.00727,1.249,2025-02-24,-0.013038,-0.011906,-0.012882,-0.009359,-0.026867,1.255,1.244,-0.016535,-0.016535,-0.018082,1.249,1.249,0.0,0.001386,1551.28,仅买
0.008807,0.006878,0.009849,0.007439,0.01117,0.007616,1.243,2025-02-25,-0.011711,-0.011241,-0.011971,-0.006048,-0.026285,1.253,1.241,-0.013428,-0.013428,-0.016535,1.253,1.249,-0.004804,-0.000198,-2842.7,仅买
0.009608,0.007365,0.009934,0.009055,0.011049,0.007648,1.258,2025-02-26,-0.014353,-0.015173,-0.015524,-0.00703,-0.030724,1.259,1.241,-0.02126,-0.016614,-0.018942,1.241,1.243,0.012068,-0.002292,0.0,未触发
0.014481,0.008104,0.010065,0.010965,0.011092,0.009281,1.272,2025-02-27,-0.001429,-0.003367,-0.002906,0.005435,-0.018976,1.272,1.257,-0.010228,0.001592,-0.002379,1.258,1.258,0.011129,-0.002371,0.0,未触发
0.011924,0.008667,0.009984,0.012004,0.010997,0.010714,1.264,2025-02-28,0.009684,0.006608,0.00851,0.014192,-0.0082,1.275,1.261,0.0,0.022508,0.011933,1.272,1.272,-0.006289,-0.001146,-2800.69,仅买
0.011006,0.009217,0.009891,0.01247,0.010897,0.011165,1.261,2025-03-03,0.003971,0.000119,0.00222,0.005409,-0.01431,1.268,1.258,-0.006289,0.003175,0.01201,1.265,1.264,-0.002373,-0.000158,-840.2,仅买
0.007911,0.009301,0.009573,0.01028,0.010581,0.010986,1.261,2025-03-04,0.002305,-0.002058,-0.000528,0.001111,-0.016509,1.263,1.255,-0.007087,-0.003949,0.009608,1.259,1.261,0.0,0.000317,1935.56,仅买
0.006344,0.00899,0.009139,0.008421,0.010339,0.010333,1.266,2025-03-05,0.002783,-0.001228,-0.001214,-0.001742,-0.016266,1.266,1.257,-0.004736,-0.016381,0.014481,1.26,1.261,0.003965,0.000317,0.0,未触发
0.007137,0.009073,0.008365,0.007131,0.009956,0.008865,1.265,2025-03-06,0.006359,0.002415,0.002508,0.000949,-0.012095,1.267,1.261,0.003965,0.006359,0.006359,1.266,1.266,-0.00079,0.000555,1134.8,仅买
0.004739,0.009071,0.008165,0.006074,0.009716,0.007428,1.268,2025-03-07,0.004925,0.001425,0.001584,0.001266,-0.012426,1.272,1.264,0.006364,0.003968,-0.005503,1.264,1.265,0.002372,-0.000356,0.0,未触发
0.006324,0.008828,0.007767,0.006067,0.00953,0.006491,1.273,2025-03-10,0.00579,0.003879,0.004012,0.003006,-0.009672,1.274,1.266,0.015212,-0.001575,0.003165,1.268,1.268,0.003943,-0.000593,0.0,未触发
0.006309,0.008578,0.007728,0.005791,0.009425,0.006171,1.278,2025-03-11,0.007838,0.007559,0.007785,0.005053,-0.005443,1.278,1.263,0.019215,0.005529,0.009516,1.269,1.273,0.003928,-0.000119,5071.9,仅买
0.011783,0.008796,0.00808,0.008139,0.009555,0.007259,1.274,2025-03-12,0.009,0.011196,0.011369,0.006299,-0.001055,1.278,1.273,0.028158,0.006299,0.013481,1.278,1.278,-0.00313,0.00103,341.34,仅买
0.003912,0.007739,0.007922,0.007335,0.00929,0.006614,1.282,2025-03-13,0.004573,0.007911,0.007725,0.001887,-0.003598,1.285,1.274,0.012719,0.00236,0.006319,1.274,1.274,0.006279,0.000831,0.0,未触发
0.008634,0.00741,0.008039,0.00811,0.009126,0.007393,1.293,2025-03-14,0.010085,0.013839,0.013038,0.00549,0.003143,1.294,1.282,0.007862,0.007862,0.013439,1.282,1.282,0.00858,0.001029,0.0,未触发
0.00936,0.007246,0.008231,0.007302,0.009009,0.008,1.296,2025-03-17,0.01643,0.02169,0.020843,0.010156,0.012186,1.3,1.293,0.022943,0.016509,0.019716,1.293,1.293,0.00232,0.00194,0.0,未触发
0.005414,0.006996,0.008148,0.007803,0.008714,0.007821,1.296,2025-03-18,0.015992,0.02301,0.022405,0.008874,0.015024,1.299,1.291,0.027756,0.020472,0.018068,1.298,1.296,0.0,0.002691,335.34,仅买
0.006173,0.006979,0.007985,0.006982,0.008419,0.006699,1.297,2025-03-19,0.013212,0.02184,0.022028,0.006055,0.015223,1.298,1.291,0.027756,0.022889,0.014085,1.294,1.296,0.000772,0.003521,0.0,未触发
0.005401,0.006805,0.007939,0.005663,0.007845,0.006996,1.295,2025-03-20,0.011543,0.021179,0.021769,0.003249,0.016285,1.301,1.292,0.024487,0.028549,0.018053,1.298,1.297,-0.001542,0.004826,335.34,仅买
0.006939,0.007025,0.008048,0.006171,0.007785,0.006657,1.291,2025-03-21,0.007625,0.018082,0.019257,-0.000309,0.01493,1.301,1.283,0.023715,0.030231,0.01014,1.292,1.295,-0.003089,0.005931,723.93,仅买
0.0139,0.007783,0.008305,0.008747,0.007772,0.007565,1.295,2025-03-24,0.002718,0.013264,0.015549,-0.003089,0.012152,1.296,1.286,0.018139,0.033627,-0.001547,1.29,1.291,0.003098,0.006756,3437.49,仅买
0.007746,0.007926,0.008252,0.009528,0.007794,0.008032,1.304,2025-03-25,0.004109,0.014572,0.017922,0.000154,0.015421,1.305,1.294,0.017282,0.036829,-0.000772,1.295,1.295,0.00695,0.007538,0.0,未触发
0.008494,0.007597,0.008197,0.010047,0.007919,0.008496,1.302,2025-03-26,0.009054,0.019188,0.024084,0.005862,0.022358,1.304,1.297,0.020344,0.049075,0.006173,1.304,1.304,-0.001534,0.008791,716.92,仅买
0.005368,0.007743,0.007741,0.007203,0.007862,0.008489,1.3,2025-03-27,0.005328,0.015878,0.021684,0.003546,0.020709,1.304,1.296,0.021978,0.034976,0.003855,1.3,1.302,-0.001536,0.009094,1103.9,仅买
0.006144,0.007494,0.007452,0.006669,0.007857,0.00833,1.293,2025-03-28,0.00239,0.013211,0.019368,0.001232,0.019275,1.3,1.289,0.014041,0.022013,0.003861,1.299,1.3,-0.005385,0.008687,-819.61,仅买
0.008462,0.007404,0.007325,0.006658,0.007956,0.007243,1.285,2025-03-31,-0.003007,0.006617,0.013323,-0.004466,0.014091,1.296,1.282,0.0,0.022943,0.001549,1.293,1.293,-0.006187,0.008163,-1209.57,仅买
0.010828,0.007945,0.007471,0.008478,0.008081,0.007859,1.296,2025-04-01,-0.008335,-0.000544,0.006659,-0.009099,0.008146,1.298,1.285,-0.008488,0.019033,-0.007722,1.286,1.285,0.00856,0.007286,0.0,未触发
0.010117,0.00834,0.007659,0.009802,0.008103,0.008184,1.302,2025-04-02,0.000154,0.006641,0.014508,0.000618,0.016989,1.305,1.295,0.0,0.027756,-0.006135,1.295,1.296,0.00463,0.006253,0.0,未触发
0.007716,0.008571,0.007688,0.009553,0.00815,0.008653,1.303,2025-04-03,0.004397,0.009889,0.018115,0.00525,0.022045,1.305,1.294,0.003855,0.028436,0.0,1.297,1.302,0.000768,0.00593,0.0,未触发
0.008449,0.008722,0.007874,0.00876,0.008273,0.009114,1.219,2025-04-07,0.004549,0.009178,0.017677,0.005556,0.023084,1.278,1.199,0.006178,0.03004,0.002308,1.274,1.303,-0.064467,0.006313,0.0,未触发
0.060629,0.013395,0.010589,0.025598,0.010002,0.019548,1.248,2025-04-08,-0.054966,-0.054086,-0.047185,-0.0484,-0.041918,1.249,1.221,-0.055771,-0.038644,-0.057231,1.224,1.219,0.02379,0.00327,0.0,未触发
0.02297,0.014918,0.011422,0.030683,0.010474,0.021976,1.251,2025-04-09,-0.028945,-0.030642,-0.024492,-0.020101,-0.018662,1.252,1.222,-0.036293,-0.019639,-0.028794,1.239,1.248,0.002404,0.001361,5195.41,双边
0.024038,0.016472,0.012035,0.035879,0.010955,0.02476,1.263,2025-04-10,-0.02258,-0.027292,-0.022351,-0.010754,-0.015813,1.268,1.251,-0.040644,-0.021127,-0.034722,1.254,1.251,0.009592,-0.001049,0.0,未触发
0.013589,0.017294,0.012519,0.020199,0.010925,0.025935,1.258,2025-04-11,-0.010188,-0.017541,-0.013101,0.004933,-0.006073,1.262,1.254,-0.029954,-0.008634,-0.029954,1.256,1.263,-0.003959,-0.00287,0.0,未触发
0.006334,0.017313,0.012404,0.014654,0.010739,0.025512,1.269,2025-04-14,-0.010851,-0.020516,-0.01665,0.008174,-0.00967,1.27,1.258,-0.032308,-0.018721,-0.034536,1.26,1.258,0.008744,-0.005267,0.0,未触发
0.009539,0.017421,0.012412,0.009821,0.01069,0.015294,1.274,2025-04-15,-0.000315,-0.011028,-0.00818,0.008904,-0.00105,1.274,1.265,-0.018561,-0.018561,0.041017,1.268,1.269,0.00394,-0.004307,0.0,未触发
0.007092,0.017047,0.012496,0.007655,0.010663,0.012119,1.277,2025-04-16,0.004494,-0.006279,-0.00461,0.008709,0.002531,1.279,1.268,-0.00856,-0.016975,0.020833,1.272,1.274,0.002355,-0.004194,3094.01,仅买
0.008634,0.016899,0.012619,0.008422,0.010739,0.009038,1.276,2025-04-17,0.00837,-0.0032,-0.002681,0.006939,0.004339,1.279,1.272,-0.01466,-0.01466,0.020783,1.275,1.277,-0.000783,-0.003888,0.0,未触发
0.005482,0.016676,0.012623,0.007069,0.010684,0.007416,1.278,2025-04-18,0.009653,-0.003164,-0.003722,0.004092,0.003302,1.28,1.273,-0.019969,-0.016191,0.010293,1.275,1.276,0.001567,-0.004278,0.0,未触发
0.005486,0.016379,0.012551,0.006534,0.010709,0.007247,1.274,2025-04-21,0.01324,-0.000938,-0.002498,0.00251,0.004638,1.286,1.274,-0.019186,-0.013127,0.015898,1.279,1.278,-0.00313,-0.00401,731.92,仅买
0.00939,0.011255,0.012325,0.006786,0.010811,0.007217,1.281,2025-04-22,0.005684,-0.003403,-0.005775,-0.001411,0.001441,1.285,1.275,0.045119,-0.013168,0.00394,1.275,1.274,0.005495,-0.003741,0.0,未触发
0.007849,0.009743,0.01233,0.007575,0.010862,0.007368,1.278,2025-04-23,0.008582,0.002622,-0.00052,0.002975,0.006746,1.284,1.276,0.026442,-0.010811,0.005495,1.282,1.281,-0.002342,-0.003432,-439.82,仅买
0.006245,0.007964,0.012218,0.007828,0.010678,0.00689,1.283,2025-04-24,0.004085,0.001293,-0.002861,0.00047,0.004204,1.287,1.275,0.021583,-0.019939,0.000783,1.276,1.278,0.003912,-0.003708,0.0,未触发
0.00939,0.007544,0.012419,0.007828,0.01086,0.007672,1.281,2025-04-25,0.006432,0.005959,0.000806,0.003284,0.007776,1.285,1.279,0.015835,-0.014593,0.005486,1.282,1.283,-0.001559,-0.003633,0.0,未触发
0.004677,0.007378,0.012346,0.00677,0.010728,0.00751,1.283,2025-04-28,0.003054,0.005139,-0.000728,0.001251,0.005718,1.284,1.277,0.018283,-0.014615,0.002347,1.281,1.281,0.001561,-0.003713,1901.56,仅买
0.005464,0.006971,0.012196,0.00651,0.010599,0.006725,1.278,2025-04-29,0.00352,0.007104,0.001092,0.001405,0.006985,1.283,1.276,0.011032,-0.007734,0.007064,1.279,1.283,-0.003897,-0.003442,0.0,未触发
0.005456,0.006807,0.011927,0.005199,0.0106,0.006246,1.272,2025-04-30,-0.000704,0.003455,-0.002342,-0.00203,0.002904,1.279,1.27,0.00314,-0.005447,-0.002342,1.279,1.278,-0.004695,-0.00317,-1222.48,仅买
0.007042,0.006648,0.011774,0.005988,0.010629,0.006406,1.272,2025-05-06,-0.005006,-0.000314,-0.006405,-0.005784,-0.001674,1.273,1.268,-0.003915,-0.018519,-0.004695,1.272,1.272,0.0,-0.003095,1522.09,仅买
0.003931,0.006493,0.011584,0.005476,0.01058,0.005314,1.281,2025-05-07,-0.004695,0.000866,-0.005758,-0.004071,-0.001857,1.284,1.277,-0.003135,-0.023041,-0.008574,1.277,1.272,0.007075,-0.003528,0.0,未触发
0.005503,0.006495,0.011437,0.005492,0.010532,0.005479,1.286,2025-05-08,0.002112,0.00882,0.001642,0.002975,0.004929,1.287,1.277,0.002347,-0.016884,0.0,1.281,1.281,0.003903,-0.003649,3072.4,仅买
0.007806,0.006336,0.008796,0.005747,0.010329,0.005948,1.292,2025-05-09,0.00508,0.010093,0.005683,0.006417,0.008641,1.293,1.286,0.009419,0.054963,0.002338,1.289,1.286,0.004666,-0.000628,0.0,未触发
0.005443,0.006096,0.00792,0.006251,0.010252,0.005945,1.295,2025-05-12,0.008902,0.013055,0.010454,0.008902,0.013002,1.297,1.291,0.008587,0.035256,0.010955,1.293,1.292,0.002322,0.001374,0.0,未触发
0.004644,0.005936,0.00695,0.005965,0.010124,0.005466,1.304,2025-05-13,0.009904,0.013659,0.013038,0.007625,0.015023,1.305,1.295,0.013302,0.035172,0.018082,1.297,1.295,0.00695,0.004047,0.0,未触发
0.007722,0.005769,0.006656,0.005936,0.010202,0.006224,1.312,2025-05-14,0.01526,0.019068,0.020025,0.0096,0.021637,1.312,1.299,0.016368,0.032462,0.025157,1.305,1.304,0.006135,0.006846,4164.05,仅买
0.009969,0.006298,0.006838,0.007445,0.01033,0.007117,1.308,2025-05-15,0.019029,0.023162,0.025962,0.010942,0.027368,1.316,1.307,0.0242,0.042925,0.0242,1.31,1.312,-0.003049,0.009844,0.0,未触发
0.00686,0.006438,0.006704,0.008184,0.010276,0.006928,1.302,2025-05-16,0.013953,0.018493,0.022434,0.004454,0.023755,1.308,1.295,0.019486,0.030733,0.017107,1.305,1.308,-0.004587,0.008719,-432.92,仅买
0.009939,0.006886,0.006847,0.008923,0.010247,0.007827,1.304,2025-05-19,0.007428,0.012717,0.017293,-0.001687,0.018633,1.307,1.299,0.018779,0.021978,0.00774,1.3,1.302,0.001536,0.008076,0.0,未触发
0.006144,0.006796,0.006722,0.007648,0.010114,0.008127,1.308,2025-05-20,0.006483,0.013209,0.018644,-0.001531,0.019706,1.312,1.304,0.025157,0.021143,0.00695,1.307,1.304,0.003067,0.007397,0.0,未触发
0.006135,0.007017,0.006755,0.007406,0.010062,0.007809,1.319,2025-05-21,0.006773,0.015055,0.021609,0.000918,0.022208,1.321,1.309,0.028302,0.025078,0.003067,1.309,1.308,0.00841,0.007033,0.0,未触发
0.009174,0.007384,0.006939,0.007151,0.010086,0.00765,1.318,2025-05-22,0.012279,0.021966,0.029772,0.008256,0.029973,1.319,1.314,0.029664,0.032081,0.005335,1.318,1.319,-0.000758,0.006512,1088.0,仅买
0.003791,0.006982,0.006659,0.006367,0.008191,0.007037,1.304,2025-05-23,0.009034,0.019453,0.026347,0.005953,0.028268,1.323,1.303,0.024883,0.034537,0.007645,1.316,1.318,-0.010622,0.006697,-2329.13,仅买
0.015175,0.007955,0.007026,0.00938,0.007931,0.008084,1.297,2025-05-26,-0.002601,0.007728,0.013971,-0.005036,0.016619,1.305,1.294,0.009288,0.017955,0.001536,1.303,1.304,-0.005368,0.006495,-1200.89,仅买
0.008436,0.008334,0.007135,0.009134,0.007411,0.008542,1.295,2025-05-27,-0.008106,0.001583,0.007326,-0.009319,0.010453,1.298,1.29,0.001544,0.014867,-0.005368,1.296,1.297,-0.001542,0.006177,1107.5,仅买
0.006168,0.008179,0.006974,0.009926,0.007164,0.008549,1.297,2025-05-28,-0.008954,-0.000425,0.004941,-0.008878,0.00841,1.298,1.291,-0.006902,0.009353,-0.009939,1.295,1.295,0.001544,0.005393,2266.64,仅买
0.005405,0.007723,0.00701,0.00667,0.007133,0.007795,1.301,2025-05-29,-0.006283,0.000501,0.005478,-0.003993,0.00964,1.301,1.294,-0.011433,0.01249,-0.016679,1.297,1.297,0.003084,0.004416,0.0,未触发
0.005397,0.007576,0.007007,0.005657,0.006995,0.008116,1.303,2025-05-30,-0.002683,0.002891,0.007746,0.001694,0.012268,1.304,1.298,-0.005352,0.01403,-0.012898,1.3,1.301,0.001537,0.003403,0.0,未触发
0.004612,0.007044,0.006965,0.005138,0.006912,0.006004,1.305,2025-06-03,-0.001226,0.003466,0.00854,0.003388,0.013272,1.309,1.295,0.000768,0.019562,-0.000767,1.302,1.303,0.001535,0.003478,2638.02,仅买
0.010744,0.007504,0.00715,0.006918,0.006983,0.006465,1.31,2025-06-04,0.00023,0.00373,0.009359,0.003692,0.014249,1.311,1.304,0.000767,0.025943,0.006168,1.304,1.305,0.003831,0.004016,0.0,未触发
0.005364,0.007427,0.007222,0.006907,0.006979,0.006305,1.304,2025-06-05,0.003908,0.006106,0.012339,0.005218,0.017555,1.313,1.301,0.001529,0.029874,0.011583,1.31,1.31,-0.00458,0.005017,-813.0,仅买
0.00916,0.007425,0.007404,0.008423,0.007101,0.007056,1.305,2025-06-06,0.00046,0.000614,0.007028,-0.00046,0.012383,1.31,1.303,-0.011372,0.017955,0.005397,1.304,1.304,0.000767,0.005284,0.0,未触发
0.005368,0.007583,0.007283,0.006631,0.006967,0.00705,1.307,2025-06-09,0.002227,0.000652,0.006996,-0.000306,0.012675,1.309,1.301,-0.009863,0.014774,0.003075,1.305,1.305,0.001533,0.005319,2631.72,仅买
0.00613,0.006679,0.007317,0.006886,0.00691,0.007353,1.308,2025-06-10,0.003532,0.001609,0.007866,0.000612,0.013781,1.316,1.302,0.002301,0.01161,0.00307,1.307,1.307,0.000765,0.004929,2245.05,仅买
0.010712,0.006906,0.00762,0.007403,0.007059,0.007347,1.315,2025-06-11,0.003452,0.001877,0.007859,0.000918,0.014163,1.316,1.308,0.008481,0.010039,0.002299,1.309,1.308,0.005352,0.004153,0.0,未触发
0.006116,0.006901,0.00754,0.007653,0.00695,0.007497,1.315,2025-06-12,0.007277,0.006814,0.012421,0.005505,0.019051,1.316,1.31,0.015444,0.008436,0.003817,1.313,1.315,0.0,0.00311,0.0,未触发
0.004563,0.006817,0.00727,0.00713,0.006946,0.006578,1.307,2025-06-13,0.00589,0.006699,0.011538,0.003817,0.018617,1.316,1.305,0.013878,0.002287,0.008436,1.313,1.315,-0.006084,0.00234,-430.63,仅买
0.008365,0.007113,0.007345,0.006348,0.007043,0.007177,1.309,2025-06-16,-0.000688,0.000612,0.004766,-0.002595,0.012237,1.31,1.303,0.004612,-0.000765,0.001533,1.307,1.307,0.00153,0.001572,2245.05,仅买
0.005356,0.007188,0.007116,0.006095,0.007039,0.007022,1.308,2025-06-17,0.000382,0.001875,0.005505,-0.001373,0.013616,1.311,1.306,0.004605,0.005376,0.00153,1.309,1.309,-0.000764,0.001264,0.0,未触发
0.00382,0.006495,0.007,0.005847,0.006932,0.005644,1.31,2025-06-18,-0.000611,0.000957,0.003812,-0.002136,0.012684,1.31,1.301,0.002299,0.003067,0.0,1.308,1.308,0.001529,0.000919,2243.25,仅买
0.006881,0.006647,0.007037,0.005352,0.00703,0.005797,1.301,2025-06-19,0.000917,0.00241,0.00437,0.000153,0.014063,1.309,1.298,0.0,0.001529,-0.003802,1.309,1.31,-0.00687,0.000574,-1959.24,仅买
0.008397,0.006571,0.006998,0.006366,0.007127,0.006564,1.307,2025-06-20,-0.005732,-0.00379,-0.00304,-0.004591,0.007018,1.308,1.301,-0.002301,-0.013647,-0.010646,1.301,1.301,0.004612,-0.00023,0.0,未触发
0.00538,0.006572,0.007077,0.006886,0.007046,0.005967,1.312,2025-06-23,-0.001299,0.001226,0.001021,0.0,0.011453,1.313,1.297,0.001533,-0.008346,0.0,1.305,1.307,0.003826,-0.000612,4164.05,仅买
0.012242,0.007183,0.006931,0.008673,0.007272,0.007344,1.314,2025-06-24,0.002139,0.004748,0.004338,0.003365,0.0151,1.316,1.306,0.003826,0.006135,0.002292,1.311,1.312,0.001524,-0.000574,2619.13,仅买
0.007622,0.006874,0.00689,0.008415,0.007372,0.008104,1.322,2025-06-25,0.003207,0.005625,0.005381,0.003973,0.016516,1.323,1.31,0.004587,0.013107,0.004587,1.314,1.314,0.006088,-7.7e-05,4515.93,仅买
0.009893,0.007252,0.007076,0.009919,0.007444,0.008707,1.322,2025-06-26,0.008775,0.010703,0.011038,0.008237,0.022442,1.326,1.318,0.005323,0.020849,0.00916,1.321,1.322,0.0,0.00088,0.0,未触发
0.006051,0.007401,0.007109,0.007856,0.007313,0.008238,1.319,2025-06-27,0.008237,0.009738,0.010781,0.005017,0.022152,1.333,1.315,0.005323,0.019275,0.016141,1.324,1.322,-0.002269,0.002527,-805.01,仅买
0.013616,0.007926,0.00752,0.009854,0.007539,0.009885,1.319,2025-06-30,0.005029,0.006755,0.008204,0.000911,0.019491,1.319,1.313,0.009181,0.013836,0.009181,1.318,1.319,0.0,0.003639,1467.28,仅买
0.004549,0.007845,0.007516,0.008072,0.007359,0.008346,1.327,2025-07-01,0.004264,0.006141,0.007768,-0.000152,0.019044,1.329,1.318,0.007639,0.012279,0.005335,1.319,1.319,0.006065,0.003944,0.0,未触发
0.00834,0.008297,0.007396,0.008835,0.007432,0.00849,1.338,2025-07-02,0.008895,0.011394,0.013286,0.003934,0.024816,1.34,1.327,0.014526,0.016858,0.009893,1.328,1.327,0.008289,0.004133,0.0,未触发
0.009797,0.008589,0.007618,0.007562,0.007554,0.00847,1.339,2025-07-03,0.015097,0.018691,0.020906,0.009811,0.032832,1.341,1.332,0.021374,0.021374,0.012103,1.337,1.338,0.000747,0.004167,2941.25,仅买
0.006726,0.008422,0.007496,0.008288,0.007473,0.008605,1.345,2025-07-04,0.012936,0.018096,0.02115,0.00798,0.033126,1.351,1.337,0.029208,0.02684,0.012859,1.339,1.339,0.004481,0.004545,0.0,未触发
0.010456,0.008929,0.007751,0.008993,0.007695,0.007973,1.353,2025-07-07,0.014558,0.021105,0.025022,0.008548,0.036077,1.354,1.342,0.029074,0.030651,0.019712,1.345,1.345,0.005948,0.005381,0.0,未触发
0.008922,0.008597,0.00789,0.008701,0.007486,0.008848,1.353,2025-07-08,0.017446,0.025388,0.029837,0.0094,0.040836,1.356,1.346,0.03125,0.035195,0.025777,1.351,1.353,0.0,0.006522,2170.09,仅买
0.007391,0.008574,0.007724,0.008923,0.007451,0.008658,1.359,2025-07-09,0.014471,0.023643,0.028376,0.005499,0.039477,1.361,1.353,0.02968,0.034404,0.019593,1.353,1.353,0.004435,0.007393,0.0,未触发
0.005913,0.008176,0.007714,0.007409,0.007443,0.007882,1.366,2025-07-10,0.016151,0.026474,0.031264,0.006816,0.042804,1.372,1.356,0.027988,0.03346,0.015695,1.356,1.359,0.005151,0.007994,0.0,未触发
0.011773,0.008748,0.008074,0.008359,0.007655,0.008891,1.361,2025-07-11,0.018035,0.029778,0.03477,0.007969,0.04673,1.374,1.36,0.033283,0.038783,0.020164,1.366,1.366,-0.00366,0.008592,-49.81,仅买
0.010249,0.008412,0.008169,0.009312,0.007817,0.00885,1.369,2025-07-14,0.011144,0.023924,0.029423,0.001914,0.041675,1.373,1.36,0.031842,0.041316,0.011896,1.36,1.361,0.005878,0.00911,0.0,未触发
0.009552,0.008912,0.008378,0.010525,0.007982,0.008976,1.355,2025-07-15,0.013323,0.027623,0.033754,0.005435,0.046529,1.369,1.349,0.037908,0.045837,0.011826,1.368,1.369,-0.010226,0.009625,-3338.24,仅买
0.014609,0.009539,0.008918,0.01147,0.00811,0.010419,1.35,2025-07-16,0.000886,0.015324,0.021896,-0.00514,0.034799,1.354,1.342,0.0211,0.035933,0.001478,1.354,1.355,-0.00369,0.009684,319.38,仅买
0.008856,0.009445,0.009017,0.011006,0.008227,0.011008,1.348,2025-07-17,-0.00369,0.010063,0.017102,-0.007499,0.03001,1.353,1.345,0.008969,0.030534,-0.006623,1.349,1.35,-0.001481,0.009517,0.0,未触发
0.005926,0.009365,0.008893,0.009797,0.008119,0.009838,1.354,2025-07-18,-0.005826,0.006797,0.014475,-0.006339,0.02757,1.355,1.348,0.006721,0.036126,-0.013177,1.348,1.348,0.004451,0.009348,0.0,未触发
0.005193,0.008838,0.008884,0.006658,0.008113,0.008827,1.372,2025-07-21,-0.002064,0.009506,0.017739,-0.000885,0.031095,1.372,1.357,0.006691,0.03596,-0.005143,1.357,1.354,0.013294,0.009066,0.0,未触发
0.011078,0.009054,0.008826,0.007399,0.008278,0.009132,1.394,2025-07-22,0.009789,0.020643,0.029592,0.011949,0.043597,1.395,1.363,0.014043,0.045732,0.002191,1.372,1.372,0.016035,0.009045,5415.91,双边
0.023324,0.010647,0.009611,0.013198,0.008698,0.010875,1.39,2025-07-23,0.022894,0.033933,0.043856,0.022294,0.058774,1.403,1.387,0.030303,0.060883,0.028782,1.402,1.394,-0.002869,0.010266,-2902.47,仅买
0.011478,0.011204,0.00969,0.015293,0.008877,0.0114,1.394,2025-07-24,0.017644,0.028373,0.038916,0.013415,0.054308,1.397,1.382,0.022811,0.051437,0.02963,1.389,1.39,0.002878,0.011298,3549.01,仅买
0.010791,0.011106,0.009927,0.015198,0.009085,0.012373,1.386,2025-07-25,0.018485,0.028593,0.039859,0.00956,0.055834,1.4,1.385,0.020498,0.054463,0.034125,1.394,1.394,-0.005739,0.012212,-766.97,仅买
0.01076,0.011157,0.009784,0.01101,0.009165,0.013486,1.374,2025-07-28,0.010793,0.020168,0.031864,-0.000865,0.048411,1.385,1.372,0.018369,0.050796,0.023634,1.384,1.386,-0.008658,0.012936,-1855.72,仅买
0.00938,0.01114,0.010026,0.01031,0.009299,0.013147,1.372,2025-07-29,0.001677,0.009292,0.021283,-0.009801,0.038078,1.375,1.364,0.003652,0.041698,0.001458,1.372,1.374,-0.001456,0.012721,1772.1,仅买
0.008006,0.010479,0.010009,0.009382,0.009438,0.010083,1.377,2025-07-30,-0.001019,0.00616,0.018182,-0.008097,0.035263,1.387,1.371,0.012546,0.033911,-0.015782,1.372,1.372,0.003644,0.011385,0.0,未触发
0.011662,0.01076,0.010102,0.009682,0.009598,0.01012,1.354,2025-07-31,0.000654,0.008385,0.020202,-0.002608,0.037666,1.373,1.349,0.02,0.029148,-0.009353,1.373,1.377,-0.016703,0.010284,-6239.2,仅买
0.017429,0.01191,0.010637,0.012366,0.009899,0.011447,1.354,2025-08-01,-0.016489,-0.009002,0.00185,-0.013551,0.019399,1.358,1.349,0.004451,0.011202,-0.028694,1.352,1.354,0.0,0.008153,0.0,未触发
0.006647,0.012055,0.010447,0.011913,0.009941,0.010625,1.358,2025-08-04,-0.016489,-0.009329,0.00069,-0.00893,0.01853,1.359,1.347,0.0,0.006691,-0.023088,1.349,1.354,0.002954,0.005999,0.0,未触发
0.008863,0.011834,0.010444,0.01098,0.009828,0.010521,1.372,2025-08-05,-0.012579,-0.006584,0.00251,-0.003668,0.020694,1.373,1.358,-0.010204,0.003695,-0.011645,1.358,1.358,0.010309,0.00415,0.0,未触发
0.011046,0.010606,0.010627,0.008852,0.009942,0.011129,1.381,2025-08-06,-0.000801,0.002961,0.011402,0.006603,0.030223,1.383,1.371,-0.015782,0.014043,0.0,1.373,1.372,0.00656,0.00319,0.0,未触发
0.008746,0.010333,0.010768,0.009552,0.009904,0.010546,1.384,2025-08-07,0.006413,0.008729,0.016562,0.012612,0.035983,1.386,1.375,-0.006475,0.016188,0.002905,1.381,1.381,0.002172,0.002563,3208.03,仅买
0.007965,0.01005,0.010578,0.009252,0.009968,0.008653,1.387,2025-08-08,0.009335,0.010256,0.017223,0.010366,0.0373,1.389,1.381,-0.007174,0.013177,0.022157,1.382,1.384,0.002168,0.002671,0.0,未触发
0.00578,0.009552,0.010355,0.007497,0.009707,0.00848,1.383,2025-08-11,0.011449,0.011486,0.017733,0.007701,0.038523,1.387,1.377,0.000722,0.019104,0.024372,1.387,1.387,-0.002884,0.003292,-410.19,仅买
0.00721,0.009335,0.010237,0.006985,0.009796,0.008149,1.388,2025-08-12,0.007871,0.008054,0.013212,0.001158,0.034483,1.39,1.382,0.00655,0.010226,0.018409,1.383,1.383,0.003615,0.003621,0.0,未触发
0.005785,0.009113,0.009796,0.006258,0.00971,0.007097,1.381,2025-08-13,0.010336,0.010483,0.015362,0.002456,0.037137,1.388,1.379,0.011662,0.024354,0.011662,1.387,1.388,-0.005043,0.00413,-410.19,仅买
0.006484,0.008595,0.009678,0.006493,0.0096,0.006645,1.367,2025-08-14,0.004948,0.004254,0.009183,-0.0026,0.030969,1.384,1.366,0.002905,0.022963,0.0,1.381,1.381,-0.010138,0.004456,-3307.65,仅买
0.013034,0.008156,0.010033,0.008434,0.00981,0.007659,1.371,2025-08-15,-0.00618,-0.006613,-0.001728,-0.010281,0.019908,1.373,1.362,0.009601,0.014095,-0.012283,1.366,1.367,0.002926,0.004489,0.0,未触发
0.008047,0.008296,0.010176,0.009188,0.00973,0.008112,1.368,2025-08-18,-0.004502,-0.004321,0.00056,-0.00508,0.022219,1.374,1.364,0.012555,0.012555,-0.011536,1.372,1.371,-0.002188,0.004157,-414.2,仅买
0.007294,0.008139,0.009986,0.009458,0.009676,0.008129,1.365,2025-08-19,-0.007401,-0.006356,-0.001994,-0.005091,0.019172,1.369,1.362,0.007364,-0.002915,-0.010846,1.365,1.368,-0.002193,0.003499,0.0,未触发
0.005117,0.007546,0.009076,0.006819,0.0096,0.007995,1.375,2025-08-20,-0.009074,-0.007489,-0.004473,-0.00394,0.016079,1.375,1.36,-0.005102,-0.020803,-0.016571,1.364,1.365,0.007326,0.001238,0.0,未触发
0.010989,0.00777,0.009052,0.0078,0.009769,0.008896,1.383,2025-08-21,-0.00138,0.000327,0.00243,0.004236,0.022508,1.385,1.374,-0.004345,-0.010791,-0.004345,1.375,1.375,0.005818,-0.000436,0.0,未触发
0.008,0.007774,0.008912,0.008035,0.009643,0.007889,1.383,2025-08-22,0.004503,0.00655,0.007846,0.007724,0.027362,1.384,1.37,-0.000723,-0.007891,0.011704,1.384,1.383,0.0,-0.001526,672.55,仅买
0.010123,0.008208,0.00888,0.009704,0.009639,0.008305,1.392,2025-08-25,0.004795,0.00666,0.007308,0.005965,0.02632,1.393,1.379,-0.002884,-0.002165,0.008753,1.382,1.383,0.006508,-0.002251,0.0,未触发
0.010123,0.0085,0.008917,0.009415,0.009658,0.00887,1.389,2025-08-26,0.010673,0.012548,0.013297,0.008988,0.031863,1.393,1.385,0.006508,0.0131,0.017544,1.389,1.392,-0.002155,-0.001453,0.0,未触发
0.005747,0.008496,0.008805,0.008664,0.009363,0.008996,1.366,2025-08-27,0.008422,0.009741,0.01028,0.003323,0.028571,1.389,1.364,0.00072,0.012391,0.017582,1.388,1.389,-0.016559,0.000218,-5452.55,仅买
0.017999,0.009647,0.009121,0.01129,0.009667,0.010398,1.366,2025-08-28,-0.007195,-0.006582,-0.006834,-0.012006,0.010841,1.37,1.351,-0.010862,-0.007988,-0.006545,1.365,1.366,0.0,0.000364,1781.59,仅买
0.013909,0.009735,0.008945,0.012552,0.009934,0.01158,1.367,2025-08-29,-0.007123,-0.007015,-0.007267,-0.009571,0.010069,1.379,1.364,-0.000732,0.008863,-0.012292,1.365,1.366,0.000732,0.001201,0.0,未触发
0.010981,0.010028,0.009162,0.014296,0.010127,0.011752,1.364,2025-09-01,-0.006107,-0.006757,-0.006853,-0.006541,0.010036,1.372,1.361,-0.002918,0.009601,-0.011569,1.368,1.367,-0.002195,0.001783,-49.8,仅买
0.008047,0.010103,0.009121,0.010979,0.010025,0.011337,1.367,2025-09-02,-0.008,-0.009153,-0.008841,-0.00467,0.007113,1.367,1.354,-0.002924,0.004418,-0.020115,1.363,1.364,0.002199,0.001346,2150.88,仅买
0.009531,0.010545,0.009046,0.00952,0.009566,0.012093,1.356,2025-09-03,-0.005963,-0.006793,-0.006011,0.000732,0.008596,1.37,1.353,0.001465,-0.003644,-0.015839,1.368,1.367,-0.008047,0.000545,-2972.86,仅买
0.012436,0.01069,0.00923,0.010005,0.009598,0.010981,1.355,2025-09-04,-0.012597,-0.01389,-0.013196,-0.005865,-2.5e-05,1.356,1.342,-0.013818,-0.018103,-0.007321,1.356,1.356,-0.000737,3.6e-05,1424.91,仅买
0.010324,0.010922,0.009348,0.010764,0.009582,0.010264,1.36,2025-09-05,-0.01131,-0.013577,-0.01299,-0.004993,-0.001253,1.36,1.347,-0.020246,-0.020954,-0.008053,1.355,1.355,0.00369,-0.001454,3271.02,仅买
0.009594,0.010869,0.009539,0.010785,0.009543,0.009986,1.37,2025-09-08,-0.005993,-0.008963,-0.008722,-0.000294,0.00178,1.371,1.356,-0.016631,-0.019466,-0.005121,1.36,1.36,0.007353,-0.002906,0.0,未触发
0.011029,0.01096,0.00973,0.010316,0.009598,0.010583,1.372,2025-09-09,0.002928,-0.001203,-0.001336,0.006169,0.008391,1.375,1.366,-0.015805,-0.0094,0.004399,1.369,1.37,0.00146,-0.003596,0.0,未触发
0.006569,0.011042,0.009769,0.009064,0.00955,0.009991,1.366,2025-09-10,0.005644,0.000839,0.000121,0.006899,0.009071,1.37,1.364,-0.012239,-0.011527,0.003658,1.37,1.372,-0.004373,-0.003996,679.95,仅买
0.004373,0.009679,0.009663,0.007324,0.009307,0.008378,1.373,2025-09-11,0.001246,-0.002992,-0.003986,0.001026,0.003969,1.374,1.36,0.0,-0.010862,0.007375,1.365,1.366,0.005124,-0.003636,4711.85,仅买
0.010249,0.009313,0.009524,0.007064,0.009068,0.008363,1.364,2025-09-12,0.005861,0.001897,0.000656,0.003508,0.008224,1.374,1.364,0.005124,0.004389,0.013284,1.371,1.373,-0.006555,-0.002366,-414.39,仅买
0.007283,0.008944,0.009486,0.007302,0.009089,0.007901,1.362,2025-09-15,-0.000513,-0.004416,-0.006145,-0.003652,0.000917,1.365,1.357,-0.002195,-0.005106,0.002941,1.364,1.364,-0.001466,-0.00164,1049.64,仅买
0.005865,0.008725,0.009414,0.007799,0.008989,0.006868,1.361,2025-09-16,-0.001832,-0.005658,-0.007698,-0.003949,-0.001161,1.369,1.356,-0.001466,-0.004386,-0.005839,1.363,1.362,-0.000734,-0.001385,316.97,仅买
0.009545,0.008727,0.009636,0.007564,0.008939,0.007463,1.364,2025-09-17,-0.002126,-0.006243,-0.008162,-0.003076,-0.002468,1.366,1.356,-0.004389,-0.00293,-0.008017,1.36,1.361,0.002204,-0.000948,0.0,未触发
0.007348,0.008218,0.009454,0.007586,0.008893,0.008058,1.343,2025-09-18,-0.000513,-0.003652,-0.005565,-0.000586,-0.000781,1.365,1.337,0.0059,-0.008,-0.001464,1.364,1.364,-0.015396,-0.000803,-7012.96,仅买
0.020528,0.009238,0.01008,0.012473,0.009311,0.010114,1.352,2025-09-19,-0.015035,-0.017557,-0.019899,-0.011628,-0.016417,1.354,1.34,-0.008856,-0.028923,-0.02185,1.343,1.343,0.006701,-0.002481,0.0,未触发
0.010424,0.009321,0.010095,0.012767,0.009466,0.010742,1.343,2025-09-22,-0.007852,-0.00985,-0.01249,-0.003244,-0.010225,1.352,1.339,-0.005882,-0.022415,-0.008798,1.349,1.352,-0.006657,-0.003358,-790.97,仅买
0.009615,0.00918,0.01007,0.013523,0.009546,0.011492,1.347,2025-09-23,-0.0125,-0.014674,-0.018107,-0.007097,-0.017101,1.348,1.335,-0.019708,-0.035201,-0.01395,1.343,1.343,0.002978,-0.004928,3300.72,仅买
0.00968,0.009491,0.010267,0.009907,0.009676,0.011519,1.352,2025-09-24,-0.007735,-0.010214,-0.014198,-0.002074,-0.014414,1.353,1.342,-0.018222,-0.030238,-0.010287,1.347,1.347,0.003712,-0.006316,3289.93,仅买
0.008166,0.00987,0.009775,0.009154,0.009732,0.011683,1.345,2025-09-25,-0.003023,-0.006029,-0.009838,0.003414,-0.010925,1.351,1.341,-0.010249,-0.010249,-0.008798,1.351,1.352,-0.005178,-0.006428,-49.8,仅买
0.007396,0.009585,0.009449,0.008414,0.009544,0.009056,1.348,2025-09-26,-0.006133,-0.010411,-0.014435,-0.002077,-0.016118,1.352,1.341,-0.020393,-0.015373,0.001489,1.343,1.345,0.00223,-0.005743,0.0,未触发
0.008178,0.009675,0.009309,0.007914,0.009549,0.008607,1.356,2025-09-29,-0.002737,-0.00751,-0.011682,0.000742,-0.013959,1.359,1.341,-0.01173,-0.013899,-0.002959,1.346,1.348,0.005935,-0.00531,5520.92,双边
0.013353,0.010423,0.009574,0.009643,0.009751,0.009355,1.354,2025-09-30,0.003627,-0.001326,-0.005525,0.004742,-0.008144,1.356,1.348,-0.004405,-0.005865,0.00968,1.356,1.356,-0.001475,-0.003815,687.55,仅买
0.0059,0.010059,0.009393,0.009144,0.009777,0.008599,1.361,2025-10-09,0.002666,-0.002321,-0.006725,0.002221,-0.009619,1.362,1.344,-0.005143,-0.00951,0.005197,1.354,1.354,0.00517,-0.002756,4380.37,仅买
0.013294,0.010654,0.009436,0.010849,0.009854,0.009624,1.375,2025-10-10,0.008073,0.002652,-0.001248,0.006062,-0.004523,1.377,1.355,-0.002199,0.003687,0.006657,1.357,1.361,0.010287,-0.002059,0.0,未触发
0.016165,0.010217,0.009728,0.011786,0.010126,0.011378,1.372,2025-10-13,0.016035,0.01222,0.009224,0.011922,0.005607,1.373,1.352,0.023827,0.01476,0.022305,1.362,1.375,-0.002182,-0.000552,5456.41,双边
0.015273,0.010702,0.010012,0.01491,0.010298,0.012797,1.385,2025-10-14,0.012322,0.009566,0.007293,0.00616,0.003278,1.388,1.368,0.014793,0.008824,0.017804,1.37,1.372,0.009475,0.000589,0.0,未触发
0.014577,0.011198,0.010189,0.015338,0.010446,0.013042,1.39,2025-10-15,0.018757,0.01857,0.017011,0.011392,0.012587,1.392,1.381,0.031273,0.010949,0.021386,1.386,1.385,0.00361,0.001436,3557.01,仅买
0.007942,0.011024,0.010258,0.012597,0.010519,0.01345,1.399,2025-10-16,0.019211,0.021571,0.020658,0.009734,0.01581,1.399,1.387,0.031923,0.01312,0.026588,1.39,1.39,0.006475,0.002579,0.0,未触发
0.008633,0.011071,0.010471,0.010384,0.010207,0.012518,1.387,2025-10-17,0.022287,0.02694,0.026437,0.010692,0.021777,1.404,1.383,0.034763,0.024158,0.027921,1.399,1.399,-0.008578,0.00361,-2550.78,仅买
0.015011,0.011833,0.010709,0.010529,0.010244,0.012287,1.398,2025-10-20,0.010417,0.017608,0.017111,0.000288,0.012532,1.398,1.378,0.031227,0.010197,0.008727,1.387,1.387,0.007931,0.003386,4995.54,仅买
0.01442,0.012457,0.011066,0.012688,0.010358,0.012117,1.396,2025-10-21,0.014735,0.024401,0.024401,0.004455,0.020016,1.4,1.388,0.037092,0.024927,0.01895,1.398,1.398,-0.001431,0.004194,1380.51,仅买
0.008584,0.01198,0.011202,0.012671,0.010376,0.010918,1.4,2025-10-22,0.01035,0.021663,0.022137,0.001435,0.01826,1.4,1.392,0.029499,0.024963,0.007942,1.394,1.396,0.002865,0.004891,0.0,未触发
0.005731,0.011963,0.011011,0.009578,0.01025,0.010476,1.409,2025-10-23,0.009882,0.02313,0.02424,0.002865,0.021103,1.411,1.398,0.033973,0.028655,0.007194,1.399,1.4,0.006429,0.005659,0.0,未触发
0.009286,0.011562,0.011108,0.007867,0.010145,0.010606,1.402,2025-10-24,0.012868,0.028017,0.029494,0.007868,0.02743,1.41,1.399,0.035268,0.032991,0.007148,1.41,1.409,-0.004968,0.006093,-1113.57,仅买
0.007807,0.010726,0.010472,0.007608,0.010061,0.009165,1.41,2025-10-27,0.005883,0.020713,0.023208,0.000714,0.022226,1.413,1.395,0.019636,0.043931,0.010815,1.402,1.402,0.005706,0.00774,5655.5,双边
0.012839,0.010483,0.010592,0.009977,0.010169,0.008849,1.402,2025-10-28,0.008872,0.024374,0.027797,0.004703,0.027759,1.41,1.399,0.027697,0.042899,0.008584,1.408,1.41,-0.005674,0.00861,-1115.07,仅买
0.007801,0.009805,0.010502,0.009482,0.010061,0.008693,1.402,2025-10-29,0.00193,0.016384,0.021171,-0.001851,0.02158,1.403,1.391,0.012274,0.043931,0.004298,1.402,1.402,0.0,0.009514,1733.09,仅买
0.008559,0.009867,0.010446,0.009733,0.010127,0.009258,1.397,2025-10-30,0.001071,0.014362,0.020428,-0.002135,0.021208,1.408,1.396,0.008633,0.040831,0.001429,1.401,1.402,-0.003566,0.010085,663.76,仅买
0.008559,0.00986,0.010465,0.008307,0.010267,0.009113,1.398,2025-10-31,-0.002357,0.009101,0.016025,-0.003993,0.017319,1.401,1.394,-0.00143,0.033284,-0.008517,1.396,1.397,0.000716,0.010069,0.0,未触发
0.005011,0.00886,0.010346,0.007376,0.010092,0.008554,1.408,2025-11-03,-0.002426,0.007894,0.016136,-0.002711,0.017504,1.408,1.397,0.007931,0.039405,-0.002853,1.398,1.398,0.007153,0.009829,0.0,未触发
0.007868,0.008204,0.010331,0.007146,0.010112,0.00756,1.414,2025-11-04,0.003993,0.012913,0.022315,0.00471,0.024112,1.419,1.405,0.007153,0.04451,-0.001418,1.408,1.408,0.004261,0.00988,0.0,未触发
0.009943,0.00834,0.01016,0.007607,0.010248,0.007988,1.421,2025-11-05,0.006979,0.015112,0.025381,0.007266,0.027778,1.424,1.407,0.012894,0.042773,0.008559,1.41,1.414,0.00495,0.009823,0.0,未触发
0.012023,0.00897,0.010466,0.009945,0.01033,0.008681,1.426,2025-11-06,0.010453,0.01769,0.028965,0.00952,0.032253,1.426,1.414,0.015,0.049483,0.013552,1.42,1.421,0.003519,0.010238,3471.0,仅买
0.008445,0.008886,0.010224,0.010137,0.010367,0.008658,1.426,2025-11-07,0.012784,0.018899,0.031042,0.008915,0.035321,1.432,1.422,0.012065,0.047759,0.020759,1.423,1.426,0.0,0.010943,0.0,未触发
0.007013,0.008806,0.009766,0.00916,0.009917,0.009058,1.438,2025-11-10,0.011061,0.017046,0.028984,0.004933,0.034796,1.439,1.422,0.017118,0.037091,0.020029,1.427,1.426,0.008415,0.01085,5554.71,双边
0.011921,0.008714,0.009599,0.009126,0.009966,0.009869,1.434,2025-11-11,0.017549,0.023196,0.035501,0.009123,0.04286,1.437,1.427,0.019858,0.048105,0.021307,1.437,1.438,-0.002782,0.011043,298.06,仅买
0.006954,0.00863,0.009217,0.008629,0.009878,0.009271,1.437,2025-11-12,0.012426,0.018574,0.03037,0.003499,0.039319,1.443,1.433,0.022825,0.035379,0.014144,1.434,1.434,0.002092,0.010697,0.0,未触发
0.006974,0.008471,0.009169,0.008616,0.009788,0.008261,1.44,2025-11-13,0.012043,0.019004,0.030304,0.003351,0.040877,1.441,1.429,0.024964,0.033813,0.01126,1.437,1.437,0.002088,0.009955,2385.36,仅买
0.008351,0.00845,0.009155,0.007426,0.009794,0.008242,1.433,2025-11-14,0.011094,0.019649,0.030289,0.003484,0.042308,1.446,1.431,0.03078,0.029307,0.009818,1.437,1.44,-0.004861,0.009074,645.95,仅买
0.010417,0.008991,0.008925,0.00858,0.009894,0.008923,1.424,2025-11-17,0.003712,0.013043,0.023133,-0.002367,0.036416,1.433,1.419,0.025036,0.033165,0.004909,1.433,1.433,-0.006281,0.00888,-1096.47,仅买
0.00977,0.009181,0.008693,0.009512,0.009947,0.008493,1.406,2025-11-18,-0.003708,0.005756,0.014871,-0.006696,0.029249,1.424,1.4,0.011364,0.018598,-0.009736,1.424,1.424,-0.01264,0.007436,-5667.14,仅买
0.016854,0.009872,0.009106,0.012347,0.010064,0.010473,1.407,2025-11-19,-0.015751,-0.007308,0.000854,-0.015406,0.015774,1.409,1.4,-0.005658,0.007163,-0.019526,1.406,1.406,0.000711,0.006038,1728.09,仅买
0.006401,0.00931,0.00914,0.011008,0.010081,0.010358,1.404,2025-11-20,-0.014085,-0.006847,0.000308,-0.010549,0.015982,1.416,1.402,-0.009852,0.005,-0.020877,1.407,1.407,-0.002132,0.004609,305.47,仅买
0.00995,0.00946,0.009173,0.011068,0.009969,0.010678,1.382,2025-11-21,-0.014668,-0.00879,-0.002841,-0.007634,0.013462,1.404,1.379,-0.015428,-0.003549,-0.025,1.4,1.404,-0.01567,0.002974,-5048.97,仅买
0.017806,0.01054,0.009673,0.011386,0.010024,0.012156,1.374,2025-11-24,-0.027103,-0.023632,-0.018629,-0.01609,-0.002406,1.386,1.372,-0.030856,-0.014265,-0.03559,1.382,1.382,-0.005789,0.000636,-1134.85,仅买
0.01013,0.010361,0.009538,0.012629,0.009853,0.012228,1.381,2025-11-25,-0.028357,-0.028048,-0.024356,-0.014771,-0.008074,1.383,1.371,-0.044506,-0.025532,-0.035112,1.375,1.374,0.005095,-0.001554,0.0,未触发
0.008734,0.010539,0.009584,0.012223,0.009658,0.010604,1.373,2025-11-26,-0.019733,-0.02237,-0.019292,-0.006189,-0.002888,1.384,1.373,-0.03696,-0.014979,-0.017781,1.381,1.381,-0.005793,-0.002648,-773.77,仅买
0.007965,0.010638,0.009554,0.008943,0.009659,0.010917,1.375,2025-11-27,-0.020964,-0.027035,-0.024581,-0.007087,-0.008473,1.38,1.369,-0.044537,-0.020685,-0.024165,1.375,1.373,0.001457,-0.003918,1768.1,仅买
0.008012,0.010604,0.009527,0.008237,0.009638,0.010529,1.378,2025-11-28,-0.014972,-0.024857,-0.022604,-0.001452,-0.007137,1.379,1.37,-0.045139,-0.015748,-0.020655,1.374,1.375,0.002182,-0.004518,0.0,未触发
0.006545,0.010217,0.009604,0.007507,0.009356,0.008277,1.388,2025-12-01,-0.008918,-0.022036,-0.020263,0.001308,-0.005114,1.389,1.378,-0.038381,-0.014306,-0.002894,1.378,1.378,0.007257,-0.004522,0.0,未触发
0.007983,0.010038,0.009609,0.007513,0.009141,0.007848,1.386,2025-12-02,0.000865,-0.01424,-0.012919,0.006526,0.001853,1.388,1.382,-0.025281,-0.014205,0.010189,1.388,1.388,-0.001441,-0.003961,1030.73,仅买
0.004323,0.008785,0.009328,0.006284,0.008999,0.006966,1.384,2025-12-03,0.000867,-0.01468,-0.014108,0.004348,0.000144,1.394,1.381,-0.014225,-0.019802,0.003621,1.386,1.386,-0.001443,-0.004212,671.55,仅买
0.00938,0.009083,0.009196,0.007228,0.009121,0.007248,1.379,2025-12-04,0.001085,-0.014806,-0.015157,0.001302,-0.001503,1.387,1.377,-0.016347,-0.026038,0.008012,1.384,1.384,-0.003613,-0.0045,-410.99,仅买
0.007225,0.00881,0.009135,0.006976,0.009052,0.007091,1.382,2025-12-05,-0.000725,-0.016721,-0.018016,-0.002892,-0.005385,1.382,1.373,-0.017806,-0.032959,0.002909,1.38,1.379,0.002175,-0.00539,1761.59,仅买
0.006526,0.007682,0.009111,0.00771,0.009009,0.007087,1.374,2025-12-08,0.001449,-0.013033,-0.015412,-0.001301,-0.003545,1.382,1.37,0.0,-0.030856,0.002903,1.382,1.382,-0.005789,-0.006245,-1134.85,仅买
0.008683,0.007538,0.008949,0.007478,0.008871,0.007227,1.363,2025-12-09,-0.004348,-0.016499,-0.020274,-0.005069,-0.00948,1.375,1.361,0.0,-0.044506,-0.010086,1.375,1.374,-0.008006,-0.007812,-2594.89,仅买
0.010189,0.007683,0.009111,0.008466,0.00895,0.008401,1.363,2025-12-10,-0.011029,-0.021887,-0.027216,-0.009736,-0.017327,1.365,1.357,-0.013034,-0.049512,-0.016595,1.363,1.363,0.0,-0.009348,2150.88,仅买
0.005869,0.007474,0.009056,0.008247,0.008861,0.007699,1.352,2025-12-11,-0.010311,-0.019283,-0.026313,-0.006705,-0.017221,1.365,1.35,-0.007283,-0.051496,-0.015173,1.363,1.363,-0.00807,-0.010678,-2250.5,仅买
0.011005,0.007773,0.009188,0.009021,0.008942,0.008455,1.353,2025-12-12,-0.016656,-0.024109,-0.033135,-0.010828,-0.024988,1.356,1.347,-0.016727,-0.061111,-0.019579,1.353,1.352,0.00074,-0.012157,1428.12,仅买
0.006657,0.007784,0.009,0.007844,0.008997,0.008481,1.361,2025-12-15,-0.014136,-0.020559,-0.031381,-0.005878,-0.024033,1.364,1.347,-0.018142,-0.055827,-0.020984,1.353,1.353,0.005913,-0.013462,5492.41,双边
0.012565,0.008242,0.00914,0.010076,0.009154,0.009257,1.347,2025-12-16,-0.006352,-0.012516,-0.024559,0.001914,-0.018226,1.359,1.343,-0.019452,-0.044242,-0.009461,1.359,1.361,-0.010287,-0.013457,-2992.87,仅买
0.011756,0.008986,0.008885,0.010326,0.009214,0.00957,1.351,2025-12-17,-0.013765,-0.020577,-0.033045,-0.006051,-0.02815,1.355,1.341,-0.028139,-0.041963,-0.011739,1.345,1.347,0.00297,-0.013061,0.0,未触发
0.010393,0.009087,0.009085,0.011571,0.00916,0.010475,1.361,2025-12-18,-0.00844,-0.015665,-0.028547,-0.001331,-0.025147,1.363,1.349,-0.023844,-0.039801,-0.008804,1.35,1.351,0.007402,-0.012448,0.0,未触发
0.010363,0.009401,0.009105,0.010837,0.009224,0.010347,1.363,2025-12-19,0.00022,-0.006823,-0.019829,0.004725,-0.017896,1.367,1.355,-0.013053,-0.030627,0.006657,1.362,1.361,0.00147,-0.010863,2152.67,仅买
0.008817,0.00963,0.008656,0.009858,0.009284,0.010779,1.358,2025-12-22,0.003091,-0.004674,-0.016902,0.004718,-0.016689,1.365,1.356,-0.013748,-0.013748,0.007391,1.364,1.363,-0.003668,-0.008687,-782.77,仅买
0.006603,0.009422,0.00848,0.008594,0.009107,0.009586,1.356,2025-12-23,0.000589,-0.007745,-0.018621,0.001475,-0.020367,1.362,1.355,-0.011645,-0.011645,-0.002204,1.358,1.358,-0.001473,-0.007002,0.0,未触发
0.005155,0.008918,0.008301,0.006858,0.009047,0.008266,1.362,2025-12-24,-0.000369,-0.008301,-0.018221,-0.001326,-0.021963,1.363,1.352,-0.005136,-0.018103,0.006682,1.357,1.356,0.004425,-0.005781,3265.63,仅买
0.008112,0.009143,0.008308,0.006623,0.009085,0.00781,1.366,2025-12-25,0.004129,-0.003512,-0.012089,0.001471,-0.017812,1.367,1.359,-0.000734,-0.008012,0.008142,1.361,1.362,0.002937,-0.004153,0.0,未触发
0.005874,0.008629,0.008201,0.00638,0.009002,0.006912,1.372,2025-12-26,0.006039,-0.000256,-0.007412,0.003674,-0.015093,1.373,1.364,0.010355,-0.006545,0.003674,1.366,1.366,0.004392,-0.002919,0.0,未触发
0.006589,0.008623,0.008203,0.006858,0.008874,0.006466,1.368,2025-12-29,0.009046,0.004356,-0.001577,0.006751,-0.011088,1.375,1.367,0.014043,-0.004354,0.006603,1.371,1.372,-0.002915,-0.002446,0.0,未触发
0.005831,0.007949,0.008096,0.006098,0.008743,0.006312,1.369,2025-12-30,0.005587,0.002161,-0.003133,0.002345,-0.014208,1.371,1.362,0.005143,-0.014409,0.007364,1.366,1.368,0.000731,-0.002594,0.0,未触发
0.006579,0.007432,0.008209,0.006333,0.008401,0.006597,1.372,2025-12-31,0.004697,0.003519,-0.001507,0.00117,-0.013641,1.374,1.366,0.016333,-0.012266,0.009587,1.369,1.369,0.002191,-0.002304,0.0,未触发
0.005844,0.006977,0.008032,0.006085,0.008382,0.006143,1.374,2026-01-05,0.005349,0.00616,0.001533,0.001899,-0.011694,1.375,1.367,0.015544,-0.008671,0.007342,1.372,1.372,0.001458,-0.002341,1772.1,仅买
0.005831,0.006523,0.007962,0.006085,0.008245,0.006135,1.391,2026-01-06,0.005857,0.007812,0.003726,0.002188,-0.010407,1.392,1.372,0.009552,-0.003626,0.005857,1.374,1.374,0.012373,-0.002196,0.0,未触发
0.014556,0.007097,0.008364,0.008744,0.008136,0.007728,1.391,2026-01-07,0.016219,0.019944,0.015922,0.011784,0.001644,1.394,1.383,0.020543,0.006512,0.013848,1.391,1.391,0.0,-0.001647,1028.33,仅买
0.007908,0.007228,0.008325,0.009432,0.008062,0.008144,1.387,2026-01-08,0.013775,0.019309,0.015501,0.008409,0.001416,1.391,1.382,0.0243,0.012373,0.016813,1.391,1.391,-0.002876,-0.000293,-49.81,仅买
0.00647,0.007359,0.008139,0.009645,0.007987,0.008122,1.392,2026-01-09,0.008581,0.015485,0.012433,0.002892,-0.001488,1.392,1.384,0.022861,0.017608,0.013148,1.387,1.387,0.003605,0.00121,0.0,未触发
0.005768,0.007125,0.008134,0.006715,0.007914,0.008107,1.395,2026-01-12,0.010013,0.018065,0.015614,0.003605,0.002088,1.396,1.387,0.022026,0.021277,0.014577,1.391,1.392,0.002155,0.002713,0.0,未触发
0.006466,0.007184,0.007907,0.006235,0.007862,0.008234,1.392,2026-01-13,0.010064,0.018657,0.017308,0.002731,0.004296,1.402,1.388,0.02123,0.031805,0.015284,1.396,1.395,-0.002151,0.004474,-765.98,仅买
0.010036,0.007529,0.008076,0.007423,0.007978,0.007329,1.382,2026-01-14,0.006435,0.015021,0.014774,0.000431,0.002076,1.397,1.378,0.014577,0.028825,0.000719,1.391,1.392,-0.007184,0.005573,-1127.96,仅买
0.013649,0.008311,0.00813,0.01005,0.008167,0.008478,1.377,2026-01-15,-0.001806,0.006958,0.007631,-0.005469,-0.004932,1.388,1.376,0.010234,0.01543,-0.00647,1.381,1.382,-0.003618,0.005716,674.15,仅买
0.008683,0.008521,0.007976,0.010789,0.008313,0.00892,1.367,2026-01-16,-0.005991,0.00222,0.004205,-0.007639,-0.008306,1.384,1.363,0.005844,0.022272,-0.00721,1.377,1.377,-0.007262,0.00593,-2228.31,仅买
0.015251,0.009462,0.008219,0.012528,0.008508,0.010817,1.378,2026-01-19,-0.012854,-0.005637,-0.002675,-0.011283,-0.015118,1.378,1.364,-0.003644,0.011843,-0.01796,1.367,1.367,0.008047,0.005449,0.0,未触发
0.010241,0.009903,0.008213,0.011392,0.008609,0.011572,1.4,2026-01-20,-0.005198,0.001745,0.005375,-0.00087,-0.006823,1.401,1.377,0.002911,0.012491,-0.012186,1.377,1.378,0.015965,0.004491,0.0,未触发
0.017417,0.010189,0.008643,0.014303,0.008972,0.013048,1.39,2026-01-21,0.010028,0.016371,0.020979,0.013905,0.009057,1.396,1.387,0.00647,0.027146,0.005747,1.396,1.4,-0.007143,0.004412,-765.98,仅买
0.006429,0.010041,0.008634,0.011362,0.008897,0.011604,1.397,2026-01-22,0.002886,0.00794,0.013292,0.005498,0.002091,1.401,1.387,-0.000719,0.023564,0.005789,1.388,1.39,0.005036,0.004809,0.0,未触发
0.010072,0.010401,0.00888,0.011306,0.008893,0.011882,1.397,2026-01-23,0.00721,0.011513,0.017554,0.007646,0.007198,1.402,1.394,0.00721,0.030236,0.014524,1.398,1.397,0.0,0.005204,0.0,未触发
0.005727,0.010397,0.008761,0.007409,0.008888,0.009977,1.407,2026-01-26,0.006847,0.010232,0.016715,0.003304,0.007258,1.41,1.395,0.003592,0.025698,0.021946,1.398,1.397,0.007158,0.005892,0.0,未触发
0.010737,0.010824,0.009004,0.008845,0.008879,0.010076,1.398,2026-01-27,0.013178,0.015958,0.022628,0.006294,0.014346,1.41,1.395,0.008602,0.030015,0.021045,1.407,1.407,-0.006397,0.006761,-1470.94,仅买
0.010661,0.010887,0.009208,0.009042,0.009013,0.008725,1.417,2026-01-28,0.006262,0.008512,0.01498,0.000143,0.007858,1.423,1.392,0.00431,0.01895,-0.001429,1.398,1.398,0.013591,0.006352,5671.5,双边
0.022175,0.011739,0.010025,0.014524,0.009333,0.011874,1.435,2026-01-29,0.017375,0.020416,0.027382,0.009835,0.021445,1.435,1.414,0.025326,0.035819,0.019424,1.417,1.417,0.012703,0.006961,0.0,未触发
0.01482,0.012353,0.010437,0.015885,0.009435,0.012824,1.419,2026-01-30,0.026026,0.030928,0.038225,0.017153,0.03416,1.44,1.406,0.042121,0.04821,0.027201,1.43,1.435,-0.01115,0.007856,-2496.9,仅买
0.023693,0.013197,0.011329,0.020229,0.009878,0.016417,1.379,2026-02-02,0.010828,0.017715,0.024968,0.002685,0.022654,1.413,1.375,0.03804,0.034257,0.015748,1.413,1.419,-0.028189,0.00828,-11370.85,仅买
0.026779,0.014851,0.012377,0.021764,0.010426,0.019626,1.388,2026-02-03,-0.017736,-0.011151,-0.004356,-0.021708,-0.005613,1.388,1.371,0.000726,0.003639,-0.0199,1.381,1.379,0.006526,0.006968,3931.99,仅买
0.012328,0.014342,0.012265,0.020934,0.010543,0.019959,1.424,2026-02-04,-0.01048,-0.00459,0.001539,-0.013924,0.001335,1.428,1.387,-0.008571,-0.002157,-0.007153,1.387,1.388,0.025937,0.005915,0.0,未触发
0.029539,0.016653,0.013347,0.022882,0.011307,0.021432,1.419,2026-02-05,0.01273,0.020021,0.025887,0.010646,0.027479,1.421,1.407,0.02446,0.023724,0.00494,1.42,1.424,-0.003511,0.005329,1710.59,仅买
0.009831,0.016629,0.013515,0.017233,0.011463,0.020434,1.414,2026-02-06,0.007598,0.015276,0.020741,0.00939,0.024056,1.423,1.405,0.015748,0.023071,-0.01115,1.412,1.419,-0.003524,0.004095,5615.49,双边
0.012685,0.017325,0.013861,0.017352,0.011616,0.018233,1.422,2026-02-09,0.002837,0.010903,0.015878,0.006549,0.02073,1.425,1.415,0.012169,0.015805,-0.003524,1.417,1.414,0.005658,0.003192,0.0,未触发
0.007072,0.016958,0.013891,0.009863,0.011656,0.014291,1.43,2026-02-10,0.007439,0.015642,0.020257,0.006085,0.026727,1.43,1.417,0.010661,0.019355,0.031182,1.425,1.422,0.005626,0.00398,3458.01,仅买
0.009142,0.016806,0.013847,0.009633,0.011741,0.013654,1.439,2026-02-11,0.010815,0.019971,0.024575,0.005767,0.032541,1.441,1.422,0.02289,0.027299,0.030259,1.429,1.43,0.006294,0.00545,5546.71,双边
0.013287,0.015918,0.013828,0.009834,0.011989,0.010403,1.436,2026-02-12,0.015597,0.024309,0.029279,0.009966,0.038852,1.442,1.431,0.015526,0.041245,0.010534,1.438,1.439,-0.002085,0.006303,297.86,仅买
0.007644,0.0152,0.013776,0.010024,0.012025,0.009966,1.416,2026-02-13,0.013409,0.020031,0.025495,0.005461,0.036312,1.431,1.413,0.000697,0.042847,0.01198,1.431,1.436,-0.013928,0.007262,-3893.03,仅买
0.012535,0.014084,0.013641,0.011155,0.012248,0.009936,1.434,2026-02-24,-0.000494,0.004077,0.010154,-0.00882,0.021768,1.437,1.422,-0.002114,0.035845,0.001414,1.422,1.416,0.012712,0.008222,0.0,未触发
0.010593,0.012466,0.013658,0.010257,0.012406,0.01064,1.443,2026-02-25,0.008297,0.014826,0.021537,0.002096,0.034383,1.458,1.433,0.039884,0.040639,0.008439,1.434,1.434,0.006276,0.009249,0.0,未触发
0.017434,0.012976,0.013659,0.013521,0.012502,0.012299,1.439,2026-02-26,0.010717,0.019644,0.026681,0.006557,0.040112,1.448,1.432,0.039625,0.030714,0.009091,1.44,1.443,-0.002772,0.009415,991.72,仅买
0.011088,0.011131,0.013892,0.013038,0.012608,0.011859,1.454,2026-02-27,0.006857,0.01506,0.022671,0.003767,0.03642,1.454,1.436,0.010534,0.035252,0.0,1.438,1.439,0.010424,0.009111,0.0,未触发
0.012509,0.011399,0.014014,0.013677,0.01281,0.012832,1.472,2026-03-02,0.014867,0.023583,0.031693,0.011689,0.046307,1.474,1.448,0.024665,0.040802,0.012535,1.457,1.454,0.01238,0.009021,5439.51,双边
0.017882,0.011919,0.014622,0.013826,0.013213,0.013901,1.485,2026-03-03,0.023288,0.033526,0.042493,0.016294,0.058003,1.501,1.467,0.041018,0.053686,0.039548,1.472,1.472,0.008832,0.009927,5383.51,双边
0.023098,0.013521,0.01524,0.017829,0.013768,0.016402,1.461,2026-03-04,0.027824,0.039807,0.04947,0.0181,0.065942,1.48,1.449,0.044304,0.055437,0.035565,1.48,1.485,-0.016162,0.010686,-4441.01,仅买
0.020875,0.014694,0.01575,0.020618,0.014129,0.01709,1.46,2026-03-05,0.009048,0.02075,0.030833,-0.000821,0.047675,1.466,1.447,0.021678,0.045064,0.012474,1.462,1.461,-0.000684,0.011376,-49.81,仅买
0.013005,0.014666,0.015292,0.018993,0.014108,0.017474,1.461,2026-03-06,0.006897,0.018522,0.028241,-0.004364,0.046058,1.464,1.444,0.014593,0.030346,0.014593,1.455,1.46,0.000685,0.011145,4416.75,仅买
0.013699,0.015272,0.015236,0.01586,0.014275,0.017712,1.464,2026-03-09,0.005852,0.018296,0.026921,-0.004633,0.045837,1.482,1.46,0.017409,0.018118,0.004814,1.471,1.461,0.002053,0.010032,-729.6,仅买
0.015058,0.015524,0.014804,0.013921,0.014268,0.017147,1.453,2026-03-10,0.004598,0.018789,0.026696,-0.0015,0.046986,1.455,1.446,0.033898,0.031712,-0.005435,1.45,1.464,-0.007514,0.008952,0.0,未触发
0.006148,0.015079,0.013773,0.011635,0.014132,0.013757,1.472,2026-03-11,-0.004249,0.008538,0.017198,-0.004658,0.038203,1.474,1.443,0.01325,0.053662,-0.021549,1.45,1.453,0.013076,0.008788,5466.7,双边
0.021335,0.01547,0.014223,0.01418,0.014263,0.013849,1.491,2026-03-12,0.006771,0.018756,0.028771,0.00684,0.050653,1.496,1.47,0.020097,0.060519,0.007529,1.473,1.472,0.012908,0.009502,0.0,未触发
0.017663,0.016127,0.013629,0.015049,0.014637,0.014781,1.485,2026-03-13,0.016152,0.029518,0.039604,0.015529,0.062735,1.502,1.481,0.036136,0.047051,0.021233,1.491,1.491,-0.004024,0.010325,-720.39,仅买
0.014085,0.016285,0.013842,0.017694,0.014771,0.014858,1.474,2026-03-16,0.009929,0.023044,0.033307,0.008147,0.056927,1.49,1.47,0.02132,0.046512,0.016427,1.487,1.485,-0.007407,0.011709,-2739.29,仅买
0.013468,0.015843,0.013881,0.015072,0.015029,0.01454,1.465,2026-03-17,0.002312,0.013372,0.023824,-0.000678,0.047718,1.482,1.463,0.001359,0.042433,0.006831,1.474,1.474,-0.006106,0.012213,-1745.74,仅买
0.01289,0.014823,0.014172,0.013481,0.015101,0.015888,1.456,2026-03-18,-0.002451,0.005698,0.016208,-0.008393,0.039929,1.465,1.442,-0.013468,0.030239,0.008259,1.465,1.465,-0.006143,0.011106,-1073.36,仅买
0.0157,0.014305,0.0145,0.014019,0.015269,0.014761,1.446,2026-03-19,-0.008242,-0.001372,0.008613,-0.012346,0.032282,1.461,1.443,-0.003422,0.018182,-0.01087,1.453,1.456,-0.006868,0.009066,-1770.24,仅买
0.012363,0.014241,0.014453,0.013651,0.014942,0.013701,1.439,2026-03-20,-0.014113,-0.008468,0.001015,-0.013104,0.024164,1.456,1.438,-0.009589,0.004864,-0.030181,1.443,1.446,-0.004841,0.006974,989.62,仅买
0.012448,0.014116,0.014694,0.013503,0.014862,0.013374,1.406,2026-03-23,-0.017412,-0.01337,-0.003922,-0.011676,0.0181,1.436,1.397,-0.015058,0.002089,-0.030976,1.433,1.439,-0.022933,0.004788,-10516.3,仅买
0.027102,0.01532,0.015422,0.017304,0.014976,0.016101,1.425,2026-03-24,-0.036128,-0.035665,-0.026473,-0.025236,-0.005892,1.426,1.401,-0.039617,-0.007062,-0.046133,1.412,1.406,0.013514,0.002372,5615.49,双边
0.017781,0.016483,0.015781,0.01911,0.014676,0.017079,1.429,2026-03-25,-0.021224,-0.022332,-0.014364,-0.006553,0.006783,1.429,1.408,-0.01927,-0.006276,-0.027304,1.421,1.425,0.002807,0.000584,4523.36,仅买
0.014737,0.015824,0.015647,0.019873,0.014756,0.016886,1.429,2026-03-26,-0.015569,-0.019117,-0.012531,0.0,0.008825,1.44,1.425,-0.029212,-0.009702,-0.018544,1.427,1.429,0.0,-0.000789,0.0,未触发
0.010497,0.015107,0.015617,0.014338,0.014122,0.016513,1.431,2026-03-27,-0.011346,-0.01878,-0.012644,0.002385,0.007983,1.438,1.422,-0.041583,-0.006949,-0.011757,1.428,1.429,0.0014,-0.001371,3100.92,仅买
0.011197,0.014818,0.015551,0.012143,0.014167,0.016263,1.446,2026-03-30,-0.00625,-0.01663,-0.011536,0.004916,0.008504,1.446,1.43,-0.036364,-0.015818,-0.005559,1.43,1.431,0.010482,-0.002263,0.0,未触发
0.011181,0.014589,0.015216,0.010958,0.014117,0.013078,1.432,2026-03-31,0.006123,-0.005434,-0.00191,0.009777,0.018071,1.453,1.427,-0.018996,-0.017663,0.02845,1.446,1.446,-0.009682,-0.002812,-3852.33,仅买
0.017981,0.015099,0.014961,0.013453,0.014481,0.013118,1.431,2026-04-01,-0.001325,-0.013264,-0.0118,-0.000977,0.007434,1.44,1.428,-0.022526,-0.03569,0.004912,1.436,1.432,-0.000698,-0.004322,-745.98,仅买
0.00838,0.014367,0.014336,0.012514,0.014455,0.011847,1.432,2026-04-02,-0.000279,-0.012933,-0.012513,-0.001953,0.006034,1.438,1.426,-0.01717,-0.020534,0.0014,1.431,1.431,0.000699,-0.004874,1697.09,仅买
0.008386,0.013969,0.014105,0.011582,0.014292,0.011425,1.411,2026-04-03,0.001399,-0.011289,-0.011664,-0.001673,0.005983,1.433,1.406,-0.009682,-0.019178,0.002099,1.432,1.432,-0.014665,-0.005493,-6333.3,仅买
0.018855,0.01461,0.014363,0.011873,0.014666,0.012956,1.416,2026-04-07,-0.011351,-0.024103,-0.025597,-0.013563,-0.009257,1.416,1.405,-0.019458,-0.034223,-0.013976,1.411,1.411,0.003544,-0.006425,3138.73,仅买
0.007796,0.012679,0.014,0.011679,0.014508,0.012279,1.427,2026-04-08,-0.008542,-0.019017,-0.022144,-0.005897,-0.006258,1.427,1.409,0.007112,-0.032787,-0.020747,1.416,1.416,0.007768,-0.007188,4893.33,仅买
0.012712,0.012172,0.014328,0.013121,0.014578,0.011226,1.418,2026-04-09,-0.00098,-0.010505,-0.014389,0.002529,0.000842,1.426,1.415,0.001404,-0.017894,-0.003492,1.424,1.427,-0.006307,-0.00627,-400.9,仅买
0.007708,0.011469,0.013646,0.009405,0.014254,0.011091,1.419,2026-04-10,-0.006516,-0.014902,-0.020041,-0.001971,-0.005784,1.426,1.415,-0.007698,-0.036685,-0.009085,1.418,1.418,0.000705,-0.007105,0.0,未触发
0.007757,0.011195,0.013151,0.009393,0.014143,0.010966,1.42,2026-04-13,-0.005118,-0.011735,-0.018898,0.000564,-0.005409,1.422,1.412,-0.006998,-0.04829,-0.009078,1.419,1.419,0.000705,-0.008631,1359.31,仅买
0.007047,0.01078,0.012799,0.007504,0.013961,0.008604,1.421,2026-04-14,-0.003649,-0.008795,-0.017437,0.0,-0.005091,1.422,1.412,-0.007687,-0.043771,0.006378,1.421,1.42,0.000704,-0.009164,1357.31,仅买
0.007042,0.010366,0.012478,0.007282,0.0136,0.008453,1.428,2026-04-15,-0.001195,-0.006259,-0.015587,0.0,-0.004728,1.429,1.417,-0.017289,-0.035957,0.003531,1.421,1.421,0.004926,-0.009353,0.0,未触发
0.008445,0.009413,0.012256,0.007511,0.013111,0.0076,1.432,2026-04-16,0.004008,-7e-05,-0.009434,0.004785,-0.00021,1.433,1.425,-0.002793,-0.025256,0.000701,1.427,1.428,0.002801,-0.009742,0.0,未触发
0.005602,0.009135,0.011751,0.00703,0.012602,0.007179,1.421,2026-04-17,0.006749,0.003574,-0.005993,0.005618,0.002123,1.43,1.419,0.000699,-0.016484,0.009873,1.43,1.432,-0.007682,-0.008719,-1448.15,仅买
0.007682,0.009065,0.011517,0.007243,0.012425,0.007164,1.423,2026-04-20,-0.000211,-0.003262,-0.012737,-0.002387,-0.006027,1.425,1.419,-0.007682,-0.017289,0.001409,1.422,1.421,0.001407,-0.007104,0.0,未触发
0.004222,0.007601,0.011105,0.005835,0.012109,0.006599,1.436,2026-04-21,0.000351,-0.001298,-0.010477,-0.001404,-0.005162,1.438,1.423,0.008505,-0.011119,0.002113,1.425,1.423,0.009136,-0.00541,0.0,未触发
0.010541,0.007876,0.010277,0.007482,0.011958,0.007298,1.435,2026-04-22,0.008073,0.006766,-0.000789,0.005602,0.00312,1.441,1.433,0.014124,0.021337,0.010556,1.436,1.436,-0.000696,-0.002518,0.0,未触发
0.005571,0.007162,0.009667,0.006778,0.011939,0.006724,1.443,2026-04-23,0.006806,0.005712,-0.001067,0.003918,0.001757,1.444,1.43,0.005606,0.007018,0.004902,1.435,1.435,0.005575,-0.000875,4827.53,仅买
0.009756,0.007367,0.009418,0.008623,0.011553,0.007554,1.442,2026-04-24,0.010646,0.010823,0.005178,0.007963,0.006838,1.444,1.435,0.01763,0.009797,0.007682,1.44,1.443,-0.000693,0.000456,2727.64,仅买
0.006237,0.007215,0.009205,0.007188,0.011172,0.007266,1.441,2026-04-27,0.008321,0.009663,0.005626,0.004318,0.005532,1.446,1.436,0.016209,0.009097,0.014778,1.439,1.442,-0.000693,0.001789,0.0,未触发
0.006935,0.007203,0.008992,0.007643,0.010934,0.007808,1.453,2026-04-28,0.006144,0.008609,0.005957,0.001112,0.004321,1.455,1.433,0.014789,0.006988,0.012649,1.439,1.441,0.008328,0.002702,5508.3,双边
0.015267,0.008026,0.009196,0.00948,0.010994,0.008753,1.467,2026-04-29,0.012261,0.016759,0.01483,0.00707,0.012026,1.47,1.452,0.022519,0.004841,0.011838,1.453,1.453,0.009635,0.001893,0.0,未触发
0.012388,0.00842,0.008916,0.01153,0.010977,0.010117,1.465,2026-04-30,0.019245,0.025301,0.024561,0.012283,0.021066,1.473,1.458,0.027311,0.024441,0.0223,1.467,1.467,-0.001363,0.002768,1313.31,仅买
0.010225,0.008882,0.009009,0.012627,0.010795,0.01021,1.469,2026-05-06,0.015528,0.022688,0.022949,0.007843,0.018882,1.47,1.451,0.023045,0.02376,0.015246,1.463,1.465,0.00273,0.003467,3708.69,仅买
0.012969,0.009411,0.009238,0.011861,0.010815,0.011557,1.446,2026-05-07,0.014923,0.024157,0.025194,0.006854,0.021049,1.468,1.443,0.033779,0.025838,0.018724,1.468,1.469,-0.015657,0.004306,-6178.51,仅买
0.017018,0.010691,0.009146,0.013404,0.010967,0.013574,1.44,2026-05-08,-0.002552,0.006894,0.008978,-0.009589,0.004934,1.453,1.436,0.016163,0.024805,0.00347,1.448,1.446,-0.004149,0.00518,-1085.67,仅买
0.011757,0.010812,0.009344,0.013915,0.010456,0.012871,1.446,2026-05-11,-0.006965,0.001879,0.003997,-0.011939,0.000521,1.45,1.438,0.002786,0.016949,-0.008947,1.438,1.44,0.004167,0.005773,0.0,未触发
0.008333,0.011089,0.009125,0.012369,0.010141,0.012061,1.444,2026-05-12,-0.003583,0.005388,0.007689,-0.004955,0.003911,1.453,1.442,0.007666,0.013315,-0.014315,1.446,1.446,-0.001383,0.005207,0.0,未触发
0.007607,0.010874,0.00912,0.009232,0.009903,0.011537,1.438,2026-05-13,-0.00503,0.003091,0.005945,-0.003451,0.001873,1.449,1.433,0.000693,0.018336,-0.014334,1.446,1.444,-0.004155,0.004921,-1432.55,仅买
0.01108,0.011358,0.009286,0.009007,0.009923,0.011159,1.426,2026-05-14,-0.008891,-0.001736,0.001555,-0.003327,-0.002451,1.439,1.425,-0.002774,0.01339,-0.021103,1.436,1.438,-0.008345,0.004288,-745.98,仅买
0.009736,0.011638,0.009421,0.009474,0.009874,0.009703,1.422,2026-05-15,-0.016145,-0.010272,-0.006687,-0.008896,-0.010856,1.433,1.417,-0.010409,0.004225,-0.013831,1.426,1.426,-0.002805,0.003273,-49.82,仅买
0.01122,0.011233,0.00963,0.010679,0.009875,0.009595,1.416,2026-05-18,-0.016801,-0.013083,-0.008921,-0.009197,-0.013721,1.425,1.408,-0.021335,0.000704,-0.0125,1.422,1.422,-0.004219,0.00247,-1456.15,仅买
0.011955,0.01119,0.009805,0.01097,0.009674,0.01032,1.418,2026-05-19,-0.017485,-0.016837,-0.012736,-0.009236,-0.017815,1.419,1.41,-0.034765,-0.008403,-0.020747,1.415,1.416,0.001412,0.001391,2776.44,仅买
0.006356,0.010803,0.009843,0.009844,0.009607,0.010069,1.414,2026-05-20,-0.012879,-0.01497,-0.011043,-0.004213,-0.016291,1.418,1.411,-0.032082,-0.009777,-0.018006,1.416,1.418,-0.002821,0.0,656.34,仅买
0.004937,0.01,0.009706,0.007749,0.009492,0.008841,1.394,2026-05-21,-0.01188,-0.01751,-0.01342,-0.003664,-0.018782,1.418,1.392,-0.03744,-0.004926,-0.01669,1.412,1.414,-0.014144,-0.000902,-4298.81,仅买
0.018388,0.010137,0.010414,0.009893,0.009476,0.010571,1.391,2026-05-22,-0.022303,-0.030429,-0.026989,-0.013307,-0.032191,1.397,1.382,-0.035961,-0.020379,-0.02244,1.397,1.394,-0.002152,-0.002117,-765.58,仅买
0.01076,0.010037,0.010425,0.011361,0.009575,0.010479,1.396,2026-05-25,-0.021043,-0.031,-0.028518,-0.011091,-0.033994,1.408,1.394,-0.034028,-0.031337,-0.0218,1.395,1.391,0.003595,-0.003713,0.0,未触发
0.010065,0.01021,0.010649,0.013071,0.009487,0.010101,1.399,2026-05-26,-0.014055,-0.026194,-0.024322,-0.004706,-0.030095,1.4,1.387,-0.034578,-0.027178,-0.014124,1.393,1.396,0.002149,-0.004652,3539.01,仅买
0.009312,0.010381,0.010627,0.010046,0.00954,0.010692,1.387,2026-05-27,-0.008786,-0.022601,-0.021792,0.000143,-0.027515,1.401,1.38,-0.031163,-0.030492,-0.013399,1.4,1.399,-0.008578,-0.005696,-2906.47,仅买
0.015011,0.010774,0.011066,0.011463,0.009782,0.012707,1.384,2026-05-28,-0.013724,-0.029119,-0.029459,-0.004593,-0.035276,1.394,1.381,-0.035466,-0.038141,-0.019095,1.386,1.387,-0.002163,-0.007365,671.55,仅买
0.009373,0.010738,0.011188,0.011232,0.00986,0.010904,1.402,2026-05-29,-0.012909,-0.029283,-0.030744,-0.005318,-0.036581,1.406,1.381,-0.029453,-0.039556,-0.007174,1.383,1.384,0.013006,-0.008346,0.0,未触发
0.018064,0.011422,0.011328,0.014149,0.010227,0.012365,1.439,2026-06-01,0.001357,-0.014896,-0.017703,0.006028,-0.023257,1.44,1.399,-0.014065,-0.0351,0.007908,1.404,1.402,0.026391,-0.008568,5647.5,双边
0.029244,0.013151,0.01217,0.018893,0.01092,0.016201,1.435,2026-06-02,0.026098,0.012097,0.007962,0.026244,0.003055,1.455,1.429,0.016243,-0.019087,0.030802,1.439,1.439,-0.00278,-0.008196,5508.3,双边
0.018068,0.014322,0.012563,0.021792,0.011336,0.017952,1.434,2026-06-03,0.022007,0.01035,0.00509,0.018164,0.000569,1.44,1.414,0.011989,-0.020478,0.025733,1.428,1.435,-0.000697,-0.00772,5551.5,双边
0.018118,0.01564,0.01282,0.02181,0.011684,0.018573,1.428,2026-06-04,0.019842,0.010891,0.004084,0.010713,0.000174,1.438,1.422,0.014144,-0.023826,0.033886,1.431,1.434,-0.004184,-0.007035,998.32,仅买
0.011158,0.014917,0.012527,0.015781,0.011915,0.01893,1.428,2026-06-05,0.013125,0.007301,-0.000233,0.00028,-0.003628,1.441,1.423,0.02439,-0.012448,0.031792,1.425,1.428,0.0,-0.005681,0.0,未触发
0.012605,0.015102,0.012569,0.01396,0.011984,0.017839,1.417,2026-06-08,0.010473,0.007727,-4.7e-05,-0.00335,-0.003211,1.43,1.41,0.0266,-0.008333,0.018545,1.422,1.428,-0.007703,-0.004321,-49.82,仅买
0.014006,0.015496,0.012853,0.012589,0.012265,0.014791,1.414,2026-06-09,0.001201,0.000989,-0.007332,-0.007981,-0.010475,1.417,1.403,0.015043,-0.020055,-0.015288,1.412,1.417,-0.002117,-0.004361,3136.92,仅买
0.00988,0.015553,0.012967,0.012164,0.012269,0.013153,1.406,2026-06-10,-0.001976,-7.1e-05,-0.008763,-0.007162,-0.011903,1.415,1.4,0.010722,-0.020776,-0.014634,1.412,1.414,-0.005658,-0.004365,-757.99,仅买
0.010608,0.015112,0.012943,0.011498,0.012415,0.011651,1.402,2026-06-11,-0.008952,-0.004602,-0.013541,-0.008882,-0.01652,1.411,1.393,0.013699,-0.022253,-0.019526,1.405,1.406,-0.002845,-0.004265,-405.59,仅买
0.012802,0.015455,0.013096,0.011097,0.01261,0.01198,1.422,2026-06-12,-0.013024,-0.00659,-0.015449,-0.008066,-0.018368,1.425,1.395,0.013006,-0.01683,-0.018207,1.396,1.402,0.014265,-0.004479,0.0,未触发
0.021398,0.015789,0.013605,0.014936,0.012815,0.013739,1.41,2026-06-15,-0.000351,0.007582,-0.000679,0.00694,-0.00376,1.423,1.403,0.014265,0.0,-0.004202,1.423,1.422,-0.008439,-0.004058,-3913.92,仅买
0.014065,0.014271,0.013711,0.016088,0.012871,0.013751,1.386,2026-06-16,-0.006762,-0.000709,-0.007788,-0.000567,-0.011532,1.406,1.382,-0.020153,-0.004237,-0.00494,1.406,1.41,-0.017021,-0.00325,-6094.72,仅买
0.017021,0.014166,0.014244,0.017495,0.013097,0.015179,1.371,2026-06-17,-0.020287,-0.016603,-0.022866,-0.013664,-0.027562,1.387,1.368,-0.034146,-0.022567,-0.019802,1.386,1.386,-0.010823,-0.003324,-4017.31,仅买
0.013709,0.013725,0.014683,0.014931,0.013122,0.015799,1.346,2026-06-18,-0.026555,-0.025759,-0.03121,-0.019454,-0.037242,1.371,1.343,-0.043933,-0.03041,-0.024893,1.37,1.371,-0.018235,-0.003717,-6982.56,仅买
0.020423,0.014652,0.014784,0.017051,0.013235,0.017323,1.361,2026-06-22,-0.038709,-0.041891,-0.04663,-0.02956,-0.053767,1.361,1.325,-0.057423,-0.034433,-0.039943,1.344,1.346,0.011144,-0.00457,5529.91,双边
0.026746,0.016066,0.015584,0.020292,0.013735,0.018393,1.351,2026-06-23,-0.023323,-0.030178,-0.034204,-0.010038,-0.042718,1.37,1.347,-0.046919,-0.021567,-0.042897,1.359,1.361,-0.007348,-0.005633,5468.41,双边
0.016899,0.016355,0.015925,0.021356,0.01402,0.01896,1.334,2026-06-24,-0.025885,-0.035758,-0.039141,-0.008804,-0.048926,1.353,1.329,-0.046577,-0.032235,-0.041844,1.353,1.351,-0.012583,-0.007016,-5592.03,仅买
0.017765,0.017144,0.016348,0.02047,0.014359,0.019108,1.318,2026-06-25,-0.032562,-0.045677,-0.048751,-0.013751,-0.059846,1.334,1.314,-0.056577,-0.046462,-0.037518,1.325,1.334,-0.011994,-0.008195,-1936.25,仅买
0.014993,0.017582,0.016347,0.016552,0.014489,0.019365,1.295,2026-06-26,-0.038026,-0.054791,-0.057472,-0.017884,-0.06991,1.32,1.291,-0.062589,-0.049748,-0.038658,1.318,1.318,-0.017451,-0.009131,-7256.18,仅买
0.022003,0.018502,0.016979,0.018253,0.014898,0.019681,1.299,2026-06-29,-0.047374,-0.068312,-0.071019,-0.027632,-0.084676,1.301,1.269,-0.07632,-0.064306,-0.03789,1.292,1.295,0.003089,-0.010606,4592.74,仅买
0.02471,0.018833,0.017311,0.020569,0.015348,0.019274,1.277,2026-06-30,-0.035706,-0.061958,-0.0654,-0.015462,-0.080256,1.296,1.27,-0.086498,-0.073466,-0.045555,1.294,1.299,-0.016936,-0.013218,-6230.32,仅买
0.020015,0.019428,0.01685,0.022243,0.015617,0.019897,1.3,2026-07-01,-0.042585,-0.07242,-0.078156,-0.021156,-0.094176,1.304,1.27,-0.094326,-0.112578,-0.054774,1.274,1.277,0.018011,-0.017415,5443.49,双边
0.026625,0.020389,0.017277,0.023784,0.016292,0.021669,1.311,2026-07-02,-0.019016,-0.05106,-0.05888,0.001695,-0.076431,1.318,1.297,-0.062049,-0.094077,-0.025487,1.301,1.3,0.008462,-0.019959,5330.09,双边
0.016154,0.020633,0.017179,0.020931,0.016666,0.021902,1.325,2026-07-03,-0.006216,-0.038715,-0.048552,0.011262,-0.06728,1.328,1.313,-0.043764,-0.085774,-0.005311,1.313,1.311,0.010679,-0.021945,0.0,未触发
0.011442,0.019735,0.017193,0.018073,0.016435,0.019789,1.353,2026-07-06,0.005998,-0.024767,-0.036784,0.017353,-0.056357,1.353,1.317,-0.015602,-0.072129,0.023166,1.325,1.325,0.021132,-0.022519,5232.09,双边
0.02717,0.019778,0.017922,0.018255,0.016982,0.020281,1.331,2026-07-07,0.027881,-0.001402,-0.015523,0.030308,-0.035695,1.353,1.326,-0.005878,-0.052521,0.04157,1.35,1.353,-0.01626,-0.021592,-4863.46,仅买
0.019956,0.020083,0.018219,0.019522,0.017311,0.020269,1.34,2026-07-08,0.012706,-0.014512,-0.030001,0.005287,-0.050292,1.351,1.325,-0.014804,-0.060692,0.042287,1.33,1.331,0.006762,-0.018958,5212.49,双边
0.019534,0.02026,0.018702,0.02222,0.017652,0.018851,1.323,2026-07-09,0.019089,-0.005123,-0.022041,0.006006,-0.042982,1.336,1.318,0.004498,-0.052334,0.030769,1.336,1.34,-0.012687,-0.016825,-2294.89,仅买
0.013433,0.020104,0.018843,0.017641,0.0176,0.018307,1.323,2026-07-10,0.005778,-0.014709,-0.032942,-0.008543,-0.054043,1.33,1.31,0.003794,-0.059033,0.009153,1.315,1.323,0.0,-0.015435,5272.69,双边
0.015117,0.019416,0.018959,0.016028,0.017791,0.019042,1.327,2026-07-13,0.003641,-0.011802,-0.031502,-0.008246,-0.052948,1.332,1.315,0.021622,-0.056348,-0.001509,1.323,1.323,0.003023,-0.01461,3728.97,仅买
0.01285,0.01823,0.018531,0.0138,0.017617,0.016178,1.352,2026-07-14,0.004542,-0.005285,-0.026793,-0.001355,-0.049018,1.356,1.326,0.021555,-0.066807,-0.019217,1.328,1.327,0.018839,-0.015389,0.0,未触发
0.022607,0.018489,0.018959,0.016858,0.017396,0.016708,1.374,2026-07-15,0.017689,0.015663,-0.006345,0.014254,-0.030222,1.376,1.347,0.058731,-0.041135,0.015778,1.349,1.352,0.016272,-0.014401,0.0,未触发
0.02145,0.017971,0.01918,0.018969,0.017509,0.017091,1.36,2026-07-16,0.02852,0.032656,0.011335,0.025526,-0.013758,1.38,1.356,0.056923,-0.008658,0.025373,1.374,1.374,-0.010189,-0.012139,-3688.64,仅买
0.017467,0.018103,0.019368,0.020508,0.017487,0.017898,1.352,2026-07-17,0.01432,0.022556,0.002851,0.009501,-0.023094,1.372,1.351,0.037376,-0.008023,0.027967,1.36,1.36,-0.005882,-0.009495,-49.81,仅买
0.015441,0.018502,0.019119,0.018119,0.01763,0.017963,1.394,2026-07-20,0.006327,0.016312,-0.001182,-0.000739,-0.028014,1.394,1.355,0.020377,0.004458,0.02192,1.355,1.352,0.031065,-0.006349,0.0,未触发
0.028846,0.01867,0.019224,0.020585,0.018171,0.021162,1.381,2026-07-21,0.034432,0.046586,0.030709,0.020199,0.002685,1.408,1.375,0.030303,0.024247,0.05049,1.394,1.394,-0.009326,-0.001574,5687.5,双边
0.023673,0.019042,0.019563,0.022653,0.018493,0.021375,1.396,2026-07-22,0.020997,0.035659,0.022004,0.006413,-0.006022,1.397,1.368,0.037566,0.022206,0.02145,1.377,1.381,0.010862,0.001728,5759.49,双边
0.020999,0.019188,0.019724,0.024506,0.018864,0.021285,1.409,2026-07-23,0.027831,0.04448,0.033564,0.014093,0.005341,1.41,1.387,0.041791,0.046477,0.016012,1.389,1.396,0.009312,0.004509,0.0,未触发
0.016476,0.019493,0.019798,0.020383,0.01906,0.021087,1.387,2026-07-24,0.030875,0.05063,0.043111,0.016301,0.015105,1.416,1.385,0.065004,0.069044,0.036029,1.409,1.409,-0.015614,0.008346,-5726.33,仅买
0.022001,0.020181,0.019798,0.019825,0.019366,0.022399,1.391,2026-07-27,0.01005,0.03069,0.027205,-0.004593,-9.6e-05,1.395,1.377,0.048375,0.071042,0.025888,1.385,1.387,0.002884,0.011576,3920.98,仅买
0.012978,0.020194,0.019212,0.017152,0.019086,0.019225,1.392,2026-07-28,0.008263,0.030141,0.030956,-0.001292,0.003535,1.394,1.376,0.048229,0.070824,-0.002152,1.388,1.391,0.000719,0.013777,3552.0,仅买
0.01294,0.019227,0.018858,0.015973,0.019048,0.017079,1.414,2026-07-29,0.006071,0.026511,0.032156,-0.002151,0.005163,1.419,1.391,0.029586,0.090055,0.007965,1.391,1.392,0.015805,0.016949,0.0,未触发
0.020115,0.019094,0.018532,0.015344,0.019151,0.016902,1.43,2026-07-30,0.019026,0.03837,0.047744,0.011011,0.021676,1.434,1.415,0.029112,0.087692,0.012894,1.416,1.414,0.011315,0.018855,0.0,未触发
0.013437,0.018691,0.018397,0.015497,0.019142,0.016294,1.432,2026-07-31,0.025384,0.045551,0.058058,0.01939,0.033722,1.432,1.406,0.051471,0.09077,0.014904,1.412,1.43,0.001399,0.019834,5615.49,双边
0.018182,0.018965,0.018734,0.017245,0.019067,0.01553,1.424,2026-08-03,0.020961,0.042934,0.057295,0.014308,0.035343,1.437,1.422,0.059172,0.080755,0.032444,1.423,1.432,-0.005587,0.020324,0.0,未触发
0.010475,0.017128,0.017899,0.014031,0.018525,0.01503,1.403,2026-08-04,0.01309,0.034433,0.04976,0.003948,0.029757,1.423,1.397,0.021521,0.052476,0.023724,1.422,1.424,-0.014747,0.019477,-5675.14,仅买
0.018258,0.016586,0.017814,0.015638,0.01857,0.016093,1.399,2026-08-05,-0.00341,0.016519,0.032959,-0.012389,0.015097,1.403,1.388,0.01593,0.054095,0.007902,1.399,1.403,-0.002851,0.017809,1736.6,仅买
0.010691,0.015555,0.017372,0.013142,0.018335,0.014209,1.417,2026-08-06,-0.006463,0.011459,0.028374,-0.013121,0.012753,1.421,1.395,0.002149,0.04403,-0.010608,1.398,1.399,0.012866,0.015715,0.0,未触发
0.018585,0.015766,0.017629,0.015845,0.018454,0.015238,1.414,2026-08-07,0.005749,0.021004,0.039085,0.001413,0.026043,1.417,1.403,0.005678,0.071051,-0.009091,1.414,1.417,-0.002117,0.014733,1364.51,仅买
